Peptides, PeptideUnique, RateConstants, Correlations, RootMeanRSS, AbsoluteIsotopeError, Charge, m/z(Sequence), NEH, Abundance, NDP, Rsquared,sigma,CI lower band, CI upper band
YLAEVATGEK, Yes, 0.24977, 0.995662, 0.010220, 0.015595,  2,   540.78221,  20, 42735568.000000, 12.000000, 0.990893, 0.011152, 0.225220, 0.274310
AYSEAHEISK, Yes, 0.07933, 0.871523, 0.054016, 0.067137,  2,   567.77491,  25, 16797362.000000, 12.000000, 0.674355, 0.013362, 0.049916, 0.108734
TAFDDAIAELDTLNEDSYK, Yes, 0.16328, 0.998441, 0.004979, 0.125371,  3,   710.99529,  35, 4919681.500000, 12.000000, 0.996303, 0.004305, 0.153806, 0.172757
ELEAVcQDVLSLLDNYLIK, Yes, 0.20124, 0.999305, 0.002620, 0.014200,  3,   745.72408,  31, 17829742.000000, 12.000000, 0.998595, 0.003411, 0.193732, 0.208747
NVTELNEPLSNEER, Yes, 0.02550, 0.553137, 0.053914, 0.256374,  2,   822.39718,  32, 68873000.000000, 12.000000, 0.039790, 0.006145, 0.011976, 0.039025
TAFDDAIAELDTLNEDSYK, Yes, 0.09658, 0.959621, 0.020745, 0.129311,  2,  1065.98930,  35, 2865870.500000, 11.000000, 0.907456, 0.007201, 0.080539, 0.112628
EHMQPTHPIR, Yes, 0.05851, -2.000000, 0.000000, 0.208086,  2,   623.31148,  24, 16678118.000000, 1.000000, 0.000000, inf, 0.058511, 0.058511


MeanRateConst/CorrCutOff, 0.177717, 0.900000


MedianRateConst/RMSSCutOff, 0.201240, 0.050000
StandDev/NumberPeptides, 0.005305, 4
TotalIonCurrent, 4.06825e+09
