Peptides, PeptideUnique, RateConstants, Correlations, RootMeanRSS, AbsoluteIsotopeError, Charge, m/z(Sequence), NEH, Abundance, NDP, Rsquared,sigma,CI lower band, CI upper band
QALIDMNTLFTLLK, Yes, 0.11711, 0.997999, 0.003683, 0.073891,  2,   810.95510,  17, 9520722.000000, 9.000000, 0.995893, 0.002627, 0.111054, 0.123171
ADNDAGNAAIDSLLNYETVK, Yes, 0.08306, 0.949867, 0.024983, 0.270095,  2,  1047.50290,  39, 2043486.000000, 9.000000, 0.886268, 0.009850, 0.060343, 0.105771
VLNGVSFEVPAGK, Yes, 0.11321, 0.890004, 0.038756, 0.026780,  2,   658.86408,  22, 16850106.000000, 9.000000, 0.776772, 0.018201, 0.071233, 0.155177
VQNQDSLGWDAK, Yes, 0.08213, 0.997117, 0.008791, 0.058349,  2,   680.82822,  24, 38850672.000000, 9.000000, 0.987129, 0.002862, 0.075530, 0.088728


MeanRateConst/CorrCutOff, 0.094100, 0.900000


MedianRateConst/RMSSCutOff, 0.083057, 0.050000
StandDev/NumberPeptides, 0.003608, 3
TotalIonCurrent, 1.00034e+09
