Peptides, PeptideUnique, RateConstants, Correlations, RootMeanRSS, AbsoluteIsotopeError, Charge, m/z(Sequence), NEH, Abundance, NDP, Rsquared,sigma,CI lower band, CI upper band
VGTQFIR, Yes, 0.14208, 0.983765, 0.015623, 0.050911,  2,   410.73742,  11, 119457480.000000, 12.000000, 0.959484, 0.011059, 0.117743, 0.166424
YDAAGMQNR, Yes, 0.15183, 0.932401, 0.044952, 0.067462,  2,   513.22708,  22, 8779693.000000, 12.000000, 0.828320, 0.024341, 0.098260, 0.205406
SSLLDVLAAR, Yes, 0.15577, 0.997733, 0.009341, 0.035664,  2,   522.80602,  20, 128655800.000000, 12.000000, 0.992412, 0.005479, 0.143711, 0.167831
VMSDLLPMR, Yes, 0.42964, 0.991864, 0.011187, 0.103561,  2,   531.27773,  14, 45431108.000000, 12.000000, 0.979861, 0.032597, 0.357895, 0.501387
TIIFSIHQPR, Yes, 0.12335, 0.988917, 0.016324, 0.054863,  3,   404.56802,  18, 103979360.000000, 12.000000, 0.959898, 0.008797, 0.103990, 0.142713
LFDSLTLLASGK, Yes, 0.18769, 0.998846, 0.004050, 0.049419,  2,   632.86100,  16, 85077488.000000, 12.000000, 0.997666, 0.004023, 0.178836, 0.196546
GLSGDVLINGAPQPAHFK, Yes, 0.00886, 0.160859, 0.052908, 0.216893,  2,   910.98632,  36, 8942306.000000, 12.000000, -0.200405, 0.004773, 0.000000, 1.991871
TLAEGDVLSFHHITYR, Yes, 0.07941, 0.977129, 0.018642, 0.125607,  3,   620.31972,  27, 93711776.000000, 12.000000, 0.928765, 0.006958, 0.064097, 0.094728
TLAEGDVLSFHHITYR, Yes, 0.21630, 0.994790, 0.010645, 0.037024,  4,   465.49161,  27, 57384800.000000, 12.000000, 0.982511, 0.013132, 0.187396, 0.245201
EILSDINGIMKPGLNAILGPTGGGK, Yes, 0.16160, 0.990184, 0.010564, 0.048219,  3,   822.45258,  41, 17847556.000000, 12.000000, 0.971018, 0.010961, 0.137477, 0.185725
ENLQFSAALR, Yes, 0.27315, 0.991970, 0.017634, 0.174169,  2,   574.80655,  25, 84699520.000000, 12.000000, 0.974113, 0.019695, 0.229802, 0.316497
VSSYFFGK, Yes, 0.10503, 0.988913, 0.009470, 0.103149,  2,   467.73709,  9, 43053300.000000, 12.000000, 0.974845, 0.006036, 0.091747, 0.118316
AELDQLPGAQEK, Yes, 0.20203, 0.994522, 0.014335, 0.069788,  2,   649.83296,  32, 53539980.000000, 12.000000, 0.986227, 0.010406, 0.179123, 0.224930
ccSGYVVQDDVVMGTLTVR, Yes, 0.08960, 0.829836, 0.037397, 0.302107,  2,  1080.00015,  26, 1178584.875000, 11.000000, 0.660047, 0.018030, 0.049428, 0.129775


MeanRateConst/CorrCutOff, 0.153674, 0.900000


MedianRateConst/RMSSCutOff, 0.155771, 0.050000
StandDev/NumberPeptides, 0.007773, 8
TotalIonCurrent, 1.68431e+10
