Peptides, PeptideUnique, RateConstants, Correlations, RootMeanRSS, AbsoluteIsotopeError, Charge, m/z(Sequence), NEH, Abundance, NDP, Rsquared,sigma,CI lower band, CI upper band
AAAQEHSWR, Yes, 3.15182, 0.800336, 0.074081, 0.643078,  2,   528.25448,  28, 1038657.187500, 10.000000, 0.108841, 4.540956, 1.937961, 4.365672
YQDLVVTPIQQALER, Yes, 0.09925, 0.996214, 0.008843, 0.151424,  2,   886.98069,  31, 4101480.500000, 10.000000, 0.987011, 0.003310, 0.091761, 0.106737
LIATPSNALVDEPVSIR, Yes, 0.01545, 0.847321, 0.013556, 0.161073,  2,   898.00162,  34, 14325406.000000, 10.000000, 0.682880, 0.001639, 0.011741, 0.019156
ILFIVGENDELLDSK, Yes, 0.03826, 0.958673, 0.018029, 0.473727,  2,   852.95635,  23, 32492708.000000, 10.000000, 0.890001, 0.003537, 0.030260, 0.046264
TPALGGDYVGVHPM, Yes, 0.00000, -2.000000, 0.001139, 0.228243,  2,   707.34520,  23, 28874260.000000, 10.000000, -0.348669, 0.000110, 0.000000, 2.887934
ATVKDENDNVFQSQAFYK, Yes, 0.91987, 0.984921, 0.015640, 0.449275,  3,   702.00424,  33, 7336888.000000, 10.000000, 0.934311, 0.129786, 0.626274, 1.213467


MeanRateConst/CorrCutOff, 0.509560, 0.900000


MedianRateConst/RMSSCutOff, 0.919871, 0.050000
StandDev/NumberPeptides, 0.006456, 2
TotalIonCurrent, 1.05201e+09
