Peptides, PeptideUnique, RateConstants, Correlations, RootMeanRSS, AbsoluteIsotopeError, Charge, m/z(Sequence), NEH, Abundance, NDP, Rsquared,sigma,CI lower band, CI upper band
DNNTYTVALR, Yes, 0.05366, 0.837294, 0.039863, 0.076100,  2,   583.79365,  15, 47290988.000000, 12.000000, 0.518272, 0.009205, 0.033402, 0.073924
SIEEAAAScIK, Yes, 0.11197, 0.972119, 0.035134, 0.092968,  2,   589.78970,  29, 15262472.000000, 12.000000, 0.898785, 0.012108, 0.085319, 0.138618
EVPLSAQWDISK, Yes, 0.18435, 0.969677, 0.027409, 0.103575,  2,   686.85898,  24, 17575220.000000, 12.000000, 0.909533, 0.022023, 0.135879, 0.232824
WMDTTAcLAAEK, Yes, 1.18131, 0.980956, 0.022242, 0.338126,  2,   698.81540,  22, 7369062.000000, 12.000000, 0.869042, 0.226453, 0.682888, 1.679727
SVVLPSVPSSPQYIR, Yes, 0.12337, 0.997735, 0.006505, 0.065937,  2,   814.95395,  29, 21364650.000000, 12.000000, 0.995225, 0.003402, 0.115880, 0.130855
VEAFDcQEWAEGQGR, Yes, 0.18242, 0.995011, 0.010712, 0.147998,  2,   891.38103,  39, 4066750.750000, 12.000000, 0.989518, 0.008432, 0.163859, 0.200977
IGQIITIR, Yes, 0.15658, 0.986181, 0.015094, 0.021451,  2,   457.29510,  13, 152179248.000000, 12.000000, 0.969974, 0.011199, 0.131930, 0.181229
FIENATPDGLK, Yes, 15.26520, 0.989260, 0.018530, 0.829076,  2,   602.81405,  19, 44449308.000000, 12.000000, 0.952864, 282358.468750, 14.035460, 16.494940


MeanRateConst/CorrCutOff, 0.161679, 0.900000


MedianRateConst/RMSSCutOff, 0.182418, 0.050000
StandDev/NumberPeptides, 0.007309, 4
TotalIonCurrent, 3.6899e+09
