Peptides, PeptideUnique, RateConstants, Correlations, RootMeanRSS, AbsoluteIsotopeError, Charge, m/z(Sequence), NEH, Abundance, NDP, Rsquared,sigma,CI lower band, CI upper band
DWNDMER, No, 0.11277, 0.981870, 0.019057, 0.132874,  2,   483.19271,  14, 16671128.000000, 8.000000, 0.950517, 0.012683, 0.082776, 0.142759
YPMEHGVVR, Yes, 0.07050, 0.956588, 0.031979, 0.142325,  3,   363.18329,  17, 13991450.000000, 8.000000, 0.847239, 0.014319, 0.036640, 0.104358
YcFPNYVGR, No, 0.14663, 0.980205, 0.017138, 0.234153,  2,   588.26876,  13, 32224176.000000, 8.000000, 0.904105, 0.011847, 0.118613, 0.174641
TLFSNIVLSGGSTLFK, No, 0.12614, 0.989486, 0.013770, 0.166174,  2,   842.46944,  18, 25483868.000000, 8.000000, 0.953784, 0.008538, 0.105953, 0.146332
VQYTLPDGSTLDVGPAR, Yes, 0.09142, 0.984025, 0.012390, 0.118111,  2,   894.95997,  30, 59584544.000000, 8.000000, 0.964912, 0.004303, 0.081250, 0.101599
LYSTWIGGSILASLDTFK, No, 0.12784, 0.989071, 0.010452, 0.031951,  2,   986.52494,  23, 7334160.500000, 8.000000, 0.969135, 0.011434, 0.100799, 0.154872
LYSTWIGGSILASLDTFK, No, 0.11517, 0.986830, 0.016753, 0.166603,  3,   658.01905,  23, 2415044.000000, 8.000000, 0.929179, 0.009790, 0.092022, 0.138324
DQLQTFSEEHPVLLTEAPLNPSK, Yes, 0.33530, 0.969457, 0.016694, 0.267609,  3,   865.10965,  47, 4628867.500000, 6.000000, 0.932814, 0.050270, 0.206075, 0.464520
TLFSNIVLSGGSTLFK, No, 0.16058, 0.992017, 0.008375, 0.070075,  3,   561.98205,  18, 12711924.000000, 8.000000, 0.982255, 0.006935, 0.144180, 0.176979


MeanRateConst/CorrCutOff, 0.125793, 0.900000


MedianRateConst/RMSSCutOff, 0.126142, 0.050000
StandDev/NumberPeptides, 0.007191, 7
TotalIonCurrent, 2.8487e+09
