Peptides, PeptideUnique, RateConstants, Correlations, RootMeanRSS, AbsoluteIsotopeError, Charge, m/z(Sequence), NEH, Abundance, NDP, Rsquared,sigma,CI lower band, CI upper band
TSDQIHFFFAK, Yes, 0.66322, 0.994211, 0.008398, 0.049403,  3,   447.55931,  18, 26134970.000000, 12.000000, 0.986908, 0.040768, 0.573490, 0.752950
NPVDDIcIAKPR, Yes, 0.34037, 0.974562, 0.023323, 0.080323,  3,   466.57837,  23, 14769421.000000, 12.000000, 0.921312, 0.041571, 0.248869, 0.431862
ATEEDGSEQKVPEATNR, Yes, 0.66927, 0.996043, 0.008333, 0.093536,  3,   620.95717,  43, 1772060.500000, 12.000000, 0.992101, 0.032359, 0.598052, 0.740496
DIPVNPLcIYR, Yes, 11.69022, 0.853248, 0.043330, 0.024562,  2,   680.35810,  17, 30094472.000000, 12.000000, 0.629289, 22163.171875, 11.050305, 12.330136


MeanRateConst/CorrCutOff, 3.340770, 0.900000


MedianRateConst/RMSSCutOff, 0.669274, 0.050000
StandDev/NumberPeptides, 0.050322, 4
TotalIonCurrent, 2.2289e+09
