Peptides, PeptideUnique, RateConstants, Correlations, RootMeanRSS, AbsoluteIsotopeError, Charge, m/z(Sequence), NEH, Abundance, NDP, Rsquared,sigma,CI lower band, CI upper band
AWFSEAFGK, Yes, 0.07301, 0.999794, 0.015700, 0.057539,  2,   521.75326,  17, 111692224.000000, 5.000000, 0.926458, 0.010702, 0.043294, 0.102724
EFGNTLEDK, Yes, 11.47296, 0.996079, 0.010644, 0.023092,  2,   526.74837,  15, 21439550.000000, 5.000000, 0.990623, 4092.819092, 10.394347, 12.551578
DLSGTLESIPDK, Yes, 0.58385, 0.974832, 0.025773, 0.032098,  2,   637.82735,  20, 19262398.000000, 5.000000, 0.917421, 0.064446, 0.404916, 0.762776
DLSGTLESIPDKLK, Yes, 3.49671, 0.998827, 0.006148, 0.387052,  3,   505.94700,  21, 5100021.000000, 5.000000, 0.996639, 0.859001, 1.111738, 5.881678


MeanRateConst/CorrCutOff, 5.772986, 0.900000


MedianRateConst/RMSSCutOff, 11.472962, 0.050000
StandDev/NumberPeptides, 0.022392, 2
TotalIonCurrent, 1.14418e+09
