Peptides, PeptideUnique, RateConstants, Correlations, RootMeanRSS, AbsoluteIsotopeError, Charge, m/z(Sequence), NEH, Abundance, NDP, Rsquared,sigma,CI lower band, CI upper band
VMVSISLK, Yes, 0.04416, 0.987029, 0.009524, 0.123644,  2,   438.76478,  9, 22889646.000000, 12.000000, 0.964032, 0.002474, 0.038716, 0.049606
NcFASVFEK, Yes, 10.23471, 0.896965, 0.041110, 0.437710,  2,   551.25531,  15, 54477648.000000, 12.000000, 0.039711, 4561.097168, 9.433183, 11.036233
YFQFQEEGK, Yes, 0.14949, 0.994914, 0.010934, 0.082959,  2,   588.27202,  19, 18405158.000000, 12.000000, 0.988075, 0.007033, 0.134013, 0.164974
DDETMYVESK, Yes, 0.12018, 0.988279, 0.014602, 0.114899,  2,   608.75554,  17, 18266520.000000, 12.000000, 0.975080, 0.007774, 0.103065, 0.137286
DTDAAVGDNIGYITFVLFPR, Yes, 0.02840, 0.784317, 0.037336, 0.035315,  3,   728.70391,  30, 12561272.000000, 12.000000, 0.562896, 0.006873, 0.013274, 0.043528
DTDAAVGDNIGYITFVLFPR, Yes, 0.09087, 0.987085, 0.011157, 0.100294,  2,  1092.55223,  30, 6673569.500000, 12.000000, 0.971949, 0.005599, 0.078543, 0.103190
VYGSFLVNPEPGYNVSLLYDLENLPASK, Yes, 0.08212, 0.994702, 0.004898, 0.027900,  3,  1033.52887,  45, 9911773.000000, 12.000000, 0.987471, 0.003247, 0.074970, 0.089263
YFQFQEEGKEGENR, Yes, 0.15288, 0.982975, 0.017685, 0.242657,  2,   880.89735,  34, 2282219.000000, 11.000000, 0.965928, 0.011467, 0.127331, 0.178432
DNTINLIHTFR, Yes, 0.11303, 0.906973, 0.034865, 0.367536,  2,   672.35695,  15, 2076218.125000, 12.000000, 0.822209, 0.020105, 0.068781, 0.157281


MeanRateConst/CorrCutOff, 0.119107, 0.900000


MedianRateConst/RMSSCutOff, 0.120175, 0.050000
StandDev/NumberPeptides, 0.005920, 5
TotalIonCurrent, 4.53977e+09
