Peptides, PeptideUnique, RateConstants, Correlations, RootMeanRSS, AbsoluteIsotopeError, Charge, m/z(Sequence), NEH, Abundance, NDP, Rsquared,sigma,CI lower band, CI upper band
AGAESDGQFQFTGIK, Yes, 0.05841, 0.666144, 0.069116, 0.022493,  2,   778.37300,  32, 216238448.000000, 12.000000, 0.271857, 0.014273, 0.026992, 0.089822
AGAESDGQFQFTGIK, Yes, 0.00477, 0.165719, 0.025858, 0.078782,  3,   519.25109,  32, 133578184.000000, 12.000000, -0.259667, 0.001867, 0.000662, 0.008882
AGAESDGQFQFTGIKK, Yes, 0.09299, 0.837350, 0.058731, 0.152488,  3,   561.94941,  33, 8853917.000000, 11.000000, 0.653474, 0.021485, 0.045122, 0.140864
GAESDGQFQFTGIK, Yes, 0.01710, 0.779008, 0.028973, 0.024667,  2,   742.85444,  28, 32340080.000000, 12.000000, 0.491345, 0.002809, 0.010922, 0.023285
YFNSYTLTGR, Yes, 0.07450, 0.976543, 0.014473, 0.050169,  2,   611.29857,  12, 227677104.000000, 12.000000, 0.948073, 0.005812, 0.061706, 0.087291


MeanRateConst/CorrCutOff, 0.074499, 0.900000


MedianRateConst/RMSSCutOff, 0.074499, 0.050000
StandDev/NumberPeptides, 0.005812, 1
TotalIonCurrent, 1.40944e+10
