Peptides, PeptideUnique, RateConstants, Correlations, RootMeanRSS, AbsoluteIsotopeError, Charge, m/z(Sequence), NEH, Abundance, NDP, Rsquared,sigma,CI lower band, CI upper band
DRLEGLLAFK, Yes, 0.08075, 0.996030, 0.008529, 0.069991,  3,   387.89239,  17, 28758890.000000, 12.000000, 0.990490, 0.002820, 0.074547, 0.086961
SEVPGIFcAGADLK, Yes, 0.60066, 0.979345, 0.018664, 0.031310,  2,   732.36358,  27, 29772208.000000, 12.000000, 0.956346, 0.065692, 0.456069, 0.745242
AVGLISHVLEQNQEGDAAYR, Yes, 0.08022, 0.979023, 0.017551, 0.164303,  3,   724.03442,  48, 36686140.000000, 12.000000, 0.956954, 0.006102, 0.066794, 0.093653
AIGMSLAK, Yes, 0.02991, 0.980113, 0.012997, 0.166393,  2,   395.72819,  15, 43682964.000000, 12.000000, 0.956306, 0.001657, 0.026263, 0.033556
LEGLLAFK, Yes, 0.05385, 0.972470, 0.015469, 0.311344,  2,   445.77092,  12, 9350281.000000, 12.000000, 0.939889, 0.003780, 0.045531, 0.062168
GIVVLGINR, Yes, 0.05628, 0.993171, 0.008832, 0.044882,  2,   470.80055,  13, 71397184.000000, 12.000000, 0.985372, 0.002128, 0.051600, 0.060967
SSEVKTEDELR, Yes, 0.13895, 0.970766, 0.028758, 0.188351,  3,   431.54913,  24, 2771706.750000, 12.000000, 0.938519, 0.014696, 0.106606, 0.171298


MeanRateConst/CorrCutOff, 0.061792, 0.900000


MedianRateConst/RMSSCutOff, 0.080223, 0.050000
StandDev/NumberPeptides, 0.002513, 4
TotalIonCurrent, 4.33824e+09
