Peptides, PeptideUnique, RateConstants, Correlations, RootMeanRSS, AbsoluteIsotopeError, Charge, m/z(Sequence), NEH, Abundance, NDP, Rsquared,sigma,CI lower band, CI upper band
AAATLMTER, Yes, 15.80263, 0.988419, 0.022190, 1.471328,  2,   482.25002,  21, 35815680.000000, 12.000000, 0.953796, 477634.625000, 14.370240, 17.235022
ITASMAHNR, Yes, 0.04496, 0.970098, 0.022172, 0.114631,  2,   500.75326,  21, 10818102.000000, 12.000000, 0.917423, 0.003336, 0.037617, 0.052302
ASGPGAAAQIQEVK, Yes, 0.06336, 0.995565, 0.013676, 0.021904,  2,   663.85423,  39, 115116736.000000, 12.000000, 0.982880, 0.002440, 0.057988, 0.068731
NQELQWVEAAHWIGLEENLR, Yes, 0.08419, 0.983759, 0.012006, 0.165691,  3,   812.40825,  47, 27646314.000000, 12.000000, 0.965537, 0.005355, 0.072407, 0.095982
ELELQcLDGDDAK, Yes, 0.00298, 0.624198, 0.040152, 0.422215,  2,   753.34304,  27, 4078265.000000, 11.000000, 0.109780, 0.002809, 0.000000, 2.488382
SHAEDLGNLEGVKPAVLTR, Yes, 0.06044, 0.882424, 0.040649, 0.308239,  4,   502.27208,  38, 6090549.500000, 10.000000, 0.759896, 0.009202, 0.039622, 0.081257
SHAEDLGNLEGVKPAVLTR, Yes, 0.01233, 0.837021, 0.017817, 0.364813,  3,   669.36035,  38, 7505790.500000, 12.000000, 0.688196, 0.001824, 0.008320, 0.016348
IFQDYPLQQTYAPVVMK, Yes, 0.00864, 0.841293, 0.013460, 0.399418,  2,  1021.02679,  28, 2347917.000000, 11.000000, 0.598555, 0.001592, 0.005090, 0.012185
LLVLLGPEAPHVDYTQLGR, Yes, 0.02311, 0.948282, 0.013611, 0.083766,  3,   697.72475,  34, 5518899.000000, 12.000000, 0.894844, 0.002030, 0.018639, 0.027576
IPPDSETTLVLVGR, Yes, 0.00388, 0.494669, 0.015774, 0.106159,  2,   748.91958,  22, 17292862.000000, 12.000000, 0.165148, 0.001308, 0.001002, 0.006762
SGGASEPLLPHQPSLETQLYcGQAEGGSEGPSTSGTLK, Yes, 0.00000, -2.000000, 0.001035, 0.756642,  3,  1276.60580,  85, 825621.812500, 9.000000, -33099.480469, 0.000373, 0.000000, 4.712054


MeanRateConst/CorrCutOff, 0.020147, 0.900000


MedianRateConst/RMSSCutOff, 0.023107, 0.050000
StandDev/NumberPeptides, 0.001831, 4
TotalIonCurrent, 9.40791e+09
