Peptides, PeptideUnique, RateConstants, Correlations, RootMeanRSS, AbsoluteIsotopeError, Charge, m/z(Sequence), NEH, Abundance, NDP, Rsquared,sigma,CI lower band, CI upper band
NSWGSEWGMEGYIK, Yes, 0.25569, 0.972619, 0.020238, 0.162327,  2,   822.36156,  24, 7944430.500000, 6.000000, 0.932029, 0.010997, 0.227426, 0.283961
NLDHGVLLVGYGYEGT, Yes, 0.91877, 0.994656, 0.009332, 0.103198,  2,   853.92286,  22, 24330206.000000, 6.000000, 0.986606, 0.055940, 0.774976, 1.062573
ENGGLDSEESYPYEAK, Yes, 1.33565, 0.979620, 0.022060, 0.149007,  2,   894.38393,  37, 5030515.000000, 6.000000, 0.956836, 0.235684, 0.729800, 1.941491
NLDHGVLLVGYGYEG, Yes, 0.02277, 0.413179, 0.063527, 0.166141,  2,   803.39901,  22, 6862948.000000, 6.000000, -0.511955, 0.015088, 0.000000, 2.810298


MeanRateConst/CorrCutOff, 0.836704, 0.900000


MedianRateConst/RMSSCutOff, 0.918775, 0.050000
StandDev/NumberPeptides, 0.026535, 3
TotalIonCurrent, 5.95745e+08
