Peptides, PeptideUnique, RateConstants, Correlations, RootMeanRSS, AbsoluteIsotopeError, Charge, m/z(Sequence), NEH, Abundance, NDP, Rsquared,sigma,CI lower band, CI upper band
IGNTPMVR, Yes, 11.17919, 0.947698, 0.023553, 0.227282,  2,   444.24201,  12, 50823540.000000, 12.000000, 0.897383, 7027.742676, 9.844136, 12.514241
cEFFNAGGSVK, Yes, 0.19668, 0.931917, 0.035925, 0.261309,  2,   608.27678,  19, 13643264.000000, 12.000000, 0.843301, 0.032682, 0.124748, 0.268614
SNDEDSFAFAR, Yes, 0.05150, 0.900730, 0.040052, 0.179256,  2,   629.77037,  26, 17570946.000000, 12.000000, 0.757709, 0.006733, 0.036680, 0.066317
LDMLVASAGTGGTITGIAR, Yes, 0.12320, 0.851516, 0.048322, 0.140651,  2,   902.48530,  33, 7543016.500000, 12.000000, 0.553825, 0.026176, 0.065588, 0.180814
LKNEIPNSHILDQYR, Yes, 0.01478, 0.825605, 0.020643, 0.087518,  4,   460.74824,  29, 9063175.000000, 12.000000, 0.668759, 0.002316, 0.009687, 0.019880
VQELSLSAPLTVLPTVTcEDTIAILR, Yes, 0.09636, 0.802901, 0.032978, 0.080395,  3,   947.18769,  44, 2886263.000000, 12.000000, 0.511094, 0.021666, 0.048678, 0.144052
cVVILPDSVR, Yes, 0.36618, 0.988146, 0.013668, 0.125355,  2,   579.32100,  15, 18065506.000000, 12.000000, 0.974652, 0.030761, 0.298479, 0.433888
FDSPESHVGVAWR, Yes, 0.09859, 0.985678, 0.017800, 0.065928,  3,   496.24064,  27, 49220624.000000, 12.000000, 0.969408, 0.006793, 0.083643, 0.113545
GVVTAIDLLNFVAAR, Yes, 0.05053, 0.889493, 0.032807, 0.138562,  2,   779.95122,  25, 2411878.250000, 12.000000, 0.722285, 0.006891, 0.035362, 0.065696
cTWQLGR, Yes, 8.14530, -0.320536, 0.256801, 0.994871,  2,   460.72399,  11, 95451744.000000, 11.000000, -0.353246, 6756965.000000, 5.467059, 10.823546


MeanRateConst/CorrCutOff, 0.172092, 0.900000


MedianRateConst/RMSSCutOff, 0.098594, 0.050000
StandDev/NumberPeptides, 0.009139, 3
TotalIonCurrent, 3.80058e+09
