Peptides, PeptideUnique, RateConstants, Correlations, RootMeanRSS, AbsoluteIsotopeError, Charge, m/z(Sequence), NEH, Abundance, NDP, Rsquared,sigma,CI lower band, CI upper band
VTDMFTDQEK, Yes, 0.05357, 0.915814, 0.024096, 0.105293,  2,   607.27391,  14, 7699783.000000, 10.000000, 0.830314, 0.006647, 0.038536, 0.068611
QLIEATNEFAK, Yes, 0.09740, 0.955953, 0.027566, 0.136930,  2,   632.33259,  24, 7411841.000000, 10.000000, 0.904940, 0.009485, 0.075943, 0.118857
TQAQTIVSVLSTLSNVSLDTIYK, Yes, 0.08025, 0.998916, 0.002503, 0.022516,  3,   827.78640,  33, 8343076.000000, 10.000000, 0.997533, 0.001208, 0.077522, 0.082988
AQQEITVQQLMAHLDSIR, Yes, 0.76036, 0.865700, 0.049096, 0.051027,  3,   694.36511,  43, 20769360.000000, 10.000000, 0.478631, 0.282484, 0.121337, 1.399384


MeanRateConst/CorrCutOff, 0.077076, 0.900000


MedianRateConst/RMSSCutOff, 0.080255, 0.050000
StandDev/NumberPeptides, 0.002769, 3
TotalIonCurrent, 1.55383e+09
