Peptides, PeptideUnique, RateConstants, Correlations, RootMeanRSS, AbsoluteIsotopeError, Charge, m/z(Sequence), NEH, Abundance, NDP, Rsquared,sigma,CI lower band, CI upper band
DHASNIYK, Yes, 0.14530, 0.990257, 0.015991, 0.117275,  2,   474.23269,  15, 14417661.000000, 9.000000, 0.965537, 0.008029, 0.126783, 0.163812
YHQSGHEGVSSAVDK, Yes, 0.20918, 0.996783, 0.008546, 0.068743,  4,   400.93921,  33, 6505130.500000, 9.000000, 0.993198, 0.006514, 0.194162, 0.224202
YHQSGHEGVSSAVDK, Yes, 0.05201, 0.678939, 0.059969, 0.089125,  3,   534.24986,  33, 16319511.000000, 9.000000, 0.450100, 0.010455, 0.027900, 0.076117
YHQSGHEGVSSAVDK, Yes, 0.07267, 0.638898, 0.061898, 0.073317,  2,   800.87115,  33, 5232773.000000, 9.000000, 0.267076, 0.013692, 0.041091, 0.104240


MeanRateConst/CorrCutOff, 0.177240, 0.900000


MedianRateConst/RMSSCutOff, 0.209182, 0.050000
StandDev/NumberPeptides, 0.007192, 2
TotalIonCurrent, 5.94423e+08
