Peptides, PeptideUnique, RateConstants, Correlations, RootMeanRSS, AbsoluteIsotopeError, Charge, m/z(Sequence), NEH, Abundance, NDP, Rsquared,sigma,CI lower band, CI upper band
VAIIESYK, Yes, 0.21152, 0.990432, 0.013805, 0.044857,  2,   461.76583,  14, 40746992.000000, 11.000000, 0.974741, 0.014074, 0.180161, 0.242880
EVVLEEGTTAFK, Yes, 1.64329, 0.996837, 0.007994, 0.513319,  2,   661.84555,  20, 22977016.000000, 11.000000, 0.990627, 0.142311, 1.326207, 1.960382
QFWIFDVQNPDDVAK, Yes, 0.07004, 0.949972, 0.021646, 0.130979,  2,   911.44396,  25, 23212890.000000, 11.000000, 0.899344, 0.006642, 0.055242, 0.084841
TYLDVEPITGFTLQFAK, Yes, 0.19452, 0.652159, 0.061908, 0.045879,  3,   648.34354,  23, 2604900.750000, 11.000000, 0.332149, 0.076822, 0.023346, 0.365687
TYLDVEPITGFTLQFAK, Yes, 0.32895, 0.988514, 0.010638, 0.122449,  2,   972.01167,  23, 2993575.000000, 11.000000, 0.971278, 0.026396, 0.270137, 0.387765


MeanRateConst/CorrCutOff, 0.727922, 0.900000


MedianRateConst/RMSSCutOff, 0.328951, 0.050000
StandDev/NumberPeptides, 0.025870, 3
TotalIonCurrent, 1.97662e+09
