Peptides, PeptideUnique, RateConstants, Correlations, RootMeanRSS, AbsoluteIsotopeError, Charge, m/z(Sequence), NEH, Abundance, NDP, Rsquared,sigma,CI lower band, CI upper band
FPVGAALLTGDGR, Yes, 0.25021, 0.997750, 0.007477, 0.031276,  2,   637.34860,  24, 126619704.000000, 12.000000, 0.995205, 0.008315, 0.231913, 0.268515
EFGTDWAVYMTK, Yes, 0.09068, 0.895213, 0.029879, 0.404444,  2,   724.33175,  15, 4652828.500000, 12.000000, 0.718636, 0.015197, 0.057226, 0.124125
TVQELLPASFGPEDLQK, Yes, 0.27985, 0.982089, 0.016582, 0.159952,  3,   624.66315,  34, 27374928.000000, 12.000000, 0.961287, 0.025497, 0.223734, 0.335970
TVQELLPASFGPEDLQK, Yes, 0.06522, 0.976583, 0.017865, 0.150655,  2,   936.49109,  34, 50226592.000000, 12.000000, 0.934628, 0.004884, 0.054472, 0.075970
AIAISSDLQEEFISPcGAcR, Yes, 0.18911, 0.997993, 0.006667, 0.140517,  3,   742.01727,  48, 13525799.000000, 12.000000, 0.993713, 0.006633, 0.174512, 0.203709
AIAISSDLQEEFISPcGAcR, Yes, 0.16124, 0.995753, 0.008405, 0.132298,  2,  1112.52227,  48, 6791684.500000, 12.000000, 0.989366, 0.006864, 0.146134, 0.176350
EFGTDWAVYMTKPDGTFVVR, Yes, 0.20215, 0.999008, 0.003131, 0.042481,  3,   773.70867,  26, 73748056.000000, 12.000000, 0.996956, 0.005010, 0.191127, 0.213181
EFGTDWAVYMTKPDGTFVVR, Yes, 0.04387, 0.902361, 0.029893, 0.133343,  2,  1160.05937,  26, 1899479.625000, 8.000000, 0.621482, 0.016560, 0.004711, 0.083028
IFSGcNIENAcYPLGVcAER, Yes, 0.12577, 0.983463, 0.016369, 0.062989,  2,  1165.52175,  41, 5808830.000000, 12.000000, 0.949205, 0.011208, 0.101104, 0.150441
IFSGcNIENAcYPLGVcAER, Yes, 0.14500, 0.994507, 0.011316, 0.062745,  3,   777.35026,  41, 15569148.000000, 12.000000, 0.974613, 0.009200, 0.124749, 0.165248
AISEGYKDFR, Yes, 0.26144, 0.991145, 0.014798, 0.032603,  3,   395.86813,  20, 9565093.000000, 12.000000, 0.980329, 0.018300, 0.221159, 0.301713
PScAVEPEHVQR, Yes, 0.20504, 0.993887, 0.013933, 0.019648,  3,   470.22611,  32, 9136178.000000, 12.000000, 0.984762, 0.011024, 0.180775, 0.229302


MeanRateConst/CorrCutOff, 0.202202, 0.900000


MedianRateConst/RMSSCutOff, 0.202154, 0.050000
StandDev/NumberPeptides, 0.009011, 9
TotalIonCurrent, 1.12077e+10
