Peptides, PeptideUnique, RateConstants, Correlations, RootMeanRSS, AbsoluteIsotopeError, Charge, m/z(Sequence), NEH, Abundance, NDP, Rsquared,sigma,CI lower band, CI upper band
TSNFNADFALK, Yes, 0.01537, 0.933688, 0.013095, 0.056030,  2,   614.30385,  18, 17777894.000000, 12.000000, 0.852994, 0.001367, 0.012359, 0.018378
MSPIYNLIPLK, Yes, 0.03771, 0.917873, 0.031212, 0.181424,  2,   644.87030,  14, 28539382.000000, 12.000000, 0.474045, 0.006769, 0.022809, 0.052607
AVEDYIDEFSTK, Yes, 0.02072, 0.884634, 0.020312, 0.096690,  2,   708.83009,  21, 8275831.500000, 12.000000, 0.748087, 0.002394, 0.015446, 0.025985
DNIIDDVISFIR, Yes, 0.01751, 0.948574, 0.011117, 0.063309,  2,   710.37755,  18, 17673126.000000, 12.000000, 0.890257, 0.001352, 0.014532, 0.020485
TPFDNEFYNGLcDR, Yes, 0.01402, 0.860414, 0.015504, 0.161369,  2,   874.37267,  23, 7760227.500000, 12.000000, 0.554004, 0.001832, 0.009992, 0.018055
TDFANWASSLANAPALISQR, Yes, 0.05120, 0.674110, 0.055779, 0.245387,  3,   711.69562,  46, 4243757.500000, 12.000000, -0.240500, 0.012635, 0.023387, 0.079004
TDFANWASSLANAPALISQR, Yes, 0.06489, 0.984760, 0.016332, 0.335578,  2,  1067.03979,  46, 26722150.000000, 12.000000, 0.942988, 0.004617, 0.054726, 0.075048
VAEESELGLTAGYGINILGMEPLR, Yes, 0.00000, -2.000000, 0.001118, 0.264663,  3,   844.77198,  49, 3720514.750000, 12.000000, -372.910004, 0.000114, 0.000000, 3.726326
SILAFGQFNGK, Yes, 0.03299, 0.953723, 0.020328, 0.139263,  2,   591.31930,  19, 9937498.000000, 12.000000, 0.896611, 0.002929, 0.026543, 0.039435


MeanRateConst/CorrCutOff, 0.032588, 0.900000


MedianRateConst/RMSSCutOff, 0.017509, 0.050000
StandDev/NumberPeptides, 0.001778, 3
TotalIonCurrent, 2.27244e+09
