Peptides, PeptideUnique, RateConstants, Correlations, RootMeanRSS, AbsoluteIsotopeError, Charge, m/z(Sequence), NEH, Abundance, NDP, Rsquared,sigma,CI lower band, CI upper band
FGVAEPR, Yes, 0.07921, 0.997635, 0.008387, 0.053990,  2,   388.20849,  16, 511083424.000000, 12.000000, 0.992704, 0.002241, 0.074282, 0.084148
AGIFQSAK, Yes, 0.08725, 0.995751, 0.011351, 0.017467,  2,   411.22942,  18, 717597760.000000, 12.000000, 0.988117, 0.003204, 0.080199, 0.094302
NYDSMKDFEEMR, Yes, 0.10974, 0.996778, 0.007922, 0.057173,  2,   782.82395,  23, 32279554.000000, 12.000000, 0.991562, 0.004034, 0.100864, 0.118623
NYDSMKDFEEMR, Yes, 0.08403, 0.996315, 0.007841, 0.049905,  3,   522.21839,  23, 151942112.000000, 12.000000, 0.990287, 0.002944, 0.077546, 0.090507
NYDSMKDFEEMRK, Yes, 0.08446, 0.994936, 0.007999, 0.058628,  4,   423.93935,  23, 92341480.000000, 12.000000, 0.988685, 0.003265, 0.077274, 0.091646
NYDSMKDFEEMRK, Yes, 0.07983, 0.997297, 0.007450, 0.079043,  3,   564.91671,  23, 54802252.000000, 12.000000, 0.990433, 0.002859, 0.073537, 0.086121
NYDSMKDFEEMRK, Yes, 0.06114, 0.992928, 0.011143, 0.182883,  2,   846.87143,  23, 8866953.000000, 12.000000, 0.975449, 0.003252, 0.053987, 0.068303
KAGIFQSAK, Yes, 0.08734, 0.995200, 0.023659, 0.065377,  2,   475.27690,  19, 12096273.000000, 12.000000, 0.960421, 0.006990, 0.071954, 0.102723


MeanRateConst/CorrCutOff, 0.079321, 0.900000


MedianRateConst/RMSSCutOff, 0.084026, 0.050000
StandDev/NumberPeptides, 0.002911, 6
TotalIonCurrent, 3.39353e+10
