Peptides, PeptideUnique, RateConstants, Correlations, RootMeanRSS, AbsoluteIsotopeError, Charge, m/z(Sequence), NEH, Abundance, NDP, Rsquared,sigma,CI lower band, CI upper band
FGDIVPVNLPR, Yes, 0.00000, -2.000000, 0.031759, 0.213226,  2,   613.84823,  17, 77942968.000000, 9.000000, -0.315763, 0.003239, 0.000000, 2.908955
GTILLPNMSSMLK, Yes, 0.23189, 0.887595, 0.034341, 0.153815,  2,   702.88308,  17, 5374794.000000, 9.000000, 0.723517, 0.030496, 0.161560, 0.302210
SFIAILDNLLTENR, Yes, 0.49954, 0.992513, 0.011834, 0.137098,  2,   809.94357,  23, 3454267.000000, 9.000000, 0.978773, 0.027713, 0.435638, 0.563451
GNPESSFNDENLLMVVR, Yes, 0.24813, 0.944816, 0.032874, 0.374947,  2,   960.95963,  32, 1709869.625000, 8.000000, 0.844892, 0.028809, 0.180010, 0.316256


MeanRateConst/CorrCutOff, 0.499544, 0.900000


MedianRateConst/RMSSCutOff, 0.499545, 0.050000
StandDev/NumberPeptides, 0.027713, 1
TotalIonCurrent, 4.44243e+08
