Peptides, PeptideUnique, RateConstants, Correlations, RootMeanRSS, AbsoluteIsotopeError, Charge, m/z(Sequence), NEH, Abundance, NDP, Rsquared,sigma,CI lower band, CI upper band
FGPVFTLH, Yes, 0.07948, 0.876026, 0.026834, 0.056923,  2,   459.24763,  9, 11659124.000000, 11.000000, 0.716571, 0.011279, 0.054353, 0.104613
YGLLILMK, Yes, 0.20382, 0.988731, 0.008672, 0.101179,  2,   475.79079,  6, 15840989.000000, 11.000000, 0.967477, 0.017842, 0.164067, 0.243576
SLDINcPR, Yes, 13.86759, 0.992512, 0.016071, 0.362340,  2,   487.73983,  15, 23115232.000000, 11.000000, 0.966805, 60623.867188, 13.205540, 14.529634
FGNIFQLDLK, Yes, 0.77936, 0.991421, 0.009010, 0.068006,  2,   597.82950,  13, 14763830.000000, 11.000000, 0.981836, 0.062224, 0.640716, 0.918005
DIDLSPVTIGFGSIPR, Yes, 1.08949, 0.986409, 0.013829, 0.046792,  2,   843.95670,  26, 17471918.000000, 11.000000, 0.964064, 0.131399, 0.796712, 1.382264
DIDLSPVTIGFGSIPR, Yes, 0.95666, 0.926289, 0.036731, 0.099552,  3,   562.97356,  26, 1796319.750000, 10.000000, 0.761455, 0.287565, 0.306145, 1.607178
FINLVPSNLPHEATR, Yes, 0.00027, -0.076637, 0.061079, 0.072689,  3,   569.97740,  29, 58707068.000000, 11.000000, -0.062825, 0.007059, 0.000000, 4.028421
FGPVFTLHLGQR, Yes, 0.90480, 0.776612, 0.053688, 0.185963,  3,   457.92258,  19, 6809372.500000, 11.000000, 0.548083, 0.395643, 0.023258, 1.786352


MeanRateConst/CorrCutOff, 0.744369, 0.900000


MedianRateConst/RMSSCutOff, 0.904805, 0.050000
StandDev/NumberPeptides, 0.048629, 4
TotalIonCurrent, 1.97697e+09
