Peptides, PeptideUnique, RateConstants, Correlations, RootMeanRSS, AbsoluteIsotopeError, Charge, m/z(Sequence), NEH, Abundance, NDP, Rsquared,sigma,CI lower band, CI upper band
LVENcVcLLR, Yes, 0.46119, 0.946581, 0.024595, 0.147979,  2,   638.33103,  15, 9876145.000000, 12.000000, 0.892800, 0.078835, 0.287676, 0.634706
QDVYGPQPQVR, Yes, 0.03618, 0.929681, 0.026430, 0.084586,  2,   643.82803,  25, 31388474.000000, 12.000000, 0.851240, 0.003565, 0.028339, 0.044030
GIPILVGLLDHPK, Yes, 0.23246, 0.992049, 0.010365, 0.096489,  3,   457.95013,  18, 13881271.000000, 12.000000, 0.983713, 0.013597, 0.202532, 0.262384
SLDNNYSTLNER, Yes, 0.52048, 0.909787, 0.038156, 0.328427,  2,   713.33385,  21, 2602726.500000, 10.000000, 0.783190, 0.118947, 0.251403, 0.789556
GYELLFQPEVVR, Yes, 14.74904, 0.776599, 0.063531, 0.546066,  2,   725.39045,  22, 14881448.000000, 12.000000, -7.039511, 628851.625000, 13.308425, 16.189657
HIEWESVLTNTAGcLR, Yes, 3.09337, 0.997130, 0.008516, 0.970211,  3,   629.31235,  29, 34640596.000000, 12.000000, 0.985543, 0.781104, 1.374173, 4.812569
HYEDGYPGGSDNYGSLSR, Yes, 0.24789, 0.996178, 0.008234, 0.137979,  3,   658.61352,  36, 5343601.000000, 12.000000, 0.990916, 0.010834, 0.224043, 0.271733
SMGYDDLDYGMMSDYGTAR, Yes, 0.30750, 0.991451, 0.010504, 0.201228,  2,  1074.42137,  31, 2264659.000000, 9.000000, 0.978958, 0.023706, 0.252832, 0.362167
YQEALPTVANSTGPHAAScFGAK, Yes, 0.26567, 0.955168, 0.029254, 0.216482,  3,   793.04622,  51, 2219631.250000, 8.000000, 0.792032, 0.040701, 0.169423, 0.361909
TVQPVPMGPDGLPVDASAVSNNYIQTLGR, Yes, 0.43235, 0.597038, 0.043243, 0.435634,  3,   999.50972,  55, 5130452.500000, 12.000000, -3.142392, 0.190048, 0.014058, 0.850643


MeanRateConst/CorrCutOff, 0.263378, 0.900000


MedianRateConst/RMSSCutOff, 0.265666, 0.050000
StandDev/NumberPeptides, 0.017197, 4
TotalIonCurrent, 3.55531e+09
