Peptides, PeptideUnique, RateConstants, Correlations, RootMeanRSS, AbsoluteIsotopeError, Charge, m/z(Sequence), NEH, Abundance, NDP, Rsquared,sigma,CI lower band, CI upper band
VEGSEPSVTYYR, Yes, 0.10534, 0.996373, 0.009264, 0.058523,  2,   693.83043,  23, 174769840.000000, 12.000000, 0.990910, 0.003844, 0.096883, 0.113802
NSAEETWMVIHGR, Yes, 0.27355, 0.996230, 0.009706, 0.072471,  2,   765.36190,  27, 113492640.000000, 12.000000, 0.988757, 0.013407, 0.244041, 0.303056
NSAEETWMVIHGR, Yes, 0.10633, 0.997048, 0.009048, 0.099628,  3,   510.57702,  27, 148721200.000000, 12.000000, 0.990224, 0.003901, 0.097743, 0.114917
QYYIGDVHPSDLKPK, Yes, 0.03800, 0.809639, 0.034611, 0.198205,  2,   880.45431,  24, 11292735.000000, 11.000000, 0.645343, 0.006422, 0.023692, 0.052312
FLSEHPGGEEVLLEQAGADATESFEDVGHSPDAR, Yes, 0.06240, 0.857876, 0.010692, 0.100668,  4,   899.91575,  83, 16446994.000000, 7.000000, 0.671929, 0.010151, 0.037563, 0.087241


MeanRateConst/CorrCutOff, 0.136906, 0.900000


MedianRateConst/RMSSCutOff, 0.106330, 0.050000
StandDev/NumberPeptides, 0.005800, 4
TotalIonCurrent, 1.7265e+10
