Peptides, PeptideUnique, RateConstants, Correlations, RootMeanRSS, AbsoluteIsotopeError, Charge, m/z(Sequence), NEH, Abundance, NDP, Rsquared,sigma,CI lower band, CI upper band
HAIPIIK, Yes, 0.15565, -2.000000, 0.000000, 0.334414,  2,   396.26052,  13, 28149332.000000, 1.000000, 0.000000, inf, 0.155646, 0.155646
VGSTSENITQK, Yes, 0.33032, -2.000000, 0.000000, 0.533795,  2,   582.29876,  19, 7679688.000000, 1.000000, 0.000000, inf, 0.330318, 0.330318
GcHLLVATPGR, Yes, 2.50830, 1.000000, 0.214572, 0.739872,  3,   394.21337,  20, 8069424.000000, 2.000000, -454.562134, 0.161130, 0.460950, 4.555658
DLMAcAQTGSGK, Yes, 0.39985, 1.000000, 0.007908, 0.633739,  2,   619.77883,  24, 5428749.500000, 2.000000, 0.121514, 0.054292, 0.000000, 1.784404
SFLLDLLNATGK, Yes, 0.79653, 1.000000, 0.001656, 0.458434,  2,   646.36644,  15, 24872238.000000, 2.000000, -1.358947, 0.396524, 0.000000, 11.310499
ELAVQIYEEAR, Yes, 2.49204, -2.000000, 0.022972, 0.819060,  2,   660.84332,  29, 5809385.500000, 2.000000, -19.621029, 44613.363281, 1.236262, 3.747808
QYPISLVLAPTR, Yes, 0.12916, -0.224964, 0.044233, 0.455225,  2,   679.39554,  22, 18955588.000000, 4.000000, -26.600702, 0.061118, 0.000000, 0.832525
LEQELFSGGNTGINFEK, Yes, 0.41721, 1.000000, 0.007554, 0.704853,  2,   941.96270,  31, 3260907.250000, 3.000000, 0.243039, 0.121186, 0.139621, 0.694803
HVINFDLPSDIEEYVHR, Yes, 0.41409, 1.000000, 0.002705, 0.809838,  4,   521.51154,  32, 430078.750000, 2.000000, 0.969501, 0.024920, 0.097460, 0.730729
DFLDEYIFLAVGR, Yes, 1.25981, -2.000000, 0.021893, 0.709229,  2,   779.40102,  21, 4854437.000000, 2.000000, -7549.265137, 109733.726562, 0.000000, 8.126854
IGLDFcK, Yes, 0.46346, -2.000000, 0.006119, 0.403729,  2,   426.71784,  8, 9540508.000000, 1.000000, 0.000000, inf, 0.463459, 0.463459
SPILVATAVAAR, Yes, 0.06638, -2.000000, 0.000000, 0.689723,  2,   584.85605,  27, 8790937.000000, 1.000000, 0.000000, inf, 0.066383, 0.066383


MeanRateConst/CorrCutOff, 0.506920, 0.900000


MedianRateConst/RMSSCutOff, 0.417212, 0.050000
StandDev/NumberPeptides, 0.058930, 4
TotalIonCurrent, 1.1813e+09
