Peptides, PeptideUnique, RateConstants, Correlations, RootMeanRSS, AbsoluteIsotopeError, Charge, m/z(Sequence), NEH, Abundance, NDP, Rsquared,sigma,CI lower band, CI upper band
FDAVVGYK, Yes, 68.78338, 0.962876, 0.018648, 0.039549,  2,   449.73709,  10, 46422716.000000, 12.000000, 0.915343, -nan(ind), 0.000000, 0.000000
LTAYEFAK, Yes, 0.11813, 0.978979, 0.022752, 0.029953,  2,   471.75018,  14, 392130720.000000, 12.000000, 0.915011, 0.011818, 0.092115, 0.144139
QMIFVPSSIALLTVLER, Yes, 0.31924, 0.998821, 0.003710, 0.056107,  2,   959.04752,  29, 7491047.500000, 12.000000, 0.997523, 0.007913, 0.301827, 0.336660
QMIFVPSSIALLTVLER, Yes, 0.28452, 0.997425, 0.005915, 0.063817,  3,   639.70077,  29, 3110781.750000, 12.000000, 0.993399, 0.010894, 0.260537, 0.308494
SVAGEIVLITGAGHGIGR, Yes, 0.29339, 0.996246, 0.013727, 0.061431,  3,   569.65645,  36, 29297176.000000, 12.000000, 0.978328, 0.019589, 0.250278, 0.336508
ALTDELAALGR, Yes, 0.38420, 0.998015, 0.008360, 0.022920,  2,   565.31421,  25, 37706604.000000, 12.000000, 0.994569, 0.014060, 0.353258, 0.415149


MeanRateConst/CorrCutOff, 0.320339, 0.900000


MedianRateConst/RMSSCutOff, 0.293393, 0.050000
StandDev/NumberPeptides, 0.011753, 4
TotalIonCurrent, 1.21837e+10
