Peptides, PeptideUnique, RateConstants, Correlations, RootMeanRSS, AbsoluteIsotopeError, Charge, m/z(Sequence), NEH, Abundance, NDP, Rsquared,sigma,CI lower band, CI upper band
TLAPGLFFR, Yes, 0.06652, 0.999330, 0.001124, 0.054711,  2,   511.29510,  14, 28833952.000000, 3.000000, 0.991164, 0.002721, 0.054815, 0.078233
VMEINYFGPVALTK, Yes, 0.82244, 0.999878, 0.002732, 0.154110,  2,   791.42090,  19, 7920966.000000, 3.000000, 0.998546, 0.026240, 0.709542, 0.935341
VTVISPGYIHTNLSVNAVTADGSR, Yes, 0.32411, 1.000000, 0.001524, 0.133327,  3,   824.43448,  40, 2640589.000000, 2.000000, 0.996849, 0.014425, 0.140819, 0.507391


MeanRateConst/CorrCutOff, 0.404357, 0.900000


MedianRateConst/RMSSCutOff, 0.324105, 0.050000
StandDev/NumberPeptides, 0.006317, 3
TotalIonCurrent, 2.18639e+08
