Peptides, PeptideUnique, RateConstants, Correlations, RootMeanRSS, AbsoluteIsotopeError, Charge, m/z(Sequence), NEH, Abundance, NDP, Rsquared,sigma,CI lower band, CI upper band
GISPVPINLR, No, 0.07908, 0.985948, 0.015091, 0.088567,  2,   533.32438,  18, 21512488.000000, 11.000000, 0.965875, 0.004342, 0.069410, 0.088759
YMLPLDNLK, Yes, 0.01612, 0.883580, 0.010010, 0.542322,  2,   553.79934,  10, 57495460.000000, 11.000000, 0.744636, 0.001674, 0.012390, 0.019851
SSVLENFVGR, No, 0.09618, 0.947637, 0.032259, 0.059179,  2,   554.29329,  18, 36461644.000000, 11.000000, 0.807680, 0.011638, 0.070247, 0.122108
FFLSHPAYR, Yes, 0.06759, 0.980951, 0.014681, 0.102904,  3,   379.86618,  17, 10248732.000000, 11.000000, 0.959684, 0.004055, 0.058556, 0.076626
GMEELIPLVNK, Yes, 0.17252, 0.992772, 0.011871, 0.132896,  2,   621.84174,  18, 7947569.500000, 11.000000, 0.983610, 0.009978, 0.150286, 0.194751
NLVDSYVAIINK, Yes, 0.70015, 0.977874, 0.017384, 0.112598,  2,   674.87717,  16, 15339379.000000, 11.000000, 0.933485, 0.095701, 0.486910, 0.913381
IEGSGDQVDTLELSGGAR, Yes, 0.00799, 0.648453, 0.011359, 0.260398,  2,   902.43960,  39, 1696834.750000, 7.000000, 0.376506, 0.001415, 0.004529, 0.011456
QIELAcDSQEDVDSWK, Yes, 0.02824, 0.913205, 0.025526, 0.273842,  2,   961.92546,  35, 1467641.625000, 6.000000, 0.648804, 0.008383, 0.006693, 0.049794
VYSPHVLNLTLIDLPGITK, Yes, 0.24230, 0.996533, 0.005470, 0.116359,  3,   698.40502,  23, 3955415.250000, 11.000000, 0.992117, 0.010025, 0.219963, 0.264639
VLNLTLIDLPGITK, Yes, 0.28614, 0.995096, 0.006639, 0.117314,  2,   755.46616,  14, 14281523.000000, 11.000000, 0.989647, 0.014421, 0.254006, 0.318269


MeanRateConst/CorrCutOff, 0.145979, 0.900000


MedianRateConst/RMSSCutOff, 0.172519, 0.050000
StandDev/NumberPeptides, 0.006816, 6
TotalIonCurrent, 2.25448e+09
