Peptides, PeptideUnique, RateConstants, Correlations, RootMeanRSS, AbsoluteIsotopeError, Charge, m/z(Sequence), NEH, Abundance, NDP, Rsquared,sigma,CI lower band, CI upper band
YYLcLQLR, No, 0.12974, 0.983772, 0.017473, 0.094236,  2,   564.79714,  11, 17369626.000000, 12.000000, 0.944942, 0.013622, 0.099759, 0.159722
AETMTVSSLAIR, Yes, 0.03211, 0.946488, 0.020923, 0.080867,  2,   639.83973,  24, 29640450.000000, 12.000000, 0.877924, 0.002702, 0.026165, 0.038058
FYPPDPAQLTEDITR, No, 0.04255, 0.782046, 0.041604, 0.085993,  2,   881.93596,  29, 16447184.000000, 12.000000, 0.280401, 0.007901, 0.025164, 0.059944
DVLTSTYGATAETLSTSTTTHVTK, Yes, 0.14678, 0.956147, 0.019561, 0.095022,  3,   829.08167,  31, 6097540.000000, 12.000000, 0.889693, 0.018707, 0.105604, 0.187953
VSAADSTQVDGGTPMVK, Yes, 0.23354, 0.995223, 0.011143, 0.124338,  2,   831.90381,  31, 4242686.500000, 9.000000, 0.986329, 0.011975, 0.205922, 0.261150
SSPWNFAFTVK, Yes, 0.02044, 0.675615, 0.030112, 0.433482,  2,   642.32459,  15, 20995886.000000, 12.000000, 0.408599, 0.004256, 0.011069, 0.029804


MeanRateConst/CorrCutOff, 0.135542, 0.900000


MedianRateConst/RMSSCutOff, 0.146779, 0.050000
StandDev/NumberPeptides, 0.006890, 4
TotalIonCurrent, 2.5397e+09
