Peptides, PeptideUnique, RateConstants, Correlations, RootMeanRSS, AbsoluteIsotopeError, Charge, m/z(Sequence), NEH, Abundance, NDP, Rsquared,sigma,CI lower band, CI upper band
IILLFDAHK, No, 0.09652, 0.997758, 0.011997, 0.096624,  3,   357.21833,  12, 62645692.000000, 11.000000, 0.972116, 0.004879, 0.085655, 0.107395
VYGALMWSLGK, No, 0.13920, 0.996478, 0.012863, 0.053846,  2,   612.82590,  14, 268742176.000000, 11.000000, 0.971422, 0.008211, 0.120909, 0.157500
ADQIETQQLMR, No, 0.23240, 0.963798, 0.031910, 0.064940,  2,   666.83244,  28, 24607778.000000, 11.000000, 0.927471, 0.026465, 0.173428, 0.291365
HLIEQDFPGMR, Yes, 0.41494, 0.736071, 0.080513, 0.100299,  2,   671.83225,  23, 10550229.000000, 11.000000, 0.409655, 0.179639, 0.014683, 0.815202
LLDTVDDMLANDIAR, Yes, 0.19667, 0.987891, 0.016045, 0.145159,  3,   558.95042,  25, 4789871.000000, 11.000000, 0.971032, 0.013635, 0.166292, 0.227053
VYIGSFWSHPLLIPDNR, No, 0.09904, 0.989495, 0.009697, 0.062088,  3,   672.02302,  27, 30666752.000000, 11.000000, 0.975805, 0.004299, 0.089461, 0.108617
IILLFDAH, No, 0.12860, 0.915934, 0.035382, 0.192066,  2,   471.27637,  12, 1753722.250000, 10.000000, 0.815734, 0.019015, 0.085585, 0.171615
LNAFGNAFLNR, No, 0.01991, 0.804471, 0.025560, 0.208485,  2,   618.82782,  21, 70468632.000000, 11.000000, 0.580849, 0.002533, 0.014269, 0.025555
MQELLQTQDFSK, Yes, 0.61808, 0.972064, 0.020407, 0.316194,  2,   734.36104,  23, 12953233.000000, 11.000000, 0.932272, 0.082334, 0.434627, 0.801530
LDISDEFSEVIK, No, 0.04983, 0.870774, 0.031841, 0.116692,  2,   697.85611,  20, 32481790.000000, 11.000000, 0.698636, 0.005691, 0.037147, 0.062508
EPELFQTVAEGLR, Yes, 1.67575, 0.911956, 0.043380, 1.099594,  2,   744.88827,  30, 16950542.000000, 11.000000, 0.776412, 0.711745, 0.089886, 3.261618
LLDTVDDMLANDIAR, Yes, 0.05531, 0.969252, 0.025258, 0.147310,  2,   837.92199,  25, 13244081.000000, 11.000000, 0.829177, 0.008711, 0.035898, 0.074716


MeanRateConst/CorrCutOff, 0.097519, 0.900000


MedianRateConst/RMSSCutOff, 0.099039, 0.050000
StandDev/NumberPeptides, 0.005626, 4
TotalIonCurrent, 1.03294e+10
