Peptides, PeptideUnique, RateConstants, Correlations, RootMeanRSS, AbsoluteIsotopeError, Charge, m/z(Sequence), NEH, Abundance, NDP, Rsquared,sigma,CI lower band, CI upper band
LAGFLDLTEQEFR, Yes, 1.47685, 0.951910, 0.031368, 0.530349,  2,   769.89610,  25, 5559748.500000, 8.000000, 0.898986, 0.475025, 0.353594, 2.600103
VYEIQDIYENSWTK, Yes, 0.06255, 0.990160, 0.010763, 0.165854,  2,   894.42795,  22, 5612655.500000, 6.000000, 0.798080, 0.015884, 0.021722, 0.103384
VFSDEVQQQAQLSTIR, Yes, 0.27954, 0.952216, 0.029128, 0.059872,  2,   924.97615,  37, 3277023.000000, 8.000000, 0.899121, 0.034586, 0.197754, 0.361320
QYEQQTYQVIPEVIK, Yes, 0.08956, 0.967301, 0.019700, 0.231083,  2,   933.48581,  30, 4228637.000000, 8.000000, 0.886282, 0.006111, 0.075109, 0.104011
QLEVYTSGGDPESVAGEYGR, Yes, 0.12313, 0.897273, 0.014380, 0.172666,  2,  1057.48727,  43, 2650519.750000, 4.000000, 0.751204, 0.022962, 0.050051, 0.196200
FLSPVVPNYDNVHPNYHK, Yes, 0.04278, 0.354645, 0.054910, 0.143180,  4,   535.77072,  27, 7250525.500000, 8.000000, -0.077823, 0.013681, 0.010433, 0.075133


MeanRateConst/CorrCutOff, 0.138694, 0.900000


MedianRateConst/RMSSCutOff, 0.123125, 0.050000
StandDev/NumberPeptides, 0.009413, 4
TotalIonCurrent, 4.63729e+08
