Peptides, PeptideUnique, RateConstants, Correlations, RootMeanRSS, AbsoluteIsotopeError, Charge, m/z(Sequence), NEH, Abundance, NDP, Rsquared,sigma,CI lower band, CI upper band
ITTLLQWLDLPK, Yes, 0.14193, 0.994403, 0.007945, 0.064845,  2,   720.92667,  12, 15334799.000000, 12.000000, 0.984047, 0.007828, 0.124696, 0.159156
SMEAIFLAHGPSFIEK, Yes, 0.13380, 0.992998, 0.012758, 0.092881,  3,   592.97115,  33, 7892000.500000, 12.000000, 0.979400, 0.007998, 0.116199, 0.151408
ALQSVDNAFGMLMEGLK, Yes, 0.13298, 0.990818, 0.011385, 0.066599,  2,   912.45514,  31, 5437182.000000, 12.000000, 0.980299, 0.007460, 0.116557, 0.149397
ALQSVDNAFGMLMEGLK, Yes, 0.10799, 0.967734, 0.022750, 0.110495,  3,   608.63918,  31, 1974025.875000, 12.000000, 0.928378, 0.011639, 0.082377, 0.133611
AEYLQTWSTLLPNINK, Yes, 0.07219, 0.967954, 0.018744, 0.090597,  2,   946.00162,  25, 4527500.500000, 12.000000, 0.897456, 0.006772, 0.057282, 0.087092
DVELLTGLDFYQEK, Yes, 0.14187, 0.984446, 0.015852, 0.190481,  2,   835.41961,  21, 23294946.000000, 12.000000, 0.964218, 0.011866, 0.115755, 0.167987
LALATEEPIKK, Yes, 0.09753, 0.972350, 0.023763, 0.225311,  3,   404.91144,  21, 8042360.000000, 12.000000, 0.945200, 0.008726, 0.078320, 0.116730


MeanRateConst/CorrCutOff, 0.126016, 0.900000


MedianRateConst/RMSSCutOff, 0.132977, 0.050000
StandDev/NumberPeptides, 0.008934, 6
TotalIonCurrent, 1.53215e+09
