Peptides, PeptideUnique, RateConstants, Correlations, RootMeanRSS, AbsoluteIsotopeError, Charge, m/z(Sequence), NEH, Abundance, NDP, Rsquared,sigma,CI lower band, CI upper band
LAINLLAK, Yes, 0.31210, 0.981447, 0.018924, 0.077705,  2,   428.28673,  13, 12096219.000000, 12.000000, 0.960058, 0.032740, 0.240036, 0.384157
VYSQLTVQK, Yes, 0.43096, 0.976636, 0.017099, 0.024827,  2,   533.30058,  13, 24108258.000000, 12.000000, 0.952745, 0.049528, 0.321951, 0.539970
YWGPASPTHK, Yes, 0.17732, 0.994536, 0.010706, 0.098523,  3,   381.85757,  17, 9582387.000000, 12.000000, 0.986203, 0.009021, 0.157467, 0.197175
VWAQEVLLQVNDK, Yes, 3.72279, 0.949621, 0.025587, 0.155495,  2,   771.41974,  23, 2758111.000000, 12.000000, 0.878498, 4.158849, 3.317458, 4.128118
SVSSPLLSTDAVSFLR, Yes, 0.13839, 0.957463, 0.027811, 0.081394,  2,   839.95415,  28, 12721016.000000, 12.000000, 0.890734, 0.017105, 0.100743, 0.176039
SGQAGYVPcNILAEAR, Yes, 0.06096, 0.973639, 0.024070, 0.144121,  2,   853.41994,  38, 19333750.000000, 12.000000, 0.938246, 0.005254, 0.049400, 0.072529
EMTLWESLGETWMR, Yes, 0.09066, 0.925872, 0.017407, 0.301610,  2,   884.90528,  23, 1529811.625000, 7.000000, 0.749194, 0.005787, 0.076499, 0.104821
ETQILNcTLDDIEWFVAR, Yes, 0.21114, 0.974222, 0.017375, 0.068044,  3,   741.69653,  31, 982907.500000, 10.000000, 0.940440, 0.023684, 0.157566, 0.264718
VGLPLPVPFSEPGYR, Yes, 0.11464, 0.947744, 0.031832, 0.036592,  2,   814.44577,  27, 15473261.000000, 12.000000, 0.873262, 0.016363, 0.078628, 0.150656
IVENLGILTGPQLFSLNK, Yes, 0.26894, 0.978584, 0.016283, 0.094712,  2,   978.56185,  27, 1196712.500000, 12.000000, 0.945098, 0.028358, 0.206521, 0.331353


MeanRateConst/CorrCutOff, 0.160374, 0.900000


MedianRateConst/RMSSCutOff, 0.138391, 0.050000
StandDev/NumberPeptides, 0.014670, 4
TotalIonCurrent, 2.65502e+09
