Peptides, PeptideUnique, RateConstants, Correlations, RootMeanRSS, AbsoluteIsotopeError, Charge, m/z(Sequence), NEH, Abundance, NDP, Rsquared,sigma,CI lower band, CI upper band
GVISTPVIR, Yes, 0.12049, 0.962327, 0.023739, 0.051441,  2,   471.29256,  14, 7625371.000000, 10.000000, 0.907077, 0.011616, 0.094209, 0.146763
LYEPDQLQELK, Yes, 0.13002, 0.935887, 0.032585, 0.132239,  2,   688.35881,  23, 6213411.000000, 10.000000, 0.849936, 0.016556, 0.092570, 0.167476
VEGSSTASSGSQLAEGK, Yes, 0.29480, 0.990310, 0.017057, 0.094706,  2,   797.88138,  40, 2942000.000000, 10.000000, 0.978899, 0.020934, 0.247439, 0.342153
QSILEGLSFSR, Yes, 0.05796, 0.919966, 0.029193, 0.183539,  2,   618.83277,  23, 22047152.000000, 10.000000, 0.830476, 0.005569, 0.045360, 0.070555


MeanRateConst/CorrCutOff, 0.207641, 0.900000


MedianRateConst/RMSSCutOff, 0.294796, 0.050000
StandDev/NumberPeptides, 0.014941, 2
TotalIonCurrent, 4.10506e+08
