Peptides, PeptideUnique, RateConstants, Correlations, RootMeanRSS, AbsoluteIsotopeError, Charge, m/z(Sequence), NEH, Abundance, NDP, Rsquared,sigma,CI lower band, CI upper band
NTEISFK, No, 0.32856, 0.974907, 0.017335, 0.303706,  2,   419.71889,  10, 201077776.000000, 12.000000, 0.942789, 0.037788, 0.245392, 0.411733
MIISVNGDLVTIR, Yes, 0.09752, 0.997174, 0.005847, 0.054767,  2,   715.90542,  17, 50740596.000000, 12.000000, 0.993473, 0.002842, 0.091264, 0.103775
LVSSENFDDYMK, Yes, 0.10565, 0.995957, 0.007368, 0.054716,  2,   724.32412,  18, 185787728.000000, 12.000000, 0.991207, 0.003813, 0.097258, 0.114042
SIITLDGGALVQVQK, Yes, 0.10646, 0.990296, 0.013179, 0.107770,  3,   514.63476,  25, 22051476.000000, 12.000000, 0.978658, 0.005809, 0.093674, 0.119246
SIITLDGGALVQVQK, Yes, 0.11356, 0.997674, 0.006921, 0.041003,  2,   771.44851,  25, 202600688.000000, 12.000000, 0.994202, 0.003291, 0.106314, 0.120800
LGVEFDEITADDRK, Yes, 0.09139, 0.994460, 0.009893, 0.047084,  3,   536.60190,  26, 57683168.000000, 12.000000, 0.987586, 0.003655, 0.083350, 0.099437
NFDDYMK, No, 0.10160, 0.989198, 0.009617, 0.075391,  2,   466.69455,  8, 114362200.000000, 12.000000, 0.974147, 0.006482, 0.087329, 0.115863
LVVEcVMK, Yes, 0.05448, 0.969622, 0.014023, 0.155177,  2,   489.26156,  9, 273417600.000000, 12.000000, 0.926123, 0.004632, 0.044287, 0.064676
PNMIISVNGDLVTIR, Yes, 0.12829, 0.968463, 0.023476, 0.050315,  2,   821.45326,  22, 14896356.000000, 11.000000, 0.899965, 0.015284, 0.094238, 0.162350
LGVEFDEITADDR, Yes, 0.08143, 0.998436, 0.005706, 0.083208,  2,   740.35173,  25, 54741628.000000, 12.000000, 0.996030, 0.001750, 0.077574, 0.085278
LGVEFDEITADDRK, Yes, 0.02153, 0.941691, 0.015652, 0.315342,  2,   804.39921,  26, 80887416.000000, 12.000000, 0.884975, 0.001830, 0.017501, 0.025558


MeanRateConst/CorrCutOff, 0.103237, 0.900000


MedianRateConst/RMSSCutOff, 0.101596, 0.050000
StandDev/NumberPeptides, 0.003713, 8
TotalIonCurrent, 3.27426e+10
