Peptides, PeptideUnique, RateConstants, Correlations, RootMeanRSS, AbsoluteIsotopeError, Charge, m/z(Sequence), NEH, Abundance, NDP, Rsquared,sigma,CI lower band, CI upper band
VGGGIDVPVPR, Yes, 0.14485, 0.988350, 0.018495, 0.192746,  2,   533.30621,  19, 34102348.000000, 12.000000, 0.972327, 0.010486, 0.121768, 0.167928
IINDLLQSLR, Yes, 0.19736, 0.993832, 0.010400, 0.045074,  2,   592.85350,  17, 18802050.000000, 12.000000, 0.987148, 0.009904, 0.175563, 0.219161
SVSLTGAPESVQK, Yes, 0.25063, 0.997828, 0.009020, 0.055102,  2,   651.84862,  26, 9878371.000000, 12.000000, 0.993330, 0.009486, 0.229755, 0.271511
AINQQTGAFVEISR, Yes, 0.26458, 0.990935, 0.015823, 0.206550,  2,   767.40462,  32, 6716755.000000, 11.000000, 0.978657, 0.018769, 0.222764, 0.306402
LASQGDSIGSQLGPIHPPPR, Yes, 0.00000, -2.000000, 0.041225, 0.258642,  3,   676.36047,  47, 2096187.250000, 7.000000, -0.200253, 0.004190, 0.000000, 2.743942
MILIQDGSQNTNVDKPLR, Yes, 0.00000, -2.000000, 0.046948, 0.088599,  3,   681.36148,  31, 13290455.000000, 12.000000, -0.411830, 0.004139, 0.000000, 2.854690
VPDGMVGLIIGR, Yes, 0.14932, 0.996514, 0.007631, 0.126339,  2,   613.84992,  18, 13861037.000000, 12.000000, 0.992944, 0.005325, 0.137604, 0.161043


MeanRateConst/CorrCutOff, 0.201350, 0.900000


MedianRateConst/RMSSCutOff, 0.197362, 0.050000
StandDev/NumberPeptides, 0.009211, 5
TotalIonCurrent, 1.93669e+09
