Peptides, PeptideUnique, RateConstants, Correlations, RootMeanRSS, AbsoluteIsotopeError, Charge, m/z(Sequence), NEH, Abundance, NDP, Rsquared,sigma,CI lower band, CI upper band
TFSWASVTSK, Yes, 0.50442, 0.977965, 0.017278, 0.245849,  2,   557.28239,  13, 37071732.000000, 11.000000, 0.948106, 0.062507, 0.365145, 0.643693
VMSQNFTNcHTK, Yes, 0.27413, 0.990442, 0.010756, 0.113848,  2,   733.82939,  17, 3609980.750000, 11.000000, 0.980907, 0.017058, 0.236120, 0.312136
VMSQNFTNcHTK, Yes, 0.12777, 0.979394, 0.016062, 0.065174,  3,   489.55535,  17, 12956801.000000, 11.000000, 0.951462, 0.008930, 0.107876, 0.147669
FMQTFVLAPEGSVANK, Yes, 0.28241, 0.915731, 0.041373, 0.037723,  2,   869.94527,  29, 5516989.000000, 11.000000, 0.656574, 0.061914, 0.144459, 0.420367
QYYTLLNQAPDMLHR, Yes, 0.18622, 0.991873, 0.011110, 0.112972,  3,   621.64543,  28, 18326638.000000, 11.000000, 0.982050, 0.009925, 0.164109, 0.208336
LPNFGFVVFDDSEPVQK, Yes, 0.00000, -2.000000, 0.012104, 0.080278,  3,   646.65965,  27, 7738207.500000, 11.000000, -0.153965, 0.001128, 0.000000, 3.306185
LPNFGFVVFDDSEPVQK, Yes, 0.24131, 0.996571, 0.006487, 0.052045,  2,   969.48583,  27, 9319171.000000, 11.000000, 0.992676, 0.008819, 0.221663, 0.260964
EAGEPGDVEPR, Yes, 0.04344, 0.981142, 0.018041, 0.058971,  2,   578.26746,  31, 36922432.000000, 11.000000, 0.950890, 0.001965, 0.039058, 0.047814
DFFQNFGNVVELR, Yes, 13.86100, 0.984508, 0.015817, 0.564992,  2,   792.89390,  21, 15568387.000000, 11.000000, 0.947266, 71357.390625, 12.954919, 14.767081


MeanRateConst/CorrCutOff, 0.246019, 0.900000


MedianRateConst/RMSSCutOff, 0.241314, 0.050000
StandDev/NumberPeptides, 0.013845, 4
TotalIonCurrent, 2.8778e+09
