Peptides, PeptideUnique, RateConstants, Correlations, RootMeanRSS, AbsoluteIsotopeError, Charge, m/z(Sequence), NEH, Abundance, NDP, Rsquared,sigma,CI lower band, CI upper band
LWAFQALR, Yes, 0.18801, 0.983188, 0.019384, 0.068445,  2,   502.78744,  16, 10377861.000000, 12.000000, 0.954066, 0.017065, 0.150449, 0.225568
QAVAQILPFR, Yes, 0.06891, 0.923632, 0.040640, 0.072091,  2,   571.83766,  24, 63938868.000000, 12.000000, 0.723339, 0.009239, 0.048578, 0.089249
ASFYEEYGVIR, Yes, 1.33174, 0.987931, 0.025332, 0.258219,  2,   667.32477,  22, 15823251.000000, 12.000000, 0.823511, 0.300772, 0.669741, 1.993732
LASDIEAAAVQAVR, Yes, 0.21611, 0.968751, 0.036310, 0.076044,  2,   707.38843,  38, 18098786.000000, 12.000000, 0.875670, 0.028715, 0.152912, 0.279313
SSAILGQYQAYSGQVR, Yes, 0.06159, 0.910135, 0.045682, 0.163110,  2,   864.43919,  38, 11830604.000000, 12.000000, 0.760103, 0.010220, 0.039097, 0.084085
VLESLScPK, Yes, 0.08235, 0.798818, 0.054024, 0.097307,  2,   516.77334,  15, 14638420.000000, 12.000000, 0.113738, 0.018120, 0.042466, 0.122228
TVEDYQTLNK, Yes, 0.66723, 0.994740, 0.008594, 0.223982,  2,   605.80114,  14, 18778910.000000, 12.000000, 0.985355, 0.043516, 0.571455, 0.763009
EQDAYSTLLSHIFHcR, Yes, 0.29906, 0.964316, 0.025656, 0.242839,  4,   494.98753,  32, 1865418.375000, 12.000000, 0.891208, 0.046654, 0.196371, 0.401741


MeanRateConst/CorrCutOff, 0.193023, 0.900000


MedianRateConst/RMSSCutOff, 0.216112, 0.050000
StandDev/NumberPeptides, 0.017930, 4
TotalIonCurrent, 2.79259e+09
