Peptides, PeptideUnique, RateConstants, Correlations, RootMeanRSS, AbsoluteIsotopeError, Charge, m/z(Sequence), NEH, Abundance, NDP, Rsquared,sigma,CI lower band, CI upper band
NLSTFAVDGK, Yes, 0.08796, 0.998274, 0.005741, 0.053665,  2,   526.27456,  14, 193431104.000000, 12.000000, 0.995375, 0.002186, 0.083149, 0.092772
GVTEAHVDQK, Yes, 0.09024, 0.997679, 0.007335, 0.050903,  2,   542.27510,  20, 7745886.500000, 12.000000, 0.995163, 0.002271, 0.085240, 0.095239
WPYAGTAEAIK, Yes, 0.08489, 0.998233, 0.006499, 0.057814,  2,   603.81130,  22, 133330080.000000, 12.000000, 0.995075, 0.002022, 0.080435, 0.089337
GVEVTVGHEQEEGGK, Yes, 0.10593, 0.998203, 0.008401, 0.054190,  3,   518.91800,  33, 35217308.000000, 12.000000, 0.993949, 0.003122, 0.099063, 0.112807
GGAEVQIFAPDVPQMH, Yes, 0.02092, 0.894024, 0.029272, 0.269971,  2,   848.41160,  37, 6385830.500000, 12.000000, 0.765739, 0.003252, 0.013761, 0.028078
GGAEVQIFAPDVPQMHVIDHTK, Yes, 0.06860, 0.992279, 0.008904, 0.109822,  4,   598.05468,  44, 78660896.000000, 12.000000, 0.979614, 0.003274, 0.061392, 0.075804
GGAEVQIFAPDVPQMHVIDHTK, Yes, 0.08069, 0.993908, 0.008678, 0.101855,  3,   797.07049,  44, 15980429.000000, 12.000000, 0.983632, 0.003787, 0.072359, 0.089029
ITSLAQLNAANHDAAIFPGGFGAAK, Yes, 0.07967, 0.999208, 0.002690, 0.022042,  3,   819.09579,  56, 143337488.000000, 12.000000, 0.998382, 0.001097, 0.077254, 0.082082
ITSLAQLNAANHDAAIFPGGFGAAK, Yes, 0.08441, 0.879245, 0.025987, 0.149764,  2,  1228.14004,  56, 3379796.750000, 8.000000, 0.760573, 0.014663, 0.049737, 0.119083
VVTTPAFMcETALHHIHDGIGAMVK, Yes, 0.06460, 0.997169, 0.004872, 0.048535,  5,   547.87515,  42, 33637900.000000, 12.000000, 0.988565, 0.002165, 0.059838, 0.069368
GVEVTVGHEQEEGGKWPYAGTAEAIK, Yes, 0.05151, 0.987865, 0.007832, 0.074292,  4,   686.33969,  56, 24136790.000000, 12.000000, 0.975294, 0.002397, 0.046238, 0.056792
NVLELTGK, Yes, 0.08786, 0.993275, 0.010607, 0.036508,  2,   437.25564,  10, 270540352.000000, 12.000000, 0.980794, 0.004671, 0.077578, 0.098140
VVTTPAFMcETALHHIHDGIGAMVK, Yes, 0.04957, 0.792976, 0.025694, 0.438994,  4,   684.59211,  42, 10608315.000000, 11.000000, 0.587876, 0.007431, 0.033011, 0.066125


MeanRateConst/CorrCutOff, 0.083485, 0.900000


MedianRateConst/RMSSCutOff, 0.084410, 0.050000
StandDev/NumberPeptides, 0.002539, 10
TotalIonCurrent, 2.58609e+10
