Peptides, PeptideUnique, RateConstants, Correlations, RootMeanRSS, AbsoluteIsotopeError, Charge, m/z(Sequence), NEH, Abundance, NDP, Rsquared,sigma,CI lower band, CI upper band
VSPDGEEGYPGELK, Yes, 0.17364, 0.997816, 0.007894, 0.076667,  2,   738.84627,  29, 33239638.000000, 12.000000, 0.994316, 0.005538, 0.161449, 0.185828
TVFGELPSGGGTVEK, Yes, 0.14316, 0.999265, 0.003917, 0.047295,  2,   739.38030,  24, 52748000.000000, 12.000000, 0.998299, 0.002413, 0.137853, 0.148473
EPNSLHGGFTGFDK, Yes, 0.08300, 0.993546, 0.010308, 0.105647,  2,   753.35461,  23, 9977727.000000, 12.000000, 0.983711, 0.003530, 0.075231, 0.090770
ASDVVLGFAELEGYLQK, Yes, 0.19348, 0.996964, 0.008403, 0.035654,  2,   919.98036,  32, 16886434.000000, 12.000000, 0.991641, 0.008254, 0.175314, 0.211650
ASDVVLGFAELEGYLQK, Yes, 0.17279, 0.997386, 0.006847, 0.023560,  3,   613.65600,  32, 7965236.000000, 12.000000, 0.993936, 0.005843, 0.159931, 0.185654
VLWTPQVLTNGVQFFR, Yes, 0.15535, 0.998497, 0.004091, 0.074101,  3,   635.68424,  21, 13075901.000000, 12.000000, 0.995999, 0.004118, 0.146287, 0.164413
VLWTPQVLTNGVQFFR, Yes, 0.14970, 0.997514, 0.004705, 0.085226,  2,   953.02272,  21, 16719780.000000, 12.000000, 0.994680, 0.004526, 0.139742, 0.159664
VWVTYTLDGGELVINYR, Yes, 0.28367, 0.778277, 0.040086, 0.164930,  3,   666.68255,  20, 2629817.750000, 12.000000, 0.530215, 0.091166, 0.083012, 0.484323
VWVTYTLDGGELVINYR, Yes, 0.03993, 0.872550, 0.031084, 0.132728,  2,   999.52019,  20, 7107265.500000, 12.000000, 0.718891, 0.008060, 0.022194, 0.057675
ILEVYTTQPGVQFYTGNFLDGTLK, Yes, 0.16073, 0.997942, 0.003634, 0.066297,  3,   902.13381,  31, 20348722.000000, 12.000000, 0.995221, 0.004866, 0.150019, 0.171439
EPNSLHGGFTGFDK, Yes, 0.13364, 0.993685, 0.010815, 0.063097,  3,   502.57217,  23, 33716508.000000, 12.000000, 0.984656, 0.006437, 0.119471, 0.147807
ILEVYTTQPGVQFYTGNFLDGTLK, Yes, 0.11120, 0.970967, 0.012071, 0.150793,  2,  1352.69708,  31, 1609304.875000, 11.000000, 0.942348, 0.010240, 0.088386, 0.134018


MeanRateConst/CorrCutOff, 0.154855, 0.900000


MedianRateConst/RMSSCutOff, 0.155350, 0.050000
StandDev/NumberPeptides, 0.004973, 9
TotalIonCurrent, 6.86585e+09
