Peptides, PeptideUnique, RateConstants, Correlations, RootMeanRSS, AbsoluteIsotopeError, Charge, m/z(Sequence), NEH, Abundance, NDP, Rsquared,sigma,CI lower band, CI upper band
APQVYVLPPPAEEMTK, Yes, 0.03504, 0.994710, 0.010366, 0.372779,  2,   885.46074,  34, 226789936.000000, 11.000000, 0.968085, 0.001878, 0.030859, 0.039230
VVSALPIQHQDWMSGK, Yes, 0.03572, 0.988436, 0.008891, 0.105460,  3,   599.31017,  31, 232718016.000000, 11.000000, 0.963686, 0.001695, 0.031942, 0.039497
VVSALPIQHQDWMSGK, Yes, 0.06327, 0.966612, 0.018659, 0.191182,  2,   898.46162,  31, 12423689.000000, 11.000000, 0.926697, 0.005409, 0.051214, 0.075319
NTATVLDSDGSYFMYSK, Yes, 0.04493, 0.988901, 0.008452, 0.064329,  2,   949.92747,  23, 52054416.000000, 11.000000, 0.966456, 0.002251, 0.039916, 0.049946
ITGFLPAEIAVDWTSNGR, Yes, 0.07756, 0.960195, 0.022129, 0.354136,  3,   649.67053,  32, 1908492.750000, 11.000000, 0.918650, 0.008084, 0.059547, 0.095572
EFSLTcMITGFLPAEIAVDWTSNGR, Yes, 0.09048, 0.963890, 0.020874, 0.064005,  3,   939.11917,  42, 1498995.250000, 11.000000, 0.884209, 0.013731, 0.059882, 0.121072
ISWFVNNVEVHTAQTQTHR, No, 0.05702, 0.947787, 0.017830, 0.149022,  3,   756.38205,  35, 16878112.000000, 11.000000, 0.882690, 0.005620, 0.044493, 0.069539
VVSALPIQHQDWmSGK, Yes, 0.00000, -2.000000, 0.026766, 0.345583,  3,   604.64181,  31, 8971612.000000, 11.000000, -0.488250, 0.002712, 0.000000, 2.865978
ISWFVNNVEVHTAQTQTHR, No, 0.21133, 0.942756, 0.027685, 0.116213,  4,   567.53836,  35, 83828344.000000, 11.000000, 0.828422, 0.037001, 0.128889, 0.293774


MeanRateConst/CorrCutOff, 0.050233, 0.900000


MedianRateConst/RMSSCutOff, 0.057016, 0.050000
StandDev/NumberPeptides, 0.002864, 4
TotalIonCurrent, 2.15103e+10
