Peptides, PeptideUnique, RateConstants, Correlations, RootMeanRSS, AbsoluteIsotopeError, Charge, m/z(Sequence), NEH, Abundance, NDP, Rsquared,sigma,CI lower band, CI upper band
GPILSIYFR, Yes, 0.06068, 0.912832, 0.025178, 0.073533,  2,   533.30820,  14, 6794011.000000, 7.000000, 0.770065, 0.005580, 0.047027, 0.074337
ILGMEVTTFK, Yes, 15.93301, 0.487511, 0.130229, 0.224449,  2,   569.81247,  10, 14763358.000000, 7.000000, -0.116484, 6246252.500000, 11.719548, 20.146481
AFDVPIEEGPVFR, Yes, 0.28454, 0.992914, 0.016330, 0.064968,  2,   738.38009,  27, 18693774.000000, 7.000000, 0.973104, 0.017302, 0.242203, 0.326876
AAHPVPGSLDVcLITEAPLEEVIER, Yes, 0.13291, 0.982262, 0.005284, 0.171371,  3,   905.80557,  55, 3361512.750000, 4.000000, 0.944758, 0.011844, 0.095222, 0.170606


MeanRateConst/CorrCutOff, 0.159379, 0.900000


MedianRateConst/RMSSCutOff, 0.132914, 0.050000
StandDev/NumberPeptides, 0.009333, 3
TotalIonCurrent, 7.55584e+08
