Peptides, PeptideUnique, RateConstants, Correlations, RootMeanRSS, AbsoluteIsotopeError, Charge, m/z(Sequence), NEH, Abundance, NDP, Rsquared,sigma,CI lower band, CI upper band
IIQFNPGPDK, Yes, 0.55020, 0.959025, 0.024822, 0.086466,  2,   564.80603,  17, 50901964.000000, 12.000000, 0.898819, 0.085015, 0.363082, 0.737316
TLAMDTILANAR, Yes, 0.23985, 0.997500, 0.008245, 0.063129,  2,   645.34772,  22, 26864598.000000, 12.000000, 0.993260, 0.009303, 0.219379, 0.260329
TFNMDEYVGLPR, Yes, 0.12733, 0.950543, 0.026905, 0.097653,  2,   721.34265,  19, 49582620.000000, 12.000000, 0.876256, 0.016983, 0.089945, 0.164706
TVFVcDEDATLELK, Yes, 0.02684, -0.072256, 0.051753, 0.130137,  2,   820.39782,  20, 3835987.250000, 8.000000, -0.618622, 0.007337, 0.009493, 0.044190
YFTLGLPTGSTPLGcYQK, Yes, 0.23980, 0.996828, 0.005253, 0.089382,  2,  1002.00078,  23, 23007254.000000, 12.000000, 0.993603, 0.008948, 0.220104, 0.259493
AIEEGVNHMWTVSAFQQHPR, Yes, 0.20408, 0.998335, 0.004528, 0.090602,  4,   585.03528,  45, 10707902.000000, 12.000000, 0.995983, 0.005741, 0.191444, 0.216716
LVDPLYSIK, Yes, 0.01581, 0.445484, 0.039102, 0.087450,  2,   524.30787,  10, 123623720.000000, 12.000000, -0.099056, 0.006331, 0.001871, 0.029741
TLAMDTILANAR, Yes, 0.10959, 0.989664, 0.014385, 0.138339,  3,   430.56757,  22, 6278473.500000, 12.000000, 0.978104, 0.006204, 0.095932, 0.123243
EVMILITGAHK, Yes, 0.13934, 0.993641, 0.013630, 0.040841,  3,   404.56540,  17, 106456184.000000, 12.000000, 0.969801, 0.009037, 0.119450, 0.159231


MeanRateConst/CorrCutOff, 0.176664, 0.900000


MedianRateConst/RMSSCutOff, 0.204080, 0.050000
StandDev/NumberPeptides, 0.008285, 6
TotalIonCurrent, 7.93774e+09
