Peptides, PeptideUnique, RateConstants, Correlations, RootMeanRSS, AbsoluteIsotopeError, Charge, m/z(Sequence), NEH, Abundance, NDP, Rsquared,sigma,CI lower band, CI upper band
LIENTDAAcK, Yes, 0.07090, 0.994415, 0.014003, 0.059389,  2,   567.77660,  19, 73977688.000000, 11.000000, 0.978115, 0.003565, 0.062954, 0.078839
DSGNQPPAMVPR, Yes, 0.06660, 0.923426, 0.039505, 0.057850,  2,   634.80623,  29, 27703096.000000, 11.000000, 0.800542, 0.008387, 0.047911, 0.085288
QFFQVPLNIPK, Yes, 0.02301, 0.970699, 0.011145, 0.035051,  2,   665.87953,  18, 84639240.000000, 11.000000, 0.855863, 0.001627, 0.019381, 0.026632
LQLRPTLIAGIMK, Yes, 0.06874, 0.983234, 0.014487, 0.053060,  3,   485.30228,  21, 12058095.000000, 11.000000, 0.961660, 0.004414, 0.058904, 0.078573
AGMSTAQAQHFLEK, Yes, 0.09570, 0.998877, 0.006218, 0.432835,  2,   759.87210,  34, 30894520.000000, 11.000000, 0.995603, 0.002126, 0.090964, 0.100439
AGMSTAQAQHFLEK, Yes, 0.09788, 0.996892, 0.008450, 0.026777,  3,   506.91716,  34, 109268048.000000, 11.000000, 0.992173, 0.002965, 0.091275, 0.104486
YGAFGLPTTVAHVDGK, Yes, 0.12574, 0.989262, 0.017900, 0.221942,  3,   544.95087,  24, 50235480.000000, 11.000000, 0.962210, 0.010624, 0.102065, 0.149408
TYMLFGSDR, Yes, 0.06585, 0.984454, 0.012359, 0.030587,  2,   545.25531,  12, 37235532.000000, 11.000000, 0.962974, 0.004167, 0.056568, 0.075139
LELLAYLLGEK, Yes, 0.12001, 0.999354, 0.003088, 0.032044,  2,   631.37372,  17, 32923084.000000, 11.000000, 0.998534, 0.001733, 0.116145, 0.123866
DEDITEYQSILAAAVK, Yes, 0.09249, 0.998024, 0.005940, 0.043145,  2,   883.44634,  34, 17539740.000000, 11.000000, 0.995330, 0.002162, 0.087671, 0.097307


MeanRateConst/CorrCutOff, 0.084771, 0.900000


MedianRateConst/RMSSCutOff, 0.092489, 0.050000
StandDev/NumberPeptides, 0.002948, 8
TotalIonCurrent, 1.02121e+10
