Peptides, PeptideUnique, RateConstants, Correlations, RootMeanRSS, AbsoluteIsotopeError, Charge, m/z(Sequence), NEH, Abundance, NDP, Rsquared,sigma,CI lower band, CI upper band
ALAAAGYDVEK, No, 0.03933, 0.992009, 0.012626, 0.018134,  2,   554.28766,  26, 1328167424.000000, 12.000000, 0.980335, 0.001602, 0.035803, 0.042856
ASGPPVSELITK, Yes, 0.04579, 0.997239, 0.006173, 0.028759,  2,   599.83752,  23, 566800576.000000, 12.000000, 0.994323, 0.000991, 0.043604, 0.047966
KALAAAGYDVEK, No, 0.02077, 0.950596, 0.020097, 0.100946,  2,   618.33513,  26, 49684156.000000, 12.000000, 0.891590, 0.001909, 0.016565, 0.024967
KASGPPVSELITK, Yes, 0.03136, 0.986021, 0.010211, 0.044772,  3,   442.92576,  23, 226070064.000000, 12.000000, 0.969866, 0.001353, 0.028378, 0.034335
KASGPPVSELITK, Yes, 0.02975, 0.973375, 0.014084, 0.133024,  2,   663.88500,  23, 52795920.000000, 12.000000, 0.946767, 0.001808, 0.025768, 0.033727
KALAAAGYDVEK, No, 0.06028, 0.979167, 0.022014, 0.153404,  3,   412.55918,  26, 65024556.000000, 12.000000, 0.946711, 0.004335, 0.050741, 0.069825
SGVSLAALK, No, 0.03256, 0.974626, 0.015134, 0.026781,  2,   423.25818,  17, 1636603136.000000, 10.000000, 0.929372, 0.001844, 0.028390, 0.036735


MeanRateConst/CorrCutOff, 0.035756, 0.900000


MedianRateConst/RMSSCutOff, 0.032562, 0.050000
StandDev/NumberPeptides, 0.001537, 5
TotalIonCurrent, 9.00068e+10
