Peptides, PeptideUnique, RateConstants, Correlations, RootMeanRSS, AbsoluteIsotopeError, Charge, m/z(Sequence), NEH, Abundance, NDP, Rsquared,sigma,CI lower band, CI upper band
EDVSYEER, Yes, 0.19684, 0.888950, 0.055652, 0.188454,  2,   513.72235,  20, 12667071.000000, 11.000000, 0.744376, 0.042302, 0.102585, 0.291093
EADYVAHATQLR, Yes, 0.25214, 0.994851, 0.012375, 0.081520,  2,   687.34403,  29, 8215203.500000, 11.000000, 0.986951, 0.013156, 0.222828, 0.281456
EGITVYSTQFGGYAK, Yes, 0.17031, 0.991862, 0.012133, 0.060721,  2,   810.89885,  24, 28823314.000000, 11.000000, 0.978642, 0.010309, 0.147340, 0.193280
FATVEVTDKPVDEALR, Yes, 0.01076, 0.544169, 0.039438, 0.207523,  2,   895.47017,  29, 3952051.000000, 11.000000, 0.127017, 0.005656, 0.000000, 3.609446
FATVEVTDKPVDEALR, Yes, 0.29778, 0.997457, 0.006404, 0.032841,  3,   597.31587,  29, 19298546.000000, 11.000000, 0.994764, 0.010819, 0.273671, 0.321884
IPNQFQGSPPAPSDESVK, Yes, 0.20918, 0.997844, 0.006987, 0.134193,  2,   949.46815,  42, 5510727.500000, 11.000000, 0.994440, 0.006890, 0.193832, 0.224536
NSLFGSVETWPWQVLSTGGK, Yes, 0.22849, 0.998600, 0.006818, 0.037055,  2,  1097.05240,  30, 9744681.000000, 11.000000, 0.989066, 0.010612, 0.204844, 0.252135
NSLFGSVETWPWQVLSTGGK, Yes, 0.18541, 0.992132, 0.009480, 0.057445,  3,   731.70402,  30, 6630807.500000, 11.000000, 0.980450, 0.011341, 0.160142, 0.210681
IPNQFQGSPPAPSDESVKIEER, Yes, 0.29749, 0.991436, 0.010997, 0.161095,  3,   809.07131,  54, 5747959.000000, 7.000000, 0.975208, 0.022053, 0.243526, 0.351450
TTLEGTPATYQGDVYYcAGYDPPMKPYGR, Yes, 0.00000, -2.000000, 0.000714, 0.123596,  3,  1091.16188,  49, 9374336.000000, 11.000000, -4253.507812, 0.000128, 0.000000, 3.149617
NSLFGSVETWPWQVLSTGGKEDVSYEER, Yes, 0.00000, -2.000000, 0.002909, 0.278591,  3,  1067.51055,  50, 3778221.500000, 10.000000, -0.432076, 0.000513, 0.000000, 6.488172
EADYVAHATQLR, Yes, 0.33475, 0.997503, 0.008379, 0.050206,  3,   458.56511,  29, 36657212.000000, 11.000000, 0.994105, 0.012777, 0.306277, 0.363216


MeanRateConst/CorrCutOff, 0.229705, 0.900000


MedianRateConst/RMSSCutOff, 0.228490, 0.050000
StandDev/NumberPeptides, 0.012085, 8
TotalIonCurrent, 2.94632e+09
