Peptides, PeptideUnique, RateConstants, Correlations, RootMeanRSS, AbsoluteIsotopeError, Charge, m/z(Sequence), NEH, Abundance, NDP, Rsquared,sigma,CI lower band, CI upper band
AFIPQLLSR, Yes, 0.17222, 0.973603, 0.024246, 0.173163,  2,   522.81365,  19, 8077466.000000, 8.000000, 0.931801, 0.011995, 0.143855, 0.200582
VLLISDPTTDK, Yes, 0.04589, 0.304298, 0.043814, 0.153224,  2,   601.33736,  12, 28943618.000000, 8.000000, -1.209298, 0.010039, 0.022155, 0.069631
TEQWYGTQYK, Yes, 0.47149, 0.946457, 0.027748, 0.143185,  2,   652.30130,  15, 9103348.000000, 8.000000, 0.859315, 0.068659, 0.309133, 0.633840
ESLDDLTNLVVK, Yes, 0.12961, 0.914490, 0.033180, 0.148078,  2,   673.36410,  15, 5914403.000000, 8.000000, 0.735566, 0.031062, 0.056162, 0.203060
AIEDMTEEAFQK, Yes, 0.14682, 0.689871, 0.041043, 0.289980,  2,   706.32411,  28, 1046351.062500, 4.000000, -0.199744, 0.013912, 0.102547, 0.191093


MeanRateConst/CorrCutOff, 0.257772, 0.900000


MedianRateConst/RMSSCutOff, 0.172218, 0.050000
StandDev/NumberPeptides, 0.019713, 3
TotalIonCurrent, 4.79332e+08
