Peptides, PeptideUnique, RateConstants, Correlations, RootMeanRSS, AbsoluteIsotopeError, Charge, m/z(Sequence), NEH, Abundance, NDP, Rsquared,sigma,CI lower band, CI upper band
DALMISLTPK, Yes, 0.09370, 0.967484, 0.022365, 0.142394,  2,   544.80463,  15, 20545094.000000, 7.000000, 0.856989, 0.006379, 0.078089, 0.109307
EVHTAWTQPR, Yes, 0.03559, 0.769243, 0.043031, 0.082997,  2,   612.80964,  21, 4910781.000000, 7.000000, 0.472554, 0.006811, 0.018929, 0.052259
NTPPILDSDGTYFLYSK, Yes, 0.06972, 0.974910, 0.009012, 0.099722,  2,   965.97528,  22, 20767846.000000, 7.000000, 0.907898, 0.002742, 0.063006, 0.076425
NGELEQDYK, Yes, 0.06399, 0.924343, 0.037920, 0.117761,  2,   548.25127,  19, 8022936.500000, 6.000000, 0.704473, 0.015621, 0.023835, 0.104145
VVSALPIQHQDWMR, Yes, 0.06876, 0.999443, 0.001967, 0.047820,  3,   560.62772,  29, 30647694.000000, 7.000000, 0.997743, 0.000458, 0.067635, 0.069877
EVHTAWTQPR, Yes, 0.05189, 0.984199, 0.015028, 0.044854,  3,   408.87552,  21, 29986524.000000, 7.000000, 0.870235, 0.006536, 0.035896, 0.067880


MeanRateConst/CorrCutOff, 0.063587, 0.900000


MedianRateConst/RMSSCutOff, 0.068756, 0.050000
StandDev/NumberPeptides, 0.001407, 4
TotalIonCurrent, 1.17359e+09
