Peptides, PeptideUnique, RateConstants, Correlations, RootMeanRSS, AbsoluteIsotopeError, Charge, m/z(Sequence), NEH, Abundance, NDP, Rsquared,sigma,CI lower band, CI upper band
EVAFDVEIPK, Yes, 1.39024, 0.997521, 0.010662, 0.641252,  2,   573.80569,  19, 4023639.750000, 11.000000, 0.982614, 0.069453, 1.235487, 1.544987
QYYDGSEIVVAGR, Yes, 0.10096, 0.985950, 0.017615, 0.053094,  2,   728.85698,  26, 24008326.000000, 11.000000, 0.957274, 0.005089, 0.089626, 0.112304
MSLDYHFVTPLTSLTIR, Yes, 0.02418, 0.712410, 0.031676, 0.139794,  3,   665.35204,  21, 5242840.500000, 11.000000, 0.389825, 0.005438, 0.012066, 0.036300
GSLVPASNANLQAAQDFVR, Yes, 0.00433, 0.916090, 0.005799, 0.308128,  2,   979.50814,  45, 55808412.000000, 11.000000, 0.352811, 0.000450, 0.003325, 0.005330


MeanRateConst/CorrCutOff, 0.100965, 0.900000


MedianRateConst/RMSSCutOff, 0.100965, 0.050000
StandDev/NumberPeptides, 0.005089, 1
TotalIonCurrent, 1.04196e+09
