Peptides, PeptideUnique, RateConstants, Correlations, RootMeanRSS, AbsoluteIsotopeError, Charge, m/z(Sequence), NEH, Abundance, NDP, Rsquared,sigma,CI lower band, CI upper band
GQTSGQIVMPR, Yes, 0.12189, 0.987010, 0.020342, 0.072940,  2,   587.30588,  23, 29100176.000000, 7.000000, 0.957780, 0.012882, 0.090370, 0.153410
LQEYFSVAAGAGDH, Yes, 0.63101, 0.975613, 0.044575, 0.283305,  2,   732.84133,  33, 13080447.000000, 7.000000, 0.649945, 0.155558, 0.250372, 1.011644
LKPEGLHQLLAGFEDK, Yes, 0.09387, 0.929889, 0.043004, 0.100217,  4,   449.49917,  31, 6348163.500000, 7.000000, 0.649910, 0.030950, 0.018134, 0.169598
SAYALcTFALSTGDPSQPVLLFR, Yes, 0.08615, 0.980270, 0.009800, 0.061985,  3,   838.76143,  42, 4719111.500000, 7.000000, 0.942992, 0.005330, 0.073112, 0.099197
IDLPEYQGEPDEISIQK, Yes, 0.03134, 0.745879, 0.020337, 0.264618,  2,   987.48874,  37, 5546049.500000, 7.000000, 0.538564, 0.005321, 0.018314, 0.044356


MeanRateConst/CorrCutOff, 0.100637, 0.900000


MedianRateConst/RMSSCutOff, 0.093866, 0.050000
StandDev/NumberPeptides, 0.008437, 3
TotalIonCurrent, 8.55557e+08
