Peptides, PeptideUnique, RateConstants, Correlations, RootMeanRSS, AbsoluteIsotopeError, Charge, m/z(Sequence), NEH, Abundance, NDP, Rsquared,sigma,CI lower band, CI upper band
TAAENEFVTLK, Yes, 0.00764, 0.987434, 0.003178, 0.049672,  2,   611.81933,  20, 59902492.000000, 3.000000, 0.941262, 0.000644, 0.004868, 0.010410
YEELQVTAGR, Yes, 0.36665, -0.605349, 0.037591, 0.713477,  2,   583.29602,  23, 4653709.500000, 3.000000, -5.167897, 0.263045, 0.000000, 0.839708
YEDEINKR, No, 0.00979, -1.000000, 0.041325, 0.244991,  2,   533.76180,  17, 5863472.000000, 2.000000, -1.067833, 0.005586, 0.000000, 14587.762695
SLDLDSIIAEVK, No, 0.46346, 1.000000, 0.324380, 0.092365,  2,   651.86119,  21, 65427400.000000, 2.000000, -852.778381, 161.827438, 0.000000, 85.145561
KYEDEINKR, No, 0.00691, -2.000000, 0.000001, 0.208333,  2,   597.80928,  17, 2334715.500000, 1.000000, 0.000000, inf, 0.006910, 0.006910
KYEDEINKR, No, 0.00653, -2.000000, 0.000004, 0.140329,  3,   398.87528,  17, 7488061.500000, 1.000000, 0.000000, inf, 0.006529, 0.006529


MeanRateConst/CorrCutOff, 0.007639, 0.900000


MedianRateConst/RMSSCutOff, 0.007639, 0.050000
StandDev/NumberPeptides, 0.000644, 1
TotalIonCurrent, 6.39072e+08
