Peptides, PeptideUnique, RateConstants, Correlations, RootMeanRSS, AbsoluteIsotopeError, Charge, m/z(Sequence), NEH, Abundance, NDP, Rsquared,sigma,CI lower band, CI upper band
TGTEVGDVAK, Yes, 0.25105, 0.986552, 0.021029, 0.099453,  2,   488.75093,  16, 56500756.000000, 12.000000, 0.965746, 0.024323, 0.197513, 0.304582
AVILGPPGSGK, Yes, 0.10108, 0.997984, 0.010705, 0.024956,  2,   498.29784,  20, 185501488.000000, 12.000000, 0.988856, 0.003712, 0.092909, 0.109250
LMMSELETR, Yes, 0.09524, 0.996830, 0.007925, 0.039436,  2,   555.27009,  17, 159085040.000000, 12.000000, 0.992325, 0.003168, 0.088266, 0.102210
GLLVPDHVITR, Yes, 0.09440, 0.977322, 0.018486, 0.070835,  3,   407.24343,  16, 199524368.000000, 12.000000, 0.942337, 0.007806, 0.077225, 0.111585
DAAKPVIELYK, Yes, 0.18816, 0.996025, 0.011689, 0.064626,  3,   416.23956,  20, 47225972.000000, 12.000000, 0.987253, 0.010077, 0.165976, 0.210336
SAQHWLLDGFPR, Yes, 0.12646, 0.999470, 0.003334, 0.054591,  3,   476.24572,  25, 154681504.000000, 12.000000, 0.998791, 0.001742, 0.122625, 0.130291
SAQHWLLDGFPR, Yes, 0.05522, 0.981398, 0.021733, 0.134587,  2,   713.86494,  25, 20091042.000000, 12.000000, 0.942648, 0.004623, 0.045044, 0.065395
GVLHQFSGTETNR, Yes, 0.12673, 0.996825, 0.011905, 0.064070,  3,   482.57591,  24, 131505728.000000, 12.000000, 0.983633, 0.006106, 0.113289, 0.140169
IWPYVYTLFSNK, Yes, 0.21502, 0.982913, 0.012714, 0.038034,  2,   765.90320,  11, 16281347.000000, 12.000000, 0.947881, 0.024424, 0.161259, 0.268774
VYNLDFNPPQVQGIDDITGEPLVQQEDDKPEAVAAR, Yes, 0.00001, -2.000000, 0.002756, 0.045936,  3,  1327.65526,  77, 1892911.875000, 2.000000, -2.430399, 0.016560, 0.000000, 28.577684
GVLHQFSGTETNR, Yes, 0.07113, 0.947080, 0.024429, 0.113357,  2,   723.36023,  24, 29764618.000000, 8.000000, 0.880563, 0.007516, 0.053356, 0.088899
IAQNFGLQHLSSGHLLR, Yes, 0.10939, 0.980793, 0.017738, 0.139920,  4,   473.51288,  36, 20820178.000000, 11.000000, 0.960539, 0.008586, 0.090263, 0.128523
PVIELYK, Yes, 0.20477, 0.842403, 0.039364, 0.130036,  2,   431.25764,  9, 64466736.000000, 12.000000, 0.657279, 0.053741, 0.086484, 0.323051


MeanRateConst/CorrCutOff, 0.108884, 0.900000


MedianRateConst/RMSSCutOff, 0.101079, 0.050000
StandDev/NumberPeptides, 0.003827, 6
TotalIonCurrent, 2.72857e+10
