Peptides, PeptideUnique, RateConstants, Correlations, RootMeanRSS, AbsoluteIsotopeError, Charge, m/z(Sequence), NEH, Abundance, NDP, Rsquared,sigma,CI lower band, CI upper band
VAFLWDLGSGSTR, Yes, 0.07010, 0.968571, 0.019754, 0.176978,  2,   704.86461,  21, 4201941.500000, 10.000000, 0.933044, 0.004515, 0.059884, 0.080312
QFQGDQLLAYGGK, Yes, 0.01433, -0.169762, 0.106617, 0.465832,  2,   712.86207,  26, 4632163.000000, 10.000000, -0.471366, 0.009711, 0.000000, 2.004350
ASYGQGLQQSR, Yes, 0.01182, 0.893844, 0.014745, 0.447038,  2,   597.79672,  29, 2846154.250000, 10.000000, 0.775436, 0.001028, 0.009490, 0.014140
LTSTYYWAAPEAYLGNK, Yes, 0.01456, 0.808921, 0.010592, 0.263112,  2,   974.47797,  28, 1439702.125000, 8.000000, 0.256211, 0.001215, 0.011685, 0.017430
AEGLSLQPYEEYFNVVR, Yes, 0.14399, 0.998780, 0.003904, 0.024708,  2,  1007.49944,  35, 12540827.000000, 10.000000, 0.997449, 0.002263, 0.138870, 0.149109


MeanRateConst/CorrCutOff, 0.107044, 0.900000


MedianRateConst/RMSSCutOff, 0.143989, 0.050000
StandDev/NumberPeptides, 0.003015, 2
TotalIonCurrent, 4.25491e+08
