Peptides, PeptideUnique, RateConstants, Correlations, RootMeanRSS, AbsoluteIsotopeError, Charge, m/z(Sequence), NEH, Abundance, NDP, Rsquared,sigma,CI lower band, CI upper band
ILGPLSYSK, Yes, 0.01397, 0.957992, 0.008877, 0.119125,  2,   489.28693,  13, 215348368.000000, 12.000000, 0.865431, 0.000988, 0.011795, 0.016144
FTGLQYLR, Yes, 0.01815, 0.912341, 0.012477, 0.051582,  2,   499.27691,  11, 97365344.000000, 12.000000, 0.782157, 0.001748, 0.014300, 0.021994
SVPMVPPGIK, Yes, 0.01018, 0.968456, 0.008737, 0.075388,  2,   512.79662,  16, 35738168.000000, 12.000000, 0.909677, 0.000825, 0.008368, 0.011999
NNQIDHIDEK, Yes, 0.07031, 0.933674, 0.033736, 0.035427,  2,   613.29400,  20, 7144738.000000, 12.000000, 0.822685, 0.008566, 0.051461, 0.089167
ISNIPDEYFK, Yes, 0.03413, 0.988765, 0.008162, 0.056200,  2,   613.30859,  16, 55609260.000000, 12.000000, 0.977508, 0.001373, 0.031109, 0.037152
SLEYLDLSFNQMSK, Yes, 0.02078, 0.972797, 0.010570, 0.072457,  2,   837.90580,  23, 152607536.000000, 12.000000, 0.933981, 0.001435, 0.017624, 0.023943
LPAGLPTSLLTLYLDNNK, Yes, 0.01965, 0.993093, 0.004679, 0.114719,  2,   972.04603,  24, 19961696.000000, 12.000000, 0.979805, 0.000698, 0.018112, 0.021182
LPAGLPTSLLTLYLDNNK, Yes, 0.01529, 0.965191, 0.009625, 0.083058,  3,   648.36644,  24, 17683534.000000, 12.000000, 0.906221, 0.001307, 0.012412, 0.018165
SIPTVNENLENYYLEVNELEK, Yes, 0.00929, 0.647065, 0.015763, 0.319892,  2,  1255.61845,  38, 2254329.500000, 12.000000, 0.407799, 0.002042, 0.004791, 0.013782
NNQIDHIDEK, Yes, 0.04469, 0.983719, 0.020234, 0.092289,  3,   409.19843,  20, 19767942.000000, 12.000000, 0.905791, 0.003388, 0.037236, 0.052148


MeanRateConst/CorrCutOff, 0.015329, 0.900000


MedianRateConst/RMSSCutOff, 0.015289, 0.050000
StandDev/NumberPeptides, 0.001132, 7
TotalIonCurrent, 1.2042e+10
