Peptides, PeptideUnique, RateConstants, Correlations, RootMeanRSS, AbsoluteIsotopeError, Charge, m/z(Sequence), NEH, Abundance, NDP, Rsquared,sigma,CI lower band, CI upper band
ALINPANVTFK, Yes, 0.09203, 0.998086, 0.005652, 0.039652,  2,   594.34277,  17, 203817168.000000, 12.000000, 0.995740, 0.002210, 0.087164, 0.096891
ASFSQGPINSANR, Yes, 0.11408, 0.993571, 0.017457, 0.048928,  2,   674.83383,  32, 116470840.000000, 12.000000, 0.973998, 0.006455, 0.099875, 0.128289
LAGVTALScWLPLR, Yes, 0.11990, 0.997841, 0.006014, 0.031913,  2,   778.93451,  23, 60546124.000000, 12.000000, 0.994739, 0.003349, 0.112525, 0.127266
YIcPHAPVMPVTLN, Yes, 0.01592, 0.753706, 0.034049, 0.163333,  2,   806.40473,  22, 23526216.000000, 12.000000, 0.518187, 0.004272, 0.006514, 0.025320
YIcPHAPVMPVTLNMN, Yes, 0.10784, 0.994749, 0.009033, 0.034000,  2,   928.94643,  25, 16213948.000000, 12.000000, 0.979481, 0.005380, 0.095995, 0.119678
IYEGMMHSScQQEMMDVK, Yes, 0.13695, 0.998852, 0.003484, 0.044538,  3,   735.30315,  36, 28126504.000000, 12.000000, 0.997440, 0.002860, 0.130653, 0.143244
IILGGFSQGGALSLYTALTTQQK, Yes, 0.06005, 0.892253, 0.017214, 0.263092,  2,  1184.14956,  39, 1046645.937500, 6.000000, 0.658933, 0.009612, 0.035346, 0.084761
IILGGFSQGGALSLYTALTTQQK, Yes, 0.15057, 0.992283, 0.011643, 0.034681,  3,   789.76880,  39, 23864146.000000, 12.000000, 0.976414, 0.010513, 0.127433, 0.173712
ATAAVIFLHGLGDTGHGWAEAFAGIK, Yes, 0.16886, 0.981694, 0.012978, 0.070957,  4,   653.34204,  51, 8936466.000000, 10.000000, 0.961561, 0.010319, 0.145521, 0.192208
MAMPSWFDIVGLSPDSQEDESGIK, Yes, 0.13494, 0.995707, 0.005997, 0.067278,  3,   880.40498,  47, 4328781.500000, 12.000000, 0.990773, 0.005435, 0.122976, 0.146902
ISVLQcHGDcDPLVPLMFGSLTVER, Yes, 0.01486, 0.826622, 0.012289, 0.276745,  3,   948.46782,  42, 11924035.000000, 12.000000, 0.682378, 0.002200, 0.010015, 0.019699
AMPSWFDIVGLSPDSQEDESGIK, Yes, 0.01583, 0.720024, 0.035280, 0.269661,  3,   836.72482,  46, 1308534.625000, 12.000000, 0.393880, 0.005134, 0.004532, 0.027130
DISVLQcHGDcDPLVPLMFGSLTVER, Yes, 0.05855, 0.989599, 0.006445, 0.142655,  3,   986.81013,  44, 11449212.000000, 12.000000, 0.977844, 0.002741, 0.052512, 0.064580


MeanRateConst/CorrCutOff, 0.128146, 0.900000


MedianRateConst/RMSSCutOff, 0.119896, 0.050000
StandDev/NumberPeptides, 0.004401, 8
TotalIonCurrent, 1.64329e+10
