Peptides, PeptideUnique, RateConstants, Correlations, RootMeanRSS, AbsoluteIsotopeError, Charge, m/z(Sequence), NEH, Abundance, NDP, Rsquared,sigma,CI lower band, CI upper band
SQESGYYDR, Yes, 0.29350, 0.987884, 0.018192, 0.078803,  2,   552.73325,  21, 4016128.250000, 12.000000, 0.970092, 0.023398, 0.242002, 0.344998
VVHIMDFQR, Yes, 0.24813, 0.992121, 0.010844, 0.124328,  3,   382.20258,  15, 17167970.000000, 12.000000, 0.982644, 0.015458, 0.214110, 0.282155
TEEGPTLSYGR, Yes, 0.23153, 0.993795, 0.013492, 0.056942,  2,   605.29094,  22, 79040160.000000, 12.000000, 0.984325, 0.013320, 0.202218, 0.260850
GNLGAGNGNLQGPR, Yes, 0.40177, 0.988834, 0.017522, 0.100496,  2,   662.83945,  31, 4760850.000000, 12.000000, 0.976489, 0.030632, 0.334347, 0.469190
ITPENLPQILLQLK, Yes, 0.30346, 0.998884, 0.004465, 0.098655,  2,   810.49016,  24, 8400914.000000, 12.000000, 0.997088, 0.007929, 0.286005, 0.320909
GPSLNPVLDYDHGSR, Yes, 2.04698, 0.810997, 0.047050, 0.219413,  3,   542.93387,  28, 11689321.000000, 12.000000, 0.476149, 1.273171, 1.179179, 2.914786
GDTDQASNILASFGLSAR, Yes, 0.06844, 0.810838, 0.052568, 0.086789,  2,   911.95012,  39, 22708440.000000, 12.000000, 0.290322, 0.013265, 0.039244, 0.097636
DLSAAGIGLLAAATQSLSMPASLGR, Yes, 0.31977, 0.999056, 0.003519, 0.047780,  3,   791.09316,  57, 3510306.250000, 12.000000, 0.997755, 0.007326, 0.303649, 0.335898
YQLLQLVEPFGVISNHLILNK, Yes, 0.30920, 0.991382, 0.009010, 0.078161,  3,   813.46504,  33, 4342646.500000, 12.000000, 0.979338, 0.023329, 0.257857, 0.360549
SFQQSSLGR, Yes, 0.11374, 0.940149, 0.042738, 0.079902,  2,   505.25670,  22, 17469664.000000, 12.000000, 0.881415, 0.015725, 0.079133, 0.148354


MeanRateConst/CorrCutOff, 0.284267, 0.900000


MedianRateConst/RMSSCutOff, 0.303457, 0.050000
StandDev/NumberPeptides, 0.012295, 6
TotalIonCurrent, 3.9667e+09
