Peptides, PeptideUnique, RateConstants, Correlations, RootMeanRSS, AbsoluteIsotopeError, Charge, m/z(Sequence), NEH, Abundance, NDP, Rsquared,sigma,CI lower band, CI upper band
WLPVGPH, Yes, 0.07865, 0.956764, 0.029259, 0.095474,  2,   403.22141,  11, 18540220.000000, 10.000000, 0.815129, 0.014421, 0.046029, 0.111274
HIGDGcHLTR, Yes, 0.05231, 0.873729, 0.041314, 0.013249,  3,   389.18922,  18, 30326458.000000, 10.000000, 0.602231, 0.006656, 0.037252, 0.067365
FIVAYGENMK, Yes, 0.33665, 0.994484, 0.008588, 0.071645,  2,   586.29443,  15, 45357040.000000, 10.000000, 0.987777, 0.012985, 0.307279, 0.366025
VTcVDPNPNFEK, Yes, 0.25386, 0.989882, 0.013329, 0.040309,  2,   710.33229,  18, 25198472.000000, 10.000000, 0.979802, 0.021134, 0.206056, 0.301672
AQFSEVQLEWQPPPFR, Yes, 0.47610, 0.990884, 0.013199, 0.134102,  3,   653.66349,  39, 7600253.500000, 9.000000, 0.975742, 0.029805, 0.407375, 0.544834
AQFSEVQLEWQPPPFR, Yes, 0.21392, 0.973592, 0.020938, 0.036912,  2,   979.99160,  39, 10401814.000000, 10.000000, 0.923582, 0.016812, 0.175883, 0.251948
GTSGNVALLELGcGTGANFQFYPQGcK, Yes, 0.02225, 0.953923, 0.036853, 0.104366,  3,   949.44607,  48, 1785158.750000, 4.000000, 0.377711, 0.014447, 0.000000, 3.025517
WLPVGPHIMGK, Yes, 0.06906, 0.902799, 0.033074, 0.093538,  3,   412.23035,  16, 23057298.000000, 10.000000, 0.691282, 0.008264, 0.050360, 0.087750


MeanRateConst/CorrCutOff, 0.127547, 0.900000


MedianRateConst/RMSSCutOff, 0.078651, 0.050000
StandDev/NumberPeptides, 0.009792, 5
TotalIonCurrent, 2.0854e+09
