Peptides, PeptideUnique, RateConstants, Correlations, RootMeanRSS, AbsoluteIsotopeError, Charge, m/z(Sequence), NEH, Abundance, NDP, Rsquared,sigma,CI lower band, CI upper band
LQSLGVPVAAASR, Yes, 0.15416, 0.989117, 0.017108, 0.176944,  2,   634.86969,  31, 9286367.000000, 8.000000, 0.975391, 0.006911, 0.137820, 0.170505
GQNIQLYPEVPEVLGR, Yes, 0.30237, 0.968532, 0.026821, 0.174918,  2,   906.48614,  34, 3567722.750000, 8.000000, 0.872536, 0.041180, 0.204995, 0.399747
DGMSLQTLTQGLETFAK, Yes, 0.21433, 0.997237, 0.005982, 0.032883,  2,   920.46148,  28, 4153512.000000, 8.000000, 0.994109, 0.005933, 0.200302, 0.228362
TGVPFSQMVFFDDENR, Yes, 0.02006, 0.770733, 0.040467, 0.116032,  2,   944.93036,  27, 2655357.500000, 7.000000, 0.379831, 0.012873, 0.000000, 3.536321


MeanRateConst/CorrCutOff, 0.223622, 0.900000


MedianRateConst/RMSSCutOff, 0.214332, 0.050000
StandDev/NumberPeptides, 0.008889, 3
TotalIonCurrent, 4.51025e+08
