Peptides, PeptideUnique, RateConstants, Correlations, RootMeanRSS, AbsoluteIsotopeError, Charge, m/z(Sequence), NEH, Abundance, NDP, Rsquared,sigma,CI lower band, CI upper band
ELASATVIK, Yes, 0.09685, 0.998379, 0.006292, 0.038640,  2,   466.27656,  17, 39221900.000000, 12.000000, 0.996070, 0.002188, 0.092030, 0.101661
SENESLPEPK, Yes, 0.09099, 0.995666, 0.018330, 0.107078,  2,   565.27220,  25, 13671888.000000, 12.000000, 0.967083, 0.005167, 0.079622, 0.102366
SDEIHASLPDLK, Yes, 0.10391, 0.994257, 0.011782, 0.068252,  3,   442.22962,  25, 29325030.000000, 12.000000, 0.986384, 0.004390, 0.094244, 0.113571
YVEEQPGNLQR, Yes, 0.10539, 0.996929, 0.010362, 0.044874,  2,   666.83075,  27, 38838876.000000, 12.000000, 0.989888, 0.003791, 0.097046, 0.113733
AYATSQQIFQAIK, Yes, 0.11810, 0.998026, 0.006636, 0.066300,  2,   734.89335,  29, 23527794.000000, 12.000000, 0.995676, 0.003005, 0.111490, 0.124717
MGVITASGLAGLLSAR, Yes, 0.09854, 0.993674, 0.011575, 0.089640,  3,   506.28870,  31, 8456753.000000, 12.000000, 0.985522, 0.004269, 0.089143, 0.107935
MGVITASGLAGLLSAR, Yes, 0.09798, 0.990147, 0.013929, 0.087319,  2,   758.92942,  31, 25605698.000000, 12.000000, 0.980269, 0.005104, 0.086745, 0.109211
LMDHGQSHPDDKDMYSTR, Yes, 0.09174, 0.935350, 0.025645, 0.145295,  4,   533.98356,  34, 6242306.500000, 12.000000, 0.870352, 0.011898, 0.065554, 0.117929
SDEIHASLPDLK, Yes, 0.01240, 0.767269, 0.025629, 0.169745,  2,   662.84079,  25, 19119628.000000, 12.000000, 0.476985, 0.002145, 0.007679, 0.017122
SESTSGTTQFIPDPK, Yes, 0.06556, 0.993004, 0.010342, 0.117820,  2,   797.88340,  27, 26561082.000000, 12.000000, 0.984915, 0.002595, 0.059851, 0.071275
IAYPLGLATLGATVcYPAQSVIIAK, Yes, 0.04820, 0.990481, 0.006691, 0.080556,  3,   864.14861,  45, 4921948.500000, 12.000000, 0.977429, 0.001997, 0.043804, 0.052593


MeanRateConst/CorrCutOff, 0.096562, 0.900000


MedianRateConst/RMSSCutOff, 0.097978, 0.050000
StandDev/NumberPeptides, 0.003790, 9
TotalIonCurrent, 5.36475e+09
