Peptides, PeptideUnique, RateConstants, Correlations, RootMeanRSS, AbsoluteIsotopeError, Charge, m/z(Sequence), NEH, Abundance, NDP, Rsquared,sigma,CI lower band, CI upper band
LYDWGLR, Yes, 0.10528, 0.995631, 0.007456, 0.052966,  2,   461.74270,  9, 58393616.000000, 12.000000, 0.987770, 0.004684, 0.094976, 0.115593
TQLEENISQLR, Yes, 0.12762, 0.993161, 0.014875, 0.051810,  2,   665.85168,  26, 57447148.000000, 12.000000, 0.984051, 0.006826, 0.112601, 0.142648
IDELSLYSVPEGQSK, Yes, 0.11510, 0.997137, 0.007183, 0.057158,  2,   832.92251,  29, 36036512.000000, 12.000000, 0.994120, 0.003433, 0.107540, 0.122654
VDHFVQWGVDNYNYLQNAPPGFFPR, Yes, 0.07375, 0.964284, 0.011702, 0.074738,  3,   994.14370,  43, 7241679.500000, 12.000000, 0.910107, 0.006761, 0.058874, 0.088635
GYIVIEDLWK, Yes, 0.05943, 0.990953, 0.013093, 0.092276,  2,   618.33716,  12, 71205000.000000, 12.000000, 0.955153, 0.004345, 0.049869, 0.068998


MeanRateConst/CorrCutOff, 0.096239, 0.900000


MedianRateConst/RMSSCutOff, 0.105285, 0.050000
StandDev/NumberPeptides, 0.004858, 5
TotalIonCurrent, 5.87826e+09
