Peptides, PeptideUnique, RateConstants, Correlations, RootMeanRSS, AbsoluteIsotopeError, Charge, m/z(Sequence), NEH, Abundance, NDP, Rsquared,sigma,CI lower band, CI upper band
LDASDEEVYTAAR, Yes, 0.03101, 0.937192, 0.025950, 0.243727,  2,   720.33606,  31, 6383465.500000, 12.000000, 0.832102, 0.003025, 0.024352, 0.037667
GGDLMSFLVASQTVQR, Yes, 0.15214, 0.939579, 0.032292, 0.642395,  2,   854.93799,  30, 11989463.000000, 12.000000, 0.850231, 0.022534, 0.102545, 0.201741
GQVIGFISQEPVLFATTIMENIR, Yes, 0.09358, 0.991218, 0.007767, 0.077798,  3,   855.12447,  42, 3342732.750000, 12.000000, 0.981072, 0.004552, 0.083561, 0.103599
ATGVADEALGNVR, Yes, 0.53752, 0.770589, 0.076055, 0.666798,  2,   636.83076,  29, 10994713.000000, 12.000000, -0.566291, 0.192396, 0.114061, 0.960981


MeanRateConst/CorrCutOff, 0.092244, 0.900000


MedianRateConst/RMSSCutOff, 0.093580, 0.050000
StandDev/NumberPeptides, 0.005045, 3
TotalIonCurrent, 1.24646e+09
