Peptides, PeptideUnique, RateConstants, Correlations, RootMeanRSS, AbsoluteIsotopeError, Charge, m/z(Sequence), NEH, Abundance, NDP, Rsquared,sigma,CI lower band, CI upper band
MVDMPANNK, Yes, 0.13900, 0.993261, 0.010909, 0.111924,  2,   510.23606,  15, 64956128.000000, 12.000000, 0.985751, 0.007043, 0.123499, 0.154504
AVLITYGPYAVNGK, Yes, 0.32740, 0.996838, 0.009234, 0.036244,  2,   733.40610,  20, 43685196.000000, 12.000000, 0.985884, 0.018466, 0.286757, 0.368044
ISPQSNVDFDLTLR, Yes, 0.23191, 0.993029, 0.011793, 0.025759,  2,   802.91757,  24, 52798416.000000, 12.000000, 0.981606, 0.014187, 0.200688, 0.263138
MIHISPLNcTEGLFR, Yes, 0.58106, 0.996237, 0.009833, 0.046195,  3,   596.63589,  25, 363471488.000000, 12.000000, 0.982616, 0.043524, 0.485266, 0.676858
DTVLLEELGQASGLVLER, Yes, 0.25309, 0.998558, 0.005114, 0.080826,  2,   971.52820,  36, 6565078.500000, 12.000000, 0.996575, 0.006856, 0.237997, 0.268176
DTVLLEELGQASGLVLER, Yes, 0.25805, 0.998955, 0.004225, 0.056502,  3,   648.02123,  36, 23348928.000000, 12.000000, 0.997797, 0.005806, 0.245272, 0.270829
NKEPILSVLR, Yes, 0.09112, 0.986891, 0.014701, 0.098623,  2,   584.85604,  17, 21692246.000000, 12.000000, 0.972033, 0.005520, 0.078971, 0.103269
cLDSIAATTR, Yes, 0.06620, 0.930808, 0.051976, 0.092436,  2,   554.27678,  19, 276590016.000000, 12.000000, 0.765732, 0.012066, 0.039646, 0.092760


MeanRateConst/CorrCutOff, 0.267613, 0.900000


MedianRateConst/RMSSCutOff, 0.253087, 0.050000
StandDev/NumberPeptides, 0.009035, 4
TotalIonCurrent, 1.91173e+10
