Peptides, PeptideUnique, RateConstants, Correlations, RootMeanRSS, AbsoluteIsotopeError, Charge, m/z(Sequence), NEH, Abundance, NDP, Rsquared,sigma,CI lower band, CI upper band
ANAEYMSPSGK, Yes, 0.30146, 0.948093, 0.049411, 0.332169,  2,   577.76095,  25, 40833568.000000, 11.000000, 0.598677, 0.064406, 0.157960, 0.444970
LGTQPYFFNK, Yes, 0.04511, 0.979088, 0.009479, 0.061250,  2,   607.81386,  12, 117844024.000000, 11.000000, 0.958093, 0.002498, 0.039547, 0.050679
GHSLSDGLDEVQK, Yes, 0.19452, 0.994583, 0.011533, 0.146556,  2,   692.83879,  26, 10232739.000000, 11.000000, 0.989172, 0.009142, 0.174146, 0.214886
VPFIHVGNQVVSELGPIVQFVK, Yes, 0.06907, 0.988529, 0.009747, 0.101828,  3,   802.78966,  35, 19147354.000000, 11.000000, 0.966416, 0.004041, 0.060061, 0.078070
TLDQVLEDVDQccQALSQR, Yes, 0.04165, 0.948972, 0.044261, 0.108584,  3,   760.01946,  41, 3994887.000000, 9.000000, 0.747395, 0.012731, 0.012296, 0.071010


MeanRateConst/CorrCutOff, 0.087587, 0.900000


MedianRateConst/RMSSCutOff, 0.069066, 0.050000
StandDev/NumberPeptides, 0.004493, 4
TotalIonCurrent, 3.54668e+09
