Peptides, PeptideUnique, RateConstants, Correlations, RootMeanRSS, AbsoluteIsotopeError, Charge, m/z(Sequence), NEH, Abundance, NDP, Rsquared,sigma,CI lower band, CI upper band
VAGTQPITcK, Yes, 0.10929, 0.988820, 0.023523, 0.079062,  2,   537.78425,  16, 57034548.000000, 11.000000, 0.964293, 0.010405, 0.086103, 0.132468
QQEVGQLDFR, Yes, 0.17492, 0.946882, 0.037746, 0.114204,  2,   610.30693,  24, 8574428.000000, 11.000000, 0.887899, 0.022649, 0.124452, 0.225381
IIDEDFELTER, Yes, 0.03950, 0.877234, 0.037509, 0.203581,  2,   690.33808,  22, 14032089.000000, 11.000000, 0.758888, 0.005410, 0.027449, 0.051558
VTWLLNGQPIQFAH, Yes, 0.05680, 0.841907, 0.040505, 0.158512,  2,   812.43574,  24, 6413802.000000, 11.000000, 0.664645, 0.008958, 0.036845, 0.076762
STSFNVQDLLPDR, Yes, 0.31410, 0.832428, 0.054678, 0.181848,  2,   746.37554,  23, 18840190.000000, 11.000000, 0.541183, 0.089221, 0.115301, 0.512896
VSDVYDIEER, Yes, 0.05407, 0.947119, 0.030342, 0.149455,  2,   612.79077,  20, 43032892.000000, 11.000000, 0.849571, 0.005274, 0.042320, 0.065821


MeanRateConst/CorrCutOff, 0.199433, 0.900000


MedianRateConst/RMSSCutOff, 0.174917, 0.050000
StandDev/NumberPeptides, 0.017889, 3
TotalIonCurrent, 2.27741e+09
