Peptides, PeptideUnique, RateConstants, Correlations, RootMeanRSS, AbsoluteIsotopeError, Charge, m/z(Sequence), NEH, Abundance, NDP, Rsquared,sigma,CI lower band, CI upper band
DIELVMSQANVSR, Yes, 0.11401, 0.977924, 0.030596, 0.111300,  2,   731.37193,  28, 46957776.000000, 12.000000, 0.858727, 0.013250, 0.084844, 0.143171
SPASDTYIVFGEAK, Yes, 0.04845, 0.871712, 0.045806, 0.169495,  3,   495.58043,  26, 8013192.000000, 12.000000, 0.558680, 0.008611, 0.029497, 0.067402
NILFVITKPDVYK, Yes, 0.03199, 0.923135, 0.013102, 0.232161,  3,   517.30446,  12, 96734752.000000, 12.000000, 0.843435, 0.003238, 0.024861, 0.039114
NILFVITKPDVYK, Yes, 0.10766, 0.952034, 0.017923, 0.112102,  2,   775.45305,  12, 16903658.000000, 12.000000, 0.871009, 0.013668, 0.077577, 0.137743
IEDLSQQAQLAAAEK, Yes, 0.18757, 0.988443, 0.018655, 0.086898,  2,   807.92029,  42, 32059746.000000, 12.000000, 0.971342, 0.013275, 0.158349, 0.216787
SPASDTYIVFGEAK, Yes, 0.56335, 0.967188, 0.030674, 0.263249,  2,   742.86701,  26, 45983216.000000, 12.000000, 0.802040, 0.102738, 0.337227, 0.789478
NNSNDIVNAIMELTM, Yes, 0.21624, 0.997438, 0.007101, 0.043341,  2,   839.89236,  25, 17430992.000000, 12.000000, 0.992302, 0.008306, 0.197958, 0.234523


MeanRateConst/CorrCutOff, 0.135864, 0.900000


MedianRateConst/RMSSCutOff, 0.187568, 0.050000
StandDev/NumberPeptides, 0.006924, 4
TotalIonCurrent, 7.26158e+09
