Peptides, PeptideUnique, RateConstants, Correlations, RootMeanRSS, AbsoluteIsotopeError, Charge, m/z(Sequence), NEH, Abundance, NDP, Rsquared,sigma,CI lower band, CI upper band
AHPNLPILIR, Yes, 0.08693, 0.995646, 0.008952, 0.123435,  2,   572.35347,  20, 72044448.000000, 10.000000, 0.988461, 0.002905, 0.080357, 0.093500
TVSLNNLSADEVTR, Yes, 0.09745, 0.999411, 0.003092, 0.038002,  2,   759.89155,  24, 128609448.000000, 10.000000, 0.998664, 0.001178, 0.094783, 0.100115
YAFGQEK, Yes, 0.14130, 0.996231, 0.009572, 0.017589,  2,   421.70578,  15, 139243152.000000, 10.000000, 0.990530, 0.005406, 0.129067, 0.153527
AMQNVLSGK, Yes, 0.05583, 0.997743, 0.006381, 0.080487,  2,   474.25257,  17, 165924752.000000, 10.000000, 0.992378, 0.001368, 0.052733, 0.058920


MeanRateConst/CorrCutOff, 0.095375, 0.900000


MedianRateConst/RMSSCutOff, 0.097449, 0.050000
StandDev/NumberPeptides, 0.001897, 4
TotalIonCurrent, 8.07324e+09
