Peptides, PeptideUnique, RateConstants, Correlations, RootMeanRSS, AbsoluteIsotopeError, Charge, m/z(Sequence), NEH, Abundance, NDP, Rsquared,sigma,CI lower band, CI upper band
VYINLDKETK, Yes, 0.86659, 0.806369, 0.037034, 0.267212,  2,   611.83751,  11, 10378229.000000, 11.000000, -0.044779, 0.331408, 0.128169, 1.605017
TGTcGYcGLQFK, Yes, 0.12278, 0.991314, 0.017651, 0.017974,  2,   696.30777,  15, 110684216.000000, 11.000000, 0.949083, 0.011761, 0.096576, 0.148987
IIAcDGGGGALGHPK, Yes, 0.13891, 0.999329, 0.004879, 0.063459,  3,   474.91012,  30, 154605328.000000, 11.000000, 0.997975, 0.002524, 0.133281, 0.144530
IIAcDGGGGALGHPK, Yes, 0.11254, 0.997867, 0.007232, 0.074136,  2,   711.86155,  30, 21878132.000000, 11.000000, 0.995026, 0.002924, 0.106027, 0.119055
EVNENFAIDLIAQQPVNEVEHR, Yes, 0.06798, 0.965871, 0.018390, 0.115964,  3,   855.42949,  52, 17903626.000000, 11.000000, 0.920937, 0.006916, 0.052575, 0.083394
QKEVNENFAIDLIAQQPVNEVEHR, Yes, 0.12355, 0.988425, 0.010501, 0.077317,  4,   705.86232,  57, 11580367.000000, 11.000000, 0.967449, 0.008430, 0.104764, 0.142328
ITHTGQVYDEK, Yes, 0.17010, 0.995357, 0.009431, 0.021356,  2,   645.81987,  17, 29427764.000000, 11.000000, 0.989228, 0.007910, 0.152478, 0.187725
ITHTGQVYDEK, Yes, 0.18272, 0.995159, 0.009134, 0.038701,  3,   430.88234,  17, 93557920.000000, 11.000000, 0.989031, 0.008369, 0.164075, 0.201370


MeanRateConst/CorrCutOff, 0.133575, 0.900000


MedianRateConst/RMSSCutOff, 0.123546, 0.050000
StandDev/NumberPeptides, 0.004680, 5
TotalIonCurrent, 1.24572e+10
