Peptides, PeptideUnique, RateConstants, Correlations, RootMeanRSS, AbsoluteIsotopeError, Charge, m/z(Sequence), NEH, Abundance, NDP, Rsquared,sigma,CI lower band, CI upper band
EPEPTDTTTYK, Yes, 0.09281, 0.996366, 0.007101, 0.059348,  2,   641.29589,  16, 50546144.000000, 12.000000, 0.992314, 0.002949, 0.086316, 0.099297
TQSVLKEPEPTDTTTYK, Yes, 0.18091, 0.990544, 0.010997, 0.416366,  3,   646.66159,  25, 32754326.000000, 12.000000, 0.977892, 0.011357, 0.155910, 0.205903
TQSVLKEPEPTDTTTYK, Yes, 0.07767, 0.961177, 0.022844, 0.203097,  2,   969.48875,  25, 4917040.500000, 12.000000, 0.904028, 0.008717, 0.058485, 0.096855
NLQHHDYNTYTFLDLNLDLSK, Yes, 0.55107, 0.974160, 0.011347, 0.648450,  4,   641.81585,  28, 19355626.000000, 12.000000, 0.943004, 0.066604, 0.404476, 0.697663


MeanRateConst/CorrCutOff, 0.225613, 0.900000


MedianRateConst/RMSSCutOff, 0.180907, 0.050000
StandDev/NumberPeptides, 0.007182, 4
TotalIonCurrent, 4.67373e+09
