Peptides, PeptideUnique, RateConstants, Correlations, RootMeanRSS, AbsoluteIsotopeError, Charge, m/z(Sequence), NEH, Abundance, NDP, Rsquared,sigma,CI lower band, CI upper band
NDPMLLYNK, Yes, 0.44387, 0.305661, 0.089867, 0.104763,  2,   554.27878,  11, 31265774.000000, 12.000000, -0.653172, 0.325159, 0.000000, 2.201546
TDVHSPGNFR, Yes, 0.08411, 0.971150, 0.023071, 0.117413,  3,   377.18435,  18, 27778058.000000, 12.000000, 0.927322, 0.007325, 0.067992, 0.100237
LYVEAAFAGESK, Yes, 0.05449, 0.748198, 0.067610, 0.130454,  2,   642.82715,  27, 13274876.000000, 12.000000, 0.276702, 0.012414, 0.027171, 0.081816
ALYGTTSETATWR, Yes, 0.08051, 0.713146, 0.061386, 0.027830,  2,   728.85698,  21, 29197206.000000, 12.000000, 0.307424, 0.020645, 0.035072, 0.125948
IGYPDDIISNENK, Yes, 0.01242, 0.548901, 0.027039, 0.111642,  2,   739.36208,  22, 41445276.000000, 12.000000, 0.078682, 0.002656, 0.006574, 0.018265
EDEYFENIIQNLK, Yes, 0.33388, 0.974550, 0.019107, 0.124295,  2,   827.90156,  25, 2879514.750000, 12.000000, 0.947361, 0.037265, 0.251858, 0.415895
cANYVNGNMENAVGR, Yes, 0.00000, -2.000000, 0.001194, 0.205971,  2,   834.86448,  31, 3654587.250000, 10.000000, -1430.989868, 0.000086, 0.000000, 3.001009
DGDLVDWWTQQSANNFK, Yes, 0.49089, 0.994512, 0.013000, 0.230258,  2,  1012.46087,  28, 5149427.500000, 12.000000, 0.950186, 0.048057, 0.385121, 0.596669
IIGTLQNSAEFADAFHcR, Yes, 0.34938, 0.980683, 0.016056, 0.076709,  3,   683.99854,  39, 8893389.000000, 12.000000, 0.959532, 0.034278, 0.273933, 0.424824
EVFIQTLDDLTWMDAETK, Yes, 0.22136, 0.993015, 0.008179, 0.081353,  2,  1078.01682,  26, 2328843.000000, 11.000000, 0.985127, 0.012915, 0.192582, 0.250136
LLPDIYGWPVASDNWDQTYGTSWTAEK, Yes, 0.03199, 0.976867, 0.008071, 0.145153,  3,  1038.48909,  42, 8658323.000000, 12.000000, 0.935595, 0.002415, 0.026673, 0.037303
VDKDEWISGAAVVNAFYSSGR, Yes, 0.89429, 0.991863, 0.010199, 0.696737,  3,   757.70619,  41, 3092130.250000, 10.000000, 0.980483, 0.083052, 0.706413, 1.082167
FIMDLVSSLSR, Yes, 0.14609, 0.990291, 0.016738, 0.356530,  2,   634.33938,  17, 27994990.000000, 12.000000, 0.961593, 0.012075, 0.119517, 0.172672
DYYEcTGIYK, Yes, 0.06912, 0.968359, 0.016156, 0.140278,  2,   656.28172,  12, 6853196.500000, 12.000000, 0.905482, 0.006342, 0.055165, 0.083082


MeanRateConst/CorrCutOff, 0.176562, 0.900000


MedianRateConst/RMSSCutOff, 0.146095, 0.050000
StandDev/NumberPeptides, 0.007571, 7
TotalIonCurrent, 4.23272e+09
