Peptides, PeptideUnique, RateConstants, Correlations, RootMeanRSS, AbsoluteIsotopeError, Charge, m/z(Sequence), NEH, Abundance, NDP, Rsquared,sigma,CI lower band, CI upper band
TMDFPTPAAAFR, Yes, 0.27564, 0.440907, 0.089460, 0.252804,  2,   662.82136,  24, 15708735.000000, 12.000000, -1.086376, 0.121838, 0.007477, 0.543804
SVFFGPDFITVTK, Yes, 0.04016, 0.909965, 0.021388, 0.187324,  2,   729.38740,  13, 18196470.000000, 12.000000, 0.793906, 0.005515, 0.028020, 0.052298
IRPTVQEDGGDVIYR, Yes, 0.24812, 0.980685, 0.019735, 0.085576,  3,   573.30044,  28, 8997933.000000, 12.000000, 0.952785, 0.025355, 0.192312, 0.303923
MFIQTQDTPNPNSLK, Yes, 0.22677, 0.988867, 0.012497, 0.072343,  2,   867.42998,  25, 3531479.000000, 12.000000, 0.976040, 0.015997, 0.191563, 0.261984
LQGScTScPSSIITLK, Yes, 0.08149, 0.822798, 0.047243, 0.087515,  2,   876.43696,  26, 9908779.000000, 12.000000, 0.248807, 0.016732, 0.044664, 0.118317


MeanRateConst/CorrCutOff, 0.171683, 0.900000


MedianRateConst/RMSSCutOff, 0.226774, 0.050000
StandDev/NumberPeptides, 0.010591, 3
TotalIonCurrent, 1.19729e+09
