Peptides, PeptideUnique, RateConstants, Correlations, RootMeanRSS, AbsoluteIsotopeError, Charge, m/z(Sequence), NEH, Abundance, NDP, Rsquared,sigma,CI lower band, CI upper band
MVYWTDVAGR, Yes, 0.44336, 0.833036, 0.041236, 0.330644,  2,   599.28969,  14, 46472720.000000, 12.000000, 0.609237, 0.132908, 0.150834, 0.735890
ESLLEHYGGTPR, Yes, 0.03683, 0.903223, 0.035241, 0.032263,  3,   453.56148,  25, 29816554.000000, 12.000000, 0.627661, 0.005001, 0.025819, 0.047834
YAQTQHAYPGSR, Yes, 0.01485, 0.624652, 0.046845, 0.110027,  2,   689.82855,  30, 3199402.000000, 12.000000, 0.377350, 0.003947, 0.006163, 0.023538
DIGLPNGLTFDPFSK, Yes, 0.01446, 0.974503, 0.006765, 0.144202,  2,   810.91704,  21, 28616886.000000, 12.000000, 0.946951, 0.000809, 0.012677, 0.016239
cGPNSVcVNLVGSYR, Yes, 0.00685, 0.398271, 0.037582, 0.328167,  2,   841.39289,  25, 1680867.625000, 12.000000, -0.147694, 0.003425, 0.000000, 1.959627
SHLYGITAVYPYcPTG, Yes, 0.04031, 0.847507, 0.029529, 0.234768,  2,   899.92708,  24, 16998270.000000, 12.000000, 0.647190, 0.006221, 0.026620, 0.054005
ITQTAEGLDPENYLSIK, Yes, 0.00920, 0.873818, 0.013219, 0.161298,  2,   946.48600,  31, 27570374.000000, 12.000000, 0.734544, 0.001297, 0.006349, 0.012059
ASLEAGAEPETIITSGLISPEGLAIDHFR, Yes, 0.05237, 0.988326, 0.006928, 0.135223,  3,   998.85212,  65, 13537689.000000, 12.000000, 0.975963, 0.002405, 0.047073, 0.057661
IETSSLDGENR, Yes, 0.02298, 0.993034, 0.009103, 0.185113,  2,   610.79130,  24, 3282894.750000, 12.000000, 0.978712, 0.000884, 0.021032, 0.024923
YAQTQHAYPGSR, Yes, 0.02331, 0.992035, 0.007195, 0.088851,  3,   460.22146,  30, 16982504.000000, 12.000000, 0.982237, 0.000725, 0.021714, 0.024908
LLcWADAGTK, Yes, 0.05608, 0.845810, 0.040663, 0.185994,  2,   567.78424,  15, 124251896.000000, 12.000000, 0.579400, 0.009957, 0.034166, 0.077997
HcLPEGAPHR, Yes, 0.01246, 0.859719, 0.019282, 0.064106,  3,   391.85758,  26, 12374200.000000, 12.000000, 0.721880, 0.001469, 0.009228, 0.015694
AFALYSEDEGVLR, Yes, 0.02707, 0.967273, 0.018432, 0.274355,  2,   735.36717,  28, 33346232.000000, 12.000000, 0.835112, 0.002212, 0.022205, 0.031941
DSGQFTDEFLPEQR, Yes, 1.09835, 0.575422, 0.072868, 0.710606,  2,   834.87864,  31, 9421495.000000, 12.000000, -1.518688, 0.616980, 0.250734, 1.945966


MeanRateConst/CorrCutOff, 0.021955, 0.900000


MedianRateConst/RMSSCutOff, 0.022978, 0.050000
StandDev/NumberPeptides, 0.000953, 4
TotalIonCurrent, 7.01877e+09
