Peptides, PeptideUnique, RateConstants, Correlations, RootMeanRSS, AbsoluteIsotopeError, Charge, m/z(Sequence), NEH, Abundance, NDP, Rsquared,sigma,CI lower band, CI upper band
LHALVVGPGLGR, Yes, 0.08370, 0.993380, 0.011258, 0.053510,  3,   396.91190,  22, 20661240.000000, 12.000000, 0.986548, 0.003367, 0.076287, 0.091106
DMENLFQLVR, Yes, 0.05481, 0.986299, 0.015379, 0.128677,  2,   632.82135,  18, 17852542.000000, 12.000000, 0.960264, 0.003604, 0.046874, 0.062738
LSQALGNITVVQK, Yes, 0.10351, 0.995256, 0.009759, 0.052117,  2,   685.90373,  22, 22962320.000000, 12.000000, 0.989819, 0.004033, 0.094628, 0.112383
AILTPNHVEFSR, Yes, 0.20943, 0.994448, 0.012184, 0.063775,  3,   461.91749,  24, 14788687.000000, 12.000000, 0.985523, 0.011557, 0.183993, 0.234867
STTTTDMITEVGTAFSR, Yes, 0.11269, 0.988666, 0.012738, 0.121911,  3,   606.62438,  24, 4959126.500000, 12.000000, 0.974435, 0.007153, 0.096947, 0.128435
IGIVGGcQEYTGAPYFAGISALK, Yes, 0.04967, 0.956338, 0.016101, 0.225490,  2,  1186.60138,  43, 3346844.250000, 12.000000, 0.911687, 0.004328, 0.040150, 0.059200
GEQDLISNGQQVLVcNQEGSSR, Yes, 0.17210, 0.980404, 0.017523, 0.135016,  3,   806.71531,  51, 1734297.625000, 8.000000, 0.930812, 0.017028, 0.131834, 0.212362
SYSPELIVHPVLDSSNAVEEVEK, Yes, 0.10712, 0.985537, 0.012552, 0.169057,  3,   847.76214,  47, 5473051.500000, 12.000000, 0.961709, 0.007633, 0.090315, 0.123917
VGADLTHVFcAR, Yes, 0.12559, 0.970336, 0.028999, 0.069705,  3,   449.22757,  22, 22211622.000000, 12.000000, 0.931900, 0.015000, 0.092576, 0.158607


MeanRateConst/CorrCutOff, 0.085248, 0.900000


MedianRateConst/RMSSCutOff, 0.103506, 0.050000
StandDev/NumberPeptides, 0.004531, 6
TotalIonCurrent, 3.06634e+09
