Peptides, PeptideUnique, RateConstants, Correlations, RootMeanRSS, AbsoluteIsotopeError, Charge, m/z(Sequence), NEH, Abundance, NDP, Rsquared,sigma,CI lower band, CI upper band
AVVIVDDR, No, 0.23886, 0.997211, 0.007137, 0.055883,  2,   443.75327,  13, 71496528.000000, 11.000000, 0.994177, 0.008710, 0.219457, 0.258271
VELDNMPLR, Yes, 0.26202, 0.997669, 0.007066, 0.021247,  2,   543.78423,  16, 57514072.000000, 11.000000, 0.993691, 0.009785, 0.240215, 0.283821
RQQEEMMR, Yes, 0.20696, 0.998732, 0.006380, 0.083266,  2,   554.25531,  24, 3380138.500000, 11.000000, 0.996839, 0.005204, 0.195370, 0.218560
MGQMAMGGAMGINNR, Yes, 0.03847, 0.783336, 0.039041, 0.078557,  2,   769.83836,  32, 26192998.000000, 11.000000, 0.548399, 0.006488, 0.024010, 0.052921
FAQPGSFEYEYAMR, Yes, 0.22198, 0.997792, 0.006218, 0.103691,  2,   848.37721,  33, 24281822.000000, 11.000000, 0.995388, 0.006955, 0.206482, 0.237477
NLPQYVSNELLEEAFSVFGQVER, Yes, 0.17416, 0.997276, 0.005369, 0.052958,  3,   890.11328,  49, 4895281.500000, 11.000000, 0.992394, 0.006410, 0.159879, 0.188444
cSEGSFLLTTFPR, Yes, 0.08782, 0.994562, 0.010825, 0.037365,  2,   757.86904,  21, 63704164.000000, 11.000000, 0.980813, 0.004214, 0.078432, 0.097209
FAcHSASLTVR, Yes, 0.12298, 0.996993, 0.009221, 0.051215,  3,   416.87664,  22, 24115060.000000, 11.000000, 0.991330, 0.004362, 0.113264, 0.132701


MeanRateConst/CorrCutOff, 0.220798, 0.900000


MedianRateConst/RMSSCutOff, 0.221980, 0.050000
StandDev/NumberPeptides, 0.007053, 5
TotalIonCurrent, 5.03998e+09
