Peptides, PeptideUnique, RateConstants, Correlations, RootMeanRSS, AbsoluteIsotopeError, Charge, m/z(Sequence), NEH, Abundance, NDP, Rsquared,sigma,CI lower band, CI upper band
ELTLMALH, Yes, 0.12939, 0.986923, 0.013211, 0.088583,  2,   464.25203,  13, 16719746.000000, 10.000000, 0.973015, 0.007772, 0.111803, 0.146968
LTNHMINLQPSHTR, Yes, 0.04067, 0.963230, 0.020220, 0.165291,  2,   831.43065,  25, 3098808.250000, 10.000000, 0.891285, 0.004056, 0.031493, 0.049845
AHVEAPIAGSMILAAILLK, Yes, 0.05081, 0.932923, 0.023357, 0.223226,  3,   640.04464,  41, 5727961.500000, 9.000000, 0.850537, 0.004538, 0.040342, 0.061270
MIPLILLTTSPK, Yes, 0.02740, 0.906652, 0.018367, 0.202585,  2,   663.90689,  13, 14224296.000000, 10.000000, 0.730940, 0.003973, 0.018416, 0.036394
LTNHMINLQPSHTR, Yes, 0.06328, 0.990792, 0.010855, 0.072196,  4,   416.21896,  25, 81619368.000000, 10.000000, 0.974390, 0.002978, 0.056545, 0.070018


MeanRateConst/CorrCutOff, 0.081158, 0.900000


MedianRateConst/RMSSCutOff, 0.063282, 0.050000
StandDev/NumberPeptides, 0.004381, 3
TotalIonCurrent, 1.37255e+09
