Peptides, PeptideUnique, RateConstants, Correlations, RootMeanRSS, AbsoluteIsotopeError, Charge, m/z(Sequence), NEH, Abundance, NDP, Rsquared,sigma,CI lower band, CI upper band
GIQEIADSVK, Yes, 0.22285, 0.857089, 0.070581, 0.188540,  2,   530.28766,  21, 419981536.000000, 12.000000, 0.219478, 0.062857, 0.084497, 0.361194
VSVNDFIIR, Yes, 0.08888, 0.992699, 0.012823, 0.081455,  2,   531.80075,  13, 49248864.000000, 12.000000, 0.963495, 0.005325, 0.077159, 0.100599
HSLDASQGTATGPR, Yes, 0.05930, 0.992813, 0.017254, 0.172284,  2,   699.34203,  33, 4641868.500000, 12.000000, 0.976267, 0.003126, 0.052422, 0.066183
QMPGVNVTWDGEGPK, Yes, 0.09329, 0.998061, 0.005286, 0.067672,  2,   807.88268,  26, 26461334.000000, 12.000000, 0.996042, 0.002116, 0.088636, 0.097952
VLMPSLSPTMEQGNIVK, Yes, 0.06921, 0.996420, 0.005976, 0.106633,  2,   922.48644,  28, 13113977.000000, 12.000000, 0.992112, 0.001983, 0.064849, 0.073579
PMTPPVSIPGQPNAAGTFTEIPASNIR, Yes, 0.04172, 0.977958, 0.010026, 0.159703,  3,   921.80932,  57, 4977506.500000, 12.000000, 0.953159, 0.002719, 0.035736, 0.047703
LTEDEEGNPQLQQHQLITVTMSSDSR, Yes, 0.01160, 0.630396, 0.016563, 0.265442,  3,   986.13660,  57, 3669891.750000, 12.000000, -0.018824, 0.002493, 0.006118, 0.017091
GLITPIIK, Yes, 0.03667, 0.954559, 0.013061, 0.104779,  2,   427.78911,  8, 32688026.000000, 12.000000, 0.910384, 0.003154, 0.029728, 0.043612
VVDDELATR, Yes, 0.08620, 0.952352, 0.031749, 0.020158,  2,   509.26420,  17, 37841376.000000, 12.000000, 0.889740, 0.009928, 0.064347, 0.108051
HSLDASQGTATGPR, Yes, 0.05623, 0.997831, 0.008383, 0.140052,  3,   466.56378,  33, 14710993.000000, 12.000000, 0.993485, 0.001445, 0.053051, 0.059413
QLPSVDISVAVATDK, Yes, 0.04731, 0.958378, 0.027365, 0.169259,  2,   771.92232,  27, 7846064.500000, 12.000000, 0.793377, 0.005007, 0.036292, 0.058332


MeanRateConst/CorrCutOff, 0.064314, 0.900000


MedianRateConst/RMSSCutOff, 0.059303, 0.050000
StandDev/NumberPeptides, 0.002847, 9
TotalIonCurrent, 1.82334e+10
