Peptides, PeptideUnique, RateConstants, Correlations, RootMeanRSS, AbsoluteIsotopeError, Charge, m/z(Sequence), NEH, Abundance, NDP, Rsquared,sigma,CI lower band, CI upper band
TYSQVGFR, Yes, 0.14899, 0.980845, 0.018299, 0.221224,  2,   479.24307,  13, 38198300.000000, 12.000000, 0.960029, 0.013102, 0.120156, 0.177832
IAASQNTVWSVVK, Yes, 0.02866, 0.960742, 0.025501, 0.072379,  2,   701.88808,  22, 56726128.000000, 12.000000, 0.822606, 0.003459, 0.021043, 0.036269
LQTMYEMETSGK, Yes, 0.10867, 0.996358, 0.007288, 0.137035,  2,   709.32052,  20, 17674442.000000, 12.000000, 0.992493, 0.003665, 0.100606, 0.116738
DGPLGFYHGLSSTLLR, Yes, 0.11134, 0.993730, 0.009912, 0.054403,  3,   578.30542,  25, 16350669.000000, 12.000000, 0.986108, 0.005273, 0.099735, 0.122946
NEGITALYSGLKPTMIR, Yes, 0.08416, 0.988070, 0.013171, 0.074956,  3,   622.00474,  28, 17063470.000000, 12.000000, 0.960400, 0.005277, 0.072541, 0.095771


MeanRateConst/CorrCutOff, 0.083206, 0.900000


MedianRateConst/RMSSCutOff, 0.108672, 0.050000
StandDev/NumberPeptides, 0.004250, 4
TotalIonCurrent, 4.24108e+09
