Peptides, PeptideUnique, RateConstants, Correlations, RootMeanRSS, AbsoluteIsotopeError, Charge, m/z(Sequence), NEH, Abundance, NDP, Rsquared,sigma,CI lower band, CI upper band
IIVLGLLPR, Yes, 0.10647, 0.994177, 0.009685, 0.049282,  2,   497.34459,  12, 29449918.000000, 12.000000, 0.980999, 0.005184, 0.095061, 0.117879
ELFSPLHALNFGIGGDTTR, Yes, 0.17992, 0.998476, 0.007630, 0.050861,  3,   682.35321,  33, 14664861.000000, 12.000000, 0.989592, 0.007574, 0.163252, 0.196591
DKEPDVLFVGDSMVQLMQQYEIWR, Yes, 0.16255, 0.978660, 0.011887, 0.099540,  3,   976.14198,  43, 1175767.125000, 12.000000, 0.920633, 0.016772, 0.125632, 0.199462


MeanRateConst/CorrCutOff, 0.149646, 0.900000


MedianRateConst/RMSSCutOff, 0.162547, 0.050000
StandDev/NumberPeptides, 0.007801, 3
TotalIonCurrent, 1.8442e+09
