Peptides, PeptideUnique, RateConstants, Correlations, RootMeanRSS, AbsoluteIsotopeError, Charge, m/z(Sequence), NEH, Abundance, NDP, Rsquared,sigma,CI lower band, CI upper band
AAHLcAEAALR, Yes, 0.19673, 0.995033, 0.013875, 0.246395,  3,   394.87311,  33, 18646052.000000, 12.000000, 0.989001, 0.009120, 0.176661, 0.216806
SEMEVQDAELK, Yes, 0.08388, 0.974816, 0.024696, 0.164851,  2,   639.79773,  27, 14577373.000000, 12.000000, 0.949748, 0.006865, 0.068770, 0.098990
TIIQNPTDQQK, Yes, 0.27088, 0.991708, 0.014654, 0.081728,  2,   643.34096,  21, 29862402.000000, 12.000000, 0.978449, 0.018930, 0.229217, 0.312545
ITSGPFEPDLYK, Yes, 0.02300, 0.982021, 0.013245, 0.143772,  2,   683.84809,  18, 152771248.000000, 12.000000, 0.852550, 0.001803, 0.019035, 0.026971
SLVEASSSGVSVLSLcEK, Yes, 0.08408, 0.987624, 0.016338, 0.104866,  2,   926.47204,  35, 8411171.000000, 12.000000, 0.970597, 0.005475, 0.072031, 0.096133
LVKPGNQNTQVTEAWNK, Yes, 0.15542, 0.998776, 0.004112, 0.068848,  3,   643.00591,  29, 21333818.000000, 12.000000, 0.997453, 0.003292, 0.148176, 0.162669
SDQDYILK, Yes, 0.32037, 0.991991, 0.012888, 0.024787,  2,   491.24801,  12, 25257018.000000, 12.000000, 0.977868, 0.025615, 0.263989, 0.376747
EGEFVAQFK, Yes, 4.69422, 0.933798, 0.031128, 0.454564,  2,   527.76383,  19, 22651846.000000, 12.000000, 0.842661, 11.316410, 3.960403, 5.428031
GIAFPTSISVNNcVcHFSPLK, Yes, 0.80266, 0.874815, 0.037031, 0.311652,  3,   783.38905,  34, 11143843.000000, 12.000000, 0.280103, 0.459000, 0.000000, 4.001931


MeanRateConst/CorrCutOff, 0.108624, 0.900000


MedianRateConst/RMSSCutOff, 0.084082, 0.050000
StandDev/NumberPeptides, 0.003857, 5
TotalIonCurrent, 5.99354e+09
