Peptides, PeptideUnique, RateConstants, Correlations, RootMeanRSS, AbsoluteIsotopeError, Charge, m/z(Sequence), NEH, Abundance, NDP, Rsquared,sigma,CI lower band, CI upper band
SGGSTTTDFLEEWK, Yes, 7.93703, -0.416863, 0.187242, 0.823336,  2,   779.35702,  21, 3671147.250000, 7.000000, -1.484645, 2897305.750000, 5.960457, 9.913600
DANAPASFSSSSTLEK, Yes, 0.18584, 0.994452, 0.011874, 0.059496,  2,   806.37846,  37, 3213877.250000, 8.000000, 0.986716, 0.007120, 0.169002, 0.202674
RAEDEcPSAAAASGAPGSR, Yes, 0.20024, 0.992368, 0.012131, 0.133719,  3,   620.61486,  59, 1681665.375000, 6.000000, 0.980864, 0.010620, 0.172938, 0.227536


MeanRateConst/CorrCutOff, 2.774368, 0.900000


MedianRateConst/RMSSCutOff, 0.200237, 0.050000
StandDev/NumberPeptides, 0.012787, 2
TotalIonCurrent, 4.00409e+08
