Peptides, PeptideUnique, RateConstants, Correlations, RootMeanRSS, AbsoluteIsotopeError, Charge, m/z(Sequence), NEH, Abundance, NDP, Rsquared,sigma,CI lower band, CI upper band
VLETVGVFEVPK, Yes, 0.26288, 0.995799, 0.008327, 0.072956,  2,   658.87666,  16, 12102652.000000, 12.000000, 0.987903, 0.013237, 0.233744, 0.292012
LENLDSDVVQLR, Yes, 0.31570, 0.985364, 0.020109, 0.238407,  2,   700.87262,  22, 7164908.500000, 12.000000, 0.960711, 0.032808, 0.243490, 0.387910
YETGQLFLHSVFGYR, Yes, 0.15867, 0.710129, 0.060476, 0.100671,  3,   606.30542,  24, 10578681.000000, 12.000000, 0.408541, 0.054427, 0.038878, 0.278466
IFSLSGTLETVR, Yes, 0.11502, 0.997796, 0.006693, 0.044309,  2,   661.86936,  18, 84146488.000000, 12.000000, 0.993665, 0.003464, 0.107395, 0.122645


MeanRateConst/CorrCutOff, 0.231199, 0.900000


MedianRateConst/RMSSCutOff, 0.262878, 0.050000
StandDev/NumberPeptides, 0.007601, 3
TotalIonCurrent, 2.66734e+09
