Peptides, PeptideUnique, RateConstants, Correlations, RootMeanRSS, AbsoluteIsotopeError, Charge, m/z(Sequence), NEH, Abundance, NDP, Rsquared,sigma,CI lower band, CI upper band
DFHTPIIVTK, Yes, 0.02270, 0.965009, 0.004980, 0.068789,  3,   390.88877,  11, 12774413.000000, 5.000000, 0.821523, 0.001003, 0.019918, 0.025488
GGTPAFVPSSLSSQASLPTSR, Yes, 0.01888, 0.887883, 0.035370, 0.158969,  3,   683.02001,  45, 7881557.000000, 5.000000, 0.283203, 0.005049, 0.004856, 0.032895
GGTPAFVPSSLSSQASLPTSR, Yes, 0.03627, 0.977394, 0.033265, 0.181128,  2,  1024.02637,  45, 2866396.500000, 5.000000, 0.847131, 0.012516, 0.001524, 0.071023
FSSLDLEEDSEVFK, Yes, 0.04002, 0.984276, 0.015247, 0.148153,  2,   822.88559,  26, 2316881.250000, 3.000000, 0.968098, 0.007248, 0.008837, 0.071211


MeanRateConst/CorrCutOff, 0.038149, 0.900000


MedianRateConst/RMSSCutOff, 0.040024, 0.050000
StandDev/NumberPeptides, 0.011433, 2
TotalIonCurrent, 2.27734e+08
