Peptides, PeptideUnique, RateConstants, Correlations, RootMeanRSS, AbsoluteIsotopeError, Charge, m/z(Sequence), NEH, Abundance, NDP, Rsquared,sigma,CI lower band, CI upper band
YWLMLDEK, Yes, 0.20900, 0.980565, 0.011452, 0.072886,  2,   549.27042,  9, 23767270.000000, 12.000000, 0.960715, 0.019158, 0.166829, 0.251163
LADLAVYGVLR, Yes, 0.11304, 0.987385, 0.016413, 0.108373,  2,   595.35060,  18, 11536691.000000, 12.000000, 0.971929, 0.007849, 0.095768, 0.130318
YVGAAAMYLISK, Yes, 0.10693, 0.974191, 0.021628, 0.105283,  2,   643.84428,  21, 12449385.000000, 12.000000, 0.927679, 0.009796, 0.085370, 0.128493
VMEGLEAFDDLMR, Yes, 0.23287, 0.992598, 0.011220, 0.258826,  2,   763.35489,  25, 10954407.000000, 12.000000, 0.984779, 0.013643, 0.202839, 0.262893
TPAEALASFDYIVR, Yes, 0.08960, 0.993160, 0.011001, 0.156698,  2,   776.90392,  29, 22820442.000000, 12.000000, 0.985845, 0.003802, 0.081229, 0.097964
SAAQLPLSNSLQLTLYQYK, Yes, 0.05901, -2.000000, 0.000000, 0.452843,  2,  1069.57821,  36, 430113.562500, 1.000000, 0.000000, inf, 0.059013, 0.059013
AFLDFHSLPYQVVEVNPVR, Yes, 0.16425, 0.989392, 0.012666, 0.142088,  3,   744.06003,  34, 15372428.000000, 12.000000, 0.966945, 0.012878, 0.135907, 0.192596
TPAEALASFDYIVR, Yes, 0.09083, 0.985619, 0.017052, 0.070667,  3,   518.27171,  29, 4878824.500000, 12.000000, 0.969727, 0.005984, 0.077657, 0.103998
TYLVSGQPLEEVITYYPPMK, Yes, 0.00000, -2.000000, 0.018939, 0.323466,  2,  1164.59523,  30, 1729914.750000, 11.000000, -0.155716, 0.002391, 0.000000, 3.006939
SAAQLPLSNSLQLTLYQYK, Yes, 0.00000, -2.000000, 0.034382, 0.272975,  3,   713.38790,  36, 2520269.750000, 10.000000, -0.285782, 0.003193, 0.000000, 2.984175


MeanRateConst/CorrCutOff, 0.100100, 0.900000


MedianRateConst/RMSSCutOff, 0.106932, 0.050000
StandDev/NumberPeptides, 0.006064, 4
TotalIonCurrent, 3.02915e+09
