Peptides, PeptideUnique, RateConstants, Correlations, RootMeanRSS, AbsoluteIsotopeError, Charge, m/z(Sequence), NEH, Abundance, NDP, Rsquared,sigma,CI lower band, CI upper band
IVLANDPDADR, Yes, 0.04474, 0.974189, 0.015173, 0.132040,  2,   599.80675,  23, 8757305.000000, 10.000000, 0.948148, 0.002288, 0.039565, 0.049915
WDQNPLTSESVK, Yes, 0.76187, 0.981243, 0.018488, 0.493878,  2,   702.34370,  21, 8920008.000000, 10.000000, 0.955473, 0.097547, 0.541201, 0.982536
DLTTGYDDSQPDKK, Yes, 0.01841, 0.514638, 0.029612, 0.129638,  2,   791.86520,  21, 1421626.750000, 7.000000, 0.056843, 0.012898, 0.000000, 4.056641
VYWDNGAQIISPHDR, Yes, 0.11066, 0.990986, 0.018560, 0.136537,  3,   590.95678,  30, 8723616.000000, 10.000000, 0.922994, 0.008408, 0.091635, 0.129675
MEFGTAGLR, Yes, 0.04633, 0.461931, 0.080795, 0.466315,  2,   491.24475,  17, 4989921.500000, 10.000000, 0.118403, 0.014026, 0.014606, 0.078062
GVLTLSFALADK, Yes, 0.00000, -2.000000, 0.032143, 0.194708,  2,   617.85572,  17, 159536432.000000, 9.000000, -0.204472, 0.003018, 0.000000, 3.059690


MeanRateConst/CorrCutOff, 0.110655, 0.900000


MedianRateConst/RMSSCutOff, 0.110655, 0.050000
StandDev/NumberPeptides, 0.008408, 1
TotalIonCurrent, 1.69623e+09
