Peptides, PeptideUnique, RateConstants, Correlations, RootMeanRSS, AbsoluteIsotopeError, Charge, m/z(Sequence), NEH, Abundance, NDP, Rsquared,sigma,CI lower band, CI upper band
VHLAEPSGDPAK, Yes, 0.09369, 0.995875, 0.007995, 0.122441,  3,   407.54717,  28, 51162200.000000, 8.000000, 0.991346, 0.002518, 0.087736, 0.099645
VHLAEPSGDPAK, Yes, 0.11352, 0.984457, 0.020724, 0.056830,  2,   610.81712,  28, 7658144.500000, 8.000000, 0.957713, 0.007721, 0.095257, 0.131774
NGYDcEcLGGGR, Yes, 0.10443, 0.996378, 0.034482, 0.100654,  2,   679.26662,  23, 10474878.000000, 8.000000, 0.939876, 0.013011, 0.073663, 0.135195
WAEYHADIYDK, Yes, 0.16419, 0.995911, 0.011217, 0.052401,  3,   470.88233,  21, 32965240.000000, 8.000000, 0.983475, 0.008379, 0.144379, 0.184007


MeanRateConst/CorrCutOff, 0.118957, 0.900000


MedianRateConst/RMSSCutOff, 0.113515, 0.050000
StandDev/NumberPeptides, 0.005457, 4
TotalIonCurrent, 1.94195e+09
