Peptides, PeptideUnique, RateConstants, Correlations, RootMeanRSS, AbsoluteIsotopeError, Charge, m/z(Sequence), NEH, Abundance, NDP, Rsquared,sigma,CI lower band, CI upper band
NNVVINYK, Yes, 0.13623, 0.871499, 0.024065, 0.152649,  2,   482.26653,  8, 1958279.625000, 6.000000, 0.755196, 0.010469, 0.109320, 0.163144
IMADNPSWDGEK, Yes, 0.06124, 0.976985, 0.025218, 0.077600,  2,   681.80335,  23, 8543955.000000, 6.000000, 0.929971, 0.010409, 0.034480, 0.087996
VPGLPTPIENMILR, Yes, 0.21357, 0.989927, 0.016585, 0.166818,  2,   775.44216,  24, 2350898.000000, 6.000000, 0.949421, 0.007777, 0.193581, 0.233564
IDLTLLNR, Yes, 0.04789, 0.974194, 0.047224, 0.256197,  2,   479.29001,  10, 9530829.000000, 6.000000, 0.722405, 0.018996, 0.000000, 3.524918


MeanRateConst/CorrCutOff, 0.107566, 0.900000


MedianRateConst/RMSSCutOff, 0.061238, 0.050000
StandDev/NumberPeptides, 0.007495, 3
TotalIonCurrent, 1.10734e+08
