Peptides, PeptideUnique, RateConstants, Correlations, RootMeanRSS, AbsoluteIsotopeError, Charge, m/z(Sequence), NEH, Abundance, NDP, Rsquared,sigma,CI lower band, CI upper band
LNVEFALIHK, Yes, 0.19405, 0.974132, 0.020217, 0.096869,  3,   395.23263,  16, 6908611.500000, 12.000000, 0.948550, 0.020334, 0.149294, 0.238802
NcIIVSPDAGGAK, Yes, 0.07544, 0.879296, 0.050443, 0.112515,  2,   651.32954,  25, 38366180.000000, 12.000000, 0.756852, 0.012982, 0.046871, 0.104016
PNIVLFSGSSHQDLSQR, Yes, 0.24487, 0.996895, 0.007574, 0.172114,  3,   628.99027,  36, 9508601.000000, 12.000000, 0.993483, 0.009436, 0.224101, 0.265639
INSAAFEAVVVTNTIPQEDK, Yes, 0.00001, -2.000000, 0.001337, 0.363142,  2,  1073.55495,  39, 1665716.500000, 3.000000, -35.476158, 0.002992, 0.000000, 3.502839
FSNQETSVEIGESVR, Yes, 0.16177, 0.990496, 0.014297, 0.114563,  2,   841.40502,  33, 5736216.000000, 12.000000, 0.980939, 0.009538, 0.140780, 0.182767
INSAAFEAVVVTNTIPQEDK, Yes, 0.15987, 0.970132, 0.019961, 0.085842,  3,   716.03906,  39, 2851287.000000, 11.000000, 0.937670, 0.016221, 0.123730, 0.196015


MeanRateConst/CorrCutOff, 0.190141, 0.900000


MedianRateConst/RMSSCutOff, 0.161773, 0.050000
StandDev/NumberPeptides, 0.012436, 4
TotalIonCurrent, 1.38672e+09
