Peptides, PeptideUnique, RateConstants, Correlations, RootMeanRSS, AbsoluteIsotopeError, Charge, m/z(Sequence), NEH, Abundance, NDP, Rsquared,sigma,CI lower band, CI upper band
LSEGFSIHTR, Yes, 0.11285, 0.993594, 0.012533, 0.061127,  3,   382.86825,  19, 29385310.000000, 12.000000, 0.983943, 0.005492, 0.100766, 0.124940
GAVYSFDPVGSYQR, Yes, 0.23799, 0.992095, 0.014355, 0.062140,  2,   773.37026,  27, 33029250.000000, 12.000000, 0.974444, 0.016617, 0.201412, 0.274559
NMQNVEHVPLTLDR, Yes, 0.22472, 0.950012, 0.041323, 0.042710,  3,   555.95075,  26, 24632470.000000, 12.000000, 0.851568, 0.048587, 0.117784, 0.331662
AGGSASAMLQPLLDNQVGFK, Yes, 0.04742, 0.845486, 0.038997, 0.184667,  2,  1002.51458,  42, 22766976.000000, 12.000000, 0.707660, 0.008136, 0.029512, 0.065324
AGGSASAMLQPLLDNQVGFK, Yes, 0.16744, 0.995175, 0.009169, 0.073854,  3,   668.67881,  42, 10080936.000000, 12.000000, 0.988425, 0.007548, 0.150831, 0.184057
AFNGGTVLAIAGEDFSIVASDTR, Yes, 0.69025, 0.712201, 0.052607, 0.295929,  3,   771.05701,  45, 905721.437500, 9.000000, 0.050097, 0.294263, 0.011679, 1.368823
DVYTGDALR, Yes, 0.95959, 0.985093, 0.020510, 0.782542,  2,   505.25109,  15, 42124280.000000, 12.000000, 0.939307, 0.146417, 0.637324, 1.281847


MeanRateConst/CorrCutOff, 0.185751, 0.900000


MedianRateConst/RMSSCutOff, 0.224723, 0.050000
StandDev/NumberPeptides, 0.010118, 4
TotalIonCurrent, 4.51464e+09
