Peptides, PeptideUnique, RateConstants, Correlations, RootMeanRSS, AbsoluteIsotopeError, Charge, m/z(Sequence), NEH, Abundance, NDP, Rsquared,sigma,CI lower band, CI upper band
AILDGNGLEK, Yes, 0.50843, 0.972642, 0.025766, 0.203999,  2,   515.28238,  18, 46355680.000000, 11.000000, 0.909428, 0.070645, 0.351023, 0.665836
VVGIcGTQEK, Yes, 0.15047, 0.994488, 0.011533, 0.110112,  2,   545.78171,  16, 118301824.000000, 11.000000, 0.985307, 0.007633, 0.133467, 0.167482
NGNPVAENFR, Yes, 0.17472, 0.995918, 0.010963, 0.103599,  2,   559.27288,  22, 26587820.000000, 11.000000, 0.991276, 0.007253, 0.158556, 0.190875
TLYLSVDPYMR, Yes, 0.84134, 0.898549, 0.042049, 0.221760,  2,   679.34466,  14, 22447902.000000, 11.000000, 0.396229, 0.328745, 0.108850, 1.573828
GDFVTSFYWPWQTK, Yes, 0.36714, 0.984130, 0.011841, 0.202809,  2,   881.41722,  15, 33956740.000000, 11.000000, 0.959711, 0.041013, 0.275757, 0.458521
DKFEPGILQLSQWFK, Yes, 0.00767, 0.435509, 0.010654, 0.052187,  3,   612.66120,  25, 16553401.000000, 9.000000, -5.309548, 0.001215, 0.004865, 0.010469
GLENMGVAFQSMMTGGNVGK, Yes, 0.19005, 0.993113, 0.009058, 0.116508,  3,   676.64976,  34, 3863394.500000, 11.000000, 0.985051, 0.010045, 0.167665, 0.212427
VEEFSLPDALNEGQVQVR, Yes, 0.21472, 0.999023, 0.004506, 0.073475,  2,  1015.51309,  41, 5104312.000000, 11.000000, 0.997409, 0.004956, 0.203681, 0.225765
MNEDTGTDYLAPWQLAQVADGGGIGVVEESK, Yes, 0.03986, 0.955288, 0.009778, 0.327399,  3,  1084.17847,  61, 4840840.500000, 11.000000, 0.908331, 0.003192, 0.032750, 0.046974
FTVLNYK, Yes, 0.13829, 0.980012, 0.006499, 0.028358,  2,   442.74745,  4, 53656112.000000, 11.000000, 0.957603, 0.011099, 0.113564, 0.163024
GLENMGVAFQSMMTGGNVGK, Yes, 0.00000, -2.000000, 0.005801, 0.149727,  2,  1014.47101,  34, 74238792.000000, 11.000000, -0.441572, 0.000578, 0.000000, 3.756871


MeanRateConst/CorrCutOff, 0.163382, 0.900000


MedianRateConst/RMSSCutOff, 0.174715, 0.050000
StandDev/NumberPeptides, 0.008723, 4
TotalIonCurrent, 6.96278e+09
