Peptides, PeptideUnique, RateConstants, Correlations, RootMeanRSS, AbsoluteIsotopeError, Charge, m/z(Sequence), NEH, Abundance, NDP, Rsquared,sigma,CI lower band, CI upper band
TQQHYYER, Yes, 0.20771, 0.967101, 0.026675, 0.040046,  2,   562.75960,  19, 1335401.500000, 9.000000, 0.921613, 0.024570, 0.151048, 0.264363
GIAGLGDVAEVR, Yes, 0.37743, 0.983139, 0.023486, 0.100518,  2,   578.81967,  26, 8216239.000000, 9.000000, 0.959518, 0.039011, 0.287473, 0.467392
VLYPNDNFFEGK, No, 0.15035, 0.997500, 0.005811, 0.048624,  2,   721.85116,  17, 24700058.000000, 9.000000, 0.992526, 0.004827, 0.139215, 0.161476
IVNGWQVEEADDWLR, Yes, 0.08524, 0.997455, 0.007684, 0.033868,  2,   915.44448,  29, 72112664.000000, 9.000000, 0.982038, 0.003174, 0.077923, 0.092563
LKQEYFVVAATLQDIIR, No, 0.13717, 0.963633, 0.021775, 0.147910,  3,   669.71396,  30, 811622.062500, 8.000000, 0.893808, 0.017895, 0.094851, 0.179480
QAVDQISSGFFSPK, Yes, 0.17013, 0.895392, 0.044566, 0.049437,  2,   755.88046,  29, 29240586.000000, 9.000000, 0.721966, 0.032217, 0.095838, 0.244422
LLSLVDDEAFIR, Yes, 0.27764, 0.938484, 0.033049, 0.197853,  2,   695.88246,  21, 8169398.000000, 9.000000, 0.859703, 0.049270, 0.164021, 0.391256


MeanRateConst/CorrCutOff, 0.145115, 0.900000


MedianRateConst/RMSSCutOff, 0.150346, 0.050000
StandDev/NumberPeptides, 0.006464, 4
TotalIonCurrent, 2.49672e+09
