Peptides, PeptideUnique, RateConstants, Correlations, RootMeanRSS, AbsoluteIsotopeError, Charge, m/z(Sequence), NEH, Abundance, NDP, Rsquared,sigma,CI lower band, CI upper band
QVSIEEGER, Yes, 0.08252, 0.685791, 0.087646, 0.210910,  2,   523.75927,  25, 14219973.000000, 12.000000, -0.202213, 0.020921, 0.036469, 0.128563
LVFLGEQSVGK, Yes, 0.37978, 0.997777, 0.006050, 0.038978,  2,   588.83479,  17, 17811176.000000, 12.000000, 0.994891, 0.013393, 0.350300, 0.409257
GSDVIIMLVGNK, Yes, 0.52837, 0.975830, 0.016065, 0.094007,  2,   623.34720,  15, 23994360.000000, 12.000000, 0.952230, 0.061828, 0.392290, 0.664455
ELNVMFIETSAK, Yes, 0.10115, 0.954043, 0.030824, 0.252804,  2,   691.35521,  20, 22871734.000000, 12.000000, 0.887637, 0.013812, 0.070749, 0.131548
VAAALPGMESTQDR, Yes, 0.13177, 0.964053, 0.037295, 0.071186,  2,   723.35628,  34, 20896056.000000, 12.000000, 0.866089, 0.017409, 0.093451, 0.170084
DSTVAVVVYDITNVNSFQQTTK, Yes, 0.00000, -2.000000, 0.015637, 0.087772,  3,   810.41135,  30, 8467964.000000, 12.000000, -0.131304, 0.001705, 0.000000, 5.681518


MeanRateConst/CorrCutOff, 0.379778, 0.900000


MedianRateConst/RMSSCutOff, 0.379778, 0.050000
StandDev/NumberPeptides, 0.013393, 1
TotalIonCurrent, 2.34091e+09
