Peptides, PeptideUnique, RateConstants, Correlations, RootMeanRSS, AbsoluteIsotopeError, Charge, m/z(Sequence), NEH, Abundance, NDP, Rsquared,sigma,CI lower band, CI upper band
NNLSFIETSALDSTNVEEAFK, Yes, 0.08425, 0.974306, 0.010253, 0.105067,  2,  1165.06333,  39, 6689955.000000, 5.000000, 0.921938, 0.009893, 0.056785, 0.111720
GAVGALLVYDIAK, Yes, 0.19779, 0.998075, 0.011275, 0.059088,  2,   645.37681,  22, 122977224.000000, 7.000000, 0.986537, 0.015621, 0.159569, 0.236014
NEFNLESK, Yes, 0.22548, 0.988441, 0.015875, 0.145903,  2,   490.73780,  15, 79062384.000000, 5.000000, 0.959505, 0.025516, 0.154631, 0.296320
HLTYENVER, Yes, 0.14790, 0.999318, 0.001686, 0.075524,  2,   580.78836,  17, 141539584.000000, 3.000000, 0.978602, 0.005942, 0.122328, 0.173463
AQIWDTAGQER, Yes, 0.21020, 0.957624, 0.033103, 0.227263,  2,   637.80983,  28, 119060216.000000, 4.000000, 0.833476, 0.044319, 0.069156, 0.351242
TRDDEYDYLFK, Yes, 0.00002, -2.000000, 0.000684, 0.268289,  2,   732.83571,  15, 13022289.000000, 2.000000, -332.766083, 0.002016, 0.000000, 12.554329
DHADSNIVIMLVGNK, Yes, 0.17027, 0.996244, 0.007198, 0.123193,  3,   542.61537,  24, 57699292.000000, 6.000000, 0.988291, 0.010244, 0.143936, 0.196601
VVLIGDSGVGK, Yes, 0.16408, 0.993048, 0.007558, 0.115985,  2,   522.30842,  14, 230433808.000000, 3.000000, 0.967247, 0.013009, 0.108105, 0.220053
DDEYDYLFK, Yes, 0.30425, 0.995959, 0.027914, 0.129466,  2,   604.26131,  11, 18776840.000000, 4.000000, 0.842926, 0.084612, 0.034978, 0.573525
AITSAYYR, Yes, 0.10392, 1.000000, 0.024931, 0.341388,  2,   472.74543,  16, 73341736.000000, 2.000000, 0.494416, 0.030945, 0.000000, 2.108419
TRDDEYDYLFK, Yes, 0.04330, -2.000000, 0.000000, 0.121701,  3,   488.89290,  15, 32559192.000000, 1.000000, 0.000000, inf, 0.043304, 0.043304


MeanRateConst/CorrCutOff, 0.174233, 0.900000


MedianRateConst/RMSSCutOff, 0.170269, 0.050000
StandDev/NumberPeptides, 0.024621, 7
TotalIonCurrent, 9.36185e+09
