Peptides, PeptideUnique, RateConstants, Correlations, RootMeanRSS, AbsoluteIsotopeError, Charge, m/z(Sequence), NEH, Abundance, NDP, Rsquared,sigma,CI lower band, CI upper band
VPELFANR, Yes, 0.17090, 0.999205, 0.004511, 0.075012,  2,   473.26125,  17, 125107584.000000, 9.000000, 0.998010, 0.003057, 0.163850, 0.177949
SMVPVQVQLDAPVVK, Yes, 0.04828, 0.979311, 0.017549, 0.114529,  2,   805.45274,  26, 5971008.500000, 9.000000, 0.924497, 0.005698, 0.035137, 0.061418
VVQVSAGDSHTAALTEDGR, Yes, 0.05472, 0.971802, 0.014251, 0.110975,  3,   638.31683,  42, 4367523.500000, 9.000000, 0.944234, 0.002952, 0.047909, 0.061525
VFAWGMGTNYQLGTGQDEDAWSPVEMTGK, Yes, 0.00000, -2.000000, 0.000693, 0.146170,  3,  1059.14271,  50, 912096.437500, 8.000000, -10.585466, 0.000290, 0.000000, 2.659650
VASGNDHLVMLTNDGDLYTLGcGEQGQLGR, Yes, 0.05812, 0.723817, 0.024556, 0.183753,  3,  1064.16792,  54, 883037.562500, 8.000000, 0.519707, 0.009649, 0.035306, 0.080938
DTSVEGSEMVPGK, Yes, 0.12935, 0.986536, 0.017687, 0.091501,  2,   668.30848,  24, 14347470.000000, 9.000000, 0.967252, 0.008313, 0.110175, 0.148516
VVLTVSSGGQHTVLLVK, Yes, 0.04615, 0.989178, 0.006356, 0.148593,  3,   579.68049,  21, 5574662.000000, 9.000000, 0.969898, 0.001563, 0.042541, 0.049750


MeanRateConst/CorrCutOff, 0.037286, 0.900000


MedianRateConst/RMSSCutOff, 0.048277, 0.050000
StandDev/NumberPeptides, 0.000853, 4
TotalIonCurrent, 2.34018e+09
