Peptides, PeptideUnique, RateConstants, Correlations, RootMeanRSS, AbsoluteIsotopeError, Charge, m/z(Sequence), NEH, Abundance, NDP, Rsquared,sigma,CI lower band, CI upper band
HYAMQEAK, Yes, 0.18298, 0.997840, 0.007025, 0.086107,  2,   489.22909,  20, 6534968.500000, 8.000000, 0.995396, 0.004082, 0.173327, 0.192632
EALLGVQEDVDEYVK, Yes, 0.54897, 0.995701, 0.013571, 0.083764,  2,   853.92779,  29, 21645238.000000, 8.000000, 0.973168, 0.047290, 0.437146, 0.660791
NGDGFVSLEEFLGDYR, Yes, 0.02551, 0.667451, 0.044988, 0.387363,  2,   909.42067,  28, 1448943.250000, 8.000000, 0.004709, 0.013797, 0.000000, 3.857003
LSEEEILENQDLFLTSEATDYGR, Yes, 0.00000, -2.000000, 0.001068, 0.379002,  3,   891.42396,  48, 3365343.000000, 8.000000, -3090.359619, 0.000162, 0.000000, 4.005162
VIDFDENTALDDTEEGSFR, Yes, 0.17133, 0.986003, 0.019222, 0.354697,  2,  1086.98202,  36, 1685965.875000, 3.000000, -0.079925, 0.058984, 0.000000, 1.992149
NSDGAVTWDEYNIQMYDR, Yes, 0.03863, 0.980499, 0.052345, 0.244491,  2,  1088.96564,  33, 1616632.125000, 6.000000, 0.684199, 0.020968, 0.000000, 4.209782


MeanRateConst/CorrCutOff, 0.301092, 0.900000


MedianRateConst/RMSSCutOff, 0.182979, 0.050000
StandDev/NumberPeptides, 0.010598, 3
TotalIonCurrent, 6.2799e+08
