Peptides, PeptideUnique, RateConstants, Correlations, RootMeanRSS, AbsoluteIsotopeError, Charge, m/z(Sequence), NEH, Abundance, NDP, Rsquared,sigma,CI lower band, CI upper band
VLVLEQHTK, Yes, 0.80009, 0.995952, 0.007226, 0.154919,  3,   356.21336,  13, 15881575.000000, 9.000000, 0.991647, 0.047210, 0.691224, 0.908955
GATYGADHDLAR, Yes, 0.76501, 0.990935, 0.016635, 0.058436,  3,   416.19855,  27, 6514193.000000, 9.000000, 0.977637, 0.069738, 0.604199, 0.925831
FLPLPLTQLLSK, Yes, 0.41956, 0.994124, 0.008083, 0.154989,  2,   685.42630,  15, 8858782.000000, 9.000000, 0.986420, 0.026045, 0.359504, 0.479624
LQSTNYYVYFDTDMDK, Yes, 0.80949, 0.994233, 0.006252, 0.057649,  2,  1001.94058,  18, 1761433.500000, 8.000000, 0.987890, 0.059979, 0.667668, 0.951322
VESVTGGSPLTNQYYLAAPR, Yes, 0.41633, 0.997561, 0.005751, 0.290015,  2,  1062.04201,  39, 2059793.250000, 5.000000, 0.994201, 0.014953, 0.374812, 0.457843
VESVTGGSPLTNQYYLAAPR, Yes, 0.00000, -2.000000, 0.064575, 0.123345,  3,   708.36377,  39, 13565801.000000, 9.000000, -0.300648, 0.007717, 0.000000, 2.419809


MeanRateConst/CorrCutOff, 0.642098, 0.900000


MedianRateConst/RMSSCutOff, 0.765015, 0.050000
StandDev/NumberPeptides, 0.031753, 5
TotalIonCurrent, 7.46998e+08
