Peptides, PeptideUnique, RateConstants, Correlations, RootMeanRSS, AbsoluteIsotopeError, Charge, m/z(Sequence), NEH, Abundance, NDP, Rsquared,sigma,CI lower band, CI upper band
GDALSQLMNGPIK, Yes, 0.48354, 0.994417, 0.011079, 0.146612,  2,   672.35301,  24, 5541705.000000, 9.000000, 0.987970, 0.030219, 0.413857, 0.553226
NTDGVNFYNILTK, Yes, 7.64912, -0.219150, 0.151819, 0.617647,  2,   749.88045,  13, 23188276.000000, 8.000000, -17.423019, 1734596.250000, 5.645233, 9.653012
SYENLAFYWILK, Yes, 1.05061, 0.970802, 0.016054, 0.080691,  2,   773.90064,  16, 5577573.000000, 9.000000, 0.930609, 0.191071, 0.609997, 1.491219
DLDTVASDMMVLLK, Yes, 0.38193, 0.997917, 0.005510, 0.051781,  2,   775.89386,  18, 12479352.000000, 9.000000, 0.994556, 0.015334, 0.346568, 0.417290


MeanRateConst/CorrCutOff, 0.638693, 0.900000


MedianRateConst/RMSSCutOff, 0.483541, 0.050000
StandDev/NumberPeptides, 0.028975, 3
TotalIonCurrent, 1.69843e+09
