Peptides, PeptideUnique, RateConstants, Correlations, RootMeanRSS, AbsoluteIsotopeError, Charge, m/z(Sequence), NEH, Abundance, NDP, Rsquared,sigma,CI lower band, CI upper band
IMSSPLSK, Yes, 0.04014, 0.998999, 0.004575, 0.099060,  2,   431.73876,  13, 77697464.000000, 12.000000, 0.993962, 0.000816, 0.038348, 0.041941
HFNAPSHIR, Yes, 0.03752, 0.953003, 0.022850, 0.068811,  3,   360.18954,  21, 95974240.000000, 12.000000, 0.897582, 0.003133, 0.030621, 0.044412
FNPFVTSDR, Yes, 0.38179, 0.989389, 0.011508, 0.165084,  2,   541.76691,  13, 98730776.000000, 12.000000, 0.974847, 0.029038, 0.317880, 0.445704
KDDEVQVVR, Yes, 0.15710, 0.996204, 0.009790, 0.040306,  2,   544.29075,  17, 20005690.000000, 12.000000, 0.990685, 0.006478, 0.142847, 0.171362
ANGTTVHVGIHPSK, Yes, 0.05819, 0.996921, 0.007502, 0.121818,  2,   709.38096,  24, 4710191.500000, 12.000000, 0.991766, 0.001634, 0.054589, 0.061784
YVIYIER, Yes, 10.66998, 0.833385, 0.037413, 0.135340,  2,   478.26600,  10, 85558008.000000, 12.000000, 0.599293, 8067.519531, 10.087178, 11.252778
YKEETIEK, Yes, 0.17290, 0.995950, 0.010626, 0.035546,  2,   520.26893,  14, 19359822.000000, 12.000000, 0.987550, 0.008990, 0.153111, 0.192686


MeanRateConst/CorrCutOff, 0.093170, 0.900000


MedianRateConst/RMSSCutOff, 0.058187, 0.050000
StandDev/NumberPeptides, 0.002065, 5
TotalIonCurrent, 5.69096e+09
