Peptides, PeptideUnique, RateConstants, Correlations, RootMeanRSS, AbsoluteIsotopeError, Charge, m/z(Sequence), NEH, Abundance, NDP, Rsquared,sigma,CI lower band, CI upper band
YNGLIHR, Yes, 7.42956, 0.923373, 0.030367, 0.035255,  2,   436.74048,  12, 31607910.000000, 12.000000, 0.847108, 207.301086, 6.353140, 8.505984
KPATSYVR, Yes, 0.06430, 0.994280, 0.012225, 0.028516,  2,   461.26125,  14, 30507064.000000, 12.000000, 0.971738, 0.003129, 0.057413, 0.071187
TVGVEPAADGK, Yes, 0.15539, 0.998467, 0.006689, 0.085006,  2,   522.27202,  22, 37869796.000000, 12.000000, 0.996865, 0.003658, 0.147334, 0.163437
QTYSTEPNNLK, Yes, 0.07284, 0.990186, 0.012264, 0.102987,  2,   647.81731,  18, 79465512.000000, 12.000000, 0.978986, 0.003644, 0.064818, 0.080859
NcSSFLIK, Yes, 0.05155, 0.990504, 0.008878, 0.081854,  2,   484.74712,  11, 67775816.000000, 12.000000, 0.979424, 0.002279, 0.046529, 0.056561


MeanRateConst/CorrCutOff, 0.086017, 0.900000


MedianRateConst/RMSSCutOff, 0.072839, 0.050000
StandDev/NumberPeptides, 0.003062, 4
TotalIonCurrent, 4.45348e+09
