Peptides, PeptideUnique, RateConstants, Correlations, RootMeanRSS, AbsoluteIsotopeError, Charge, m/z(Sequence), NEH, Abundance, NDP, Rsquared,sigma,CI lower band, CI upper band
IEEIKDFLLTAR, Yes, 0.16388, 0.995650, 0.010743, 0.122886,  3,   483.27668,  21, 7068160.500000, 12.000000, 0.986548, 0.008457, 0.145270, 0.182499
YLYTLVITDKEK, Yes, 0.14381, 0.985868, 0.013035, 0.140082,  2,   743.41359,  10, 5872493.500000, 12.000000, 0.945712, 0.015216, 0.110316, 0.177298
KIEEIKDFLLTAR, Yes, 0.29078, 0.986161, 0.014096, 0.289379,  3,   525.97499,  22, 29653242.000000, 12.000000, 0.972272, 0.024039, 0.237868, 0.343685
YLYTLVITDK, Yes, 0.43921, 0.918679, 0.016930, 0.040940,  2,   614.84482,  6, 49155712.000000, 12.000000, 0.830159, 0.105875, 0.206185, 0.672244
YLYTLVITDKEK, Yes, 0.27809, 0.984445, 0.011253, 0.047166,  3,   495.94482,  10, 31493446.000000, 12.000000, 0.959643, 0.029969, 0.212127, 0.344048


MeanRateConst/CorrCutOff, 0.219139, 0.900000


MedianRateConst/RMSSCutOff, 0.278088, 0.050000
StandDev/NumberPeptides, 0.015448, 4
TotalIonCurrent, 3.10758e+09
