Peptides, PeptideUnique, RateConstants, Correlations, RootMeanRSS, AbsoluteIsotopeError, Charge, m/z(Sequence), NEH, Abundance, NDP, Rsquared,sigma,CI lower band, CI upper band
VAcIGAWHPAR, Yes, 0.07045, 0.997451, 0.007433, 0.039538,  3,   413.21347,  26, 53379780.000000, 12.000000, 0.994224, 0.001750, 0.066594, 0.074299
NNASTDYDLSDK, Yes, 0.09998, 0.998401, 0.005466, 0.077782,  2,   671.79149,  20, 58013036.000000, 12.000000, 0.996590, 0.002153, 0.095244, 0.104723
TVFAEHISDEcK, Yes, 0.09149, 0.962910, 0.018266, 0.155804,  2,   718.32974,  23, 6003439.000000, 8.000000, 0.924723, 0.007854, 0.072918, 0.110063
AHLMEIQVNGGTVAEK, Yes, 0.07486, 0.997075, 0.007382, 0.065779,  3,   566.29441,  33, 24980208.000000, 12.000000, 0.992839, 0.002150, 0.070129, 0.079591
AHLMEIQVNGGTVAEK, Yes, 0.05645, 0.985339, 0.015522, 0.164472,  2,   848.93797,  33, 2345662.750000, 12.000000, 0.964300, 0.003415, 0.048938, 0.063970
DDASKPVHLTAFLGYK, Yes, 0.06218, 0.970240, 0.016495, 0.050958,  3,   587.97719,  25, 45839908.000000, 12.000000, 0.938344, 0.004750, 0.051721, 0.072629
SINPLGGFVHYGEVTNDFIMLK, Yes, 0.09045, 0.995573, 0.005062, 0.022723,  3,   817.75075,  31, 40268028.000000, 12.000000, 0.990998, 0.003059, 0.083717, 0.097184
IIAHTQMR, Yes, 0.04689, 0.991503, 0.011484, 0.095348,  2,   485.26855,  17, 13032133.000000, 12.000000, 0.979620, 0.002045, 0.042387, 0.051388
VAcIGAWHPAR, Yes, 0.00938, 0.092646, 0.052894, 0.327432,  2,   619.31657,  26, 15665323.000000, 12.000000, -0.457424, 0.004017, 0.000534, 0.018219
DDASKPVHLTAF, Yes, 0.08152, 0.992393, 0.012120, 0.218531,  2,   650.83024,  22, 6136416.000000, 12.000000, 0.983989, 0.003704, 0.073365, 0.089670
TVFAEHISDEcK, Yes, 0.03998, 0.981004, 0.016179, 0.136318,  3,   479.22225,  23, 18918502.000000, 12.000000, 0.917717, 0.002666, 0.034114, 0.045849
DDASKPVHLTAFLGYK, Yes, 0.06040, 0.951553, 0.063935, 0.429683,  2,   881.46214,  25, 1172061.125000, 6.000000, 0.683151, 0.028644, 0.000000, 2.365560
ERLEQQVPVNQVFGQDEMIDVIGVTK, Yes, 0.07489, 0.987067, 0.007798, 0.101792,  3,   991.17797,  51, 6063498.500000, 12.000000, 0.973914, 0.004068, 0.065938, 0.083846
HGSLGFLPR, Yes, 0.05959, 0.911726, 0.038134, 0.061938,  2,   492.27470,  17, 46518956.000000, 12.000000, 0.801761, 0.008351, 0.041214, 0.077975


MeanRateConst/CorrCutOff, 0.073523, 0.900000


MedianRateConst/RMSSCutOff, 0.074860, 0.050000
StandDev/NumberPeptides, 0.003070, 11
TotalIonCurrent, 8.3387e+09
