Peptides, PeptideUnique, RateConstants, Correlations, RootMeanRSS, AbsoluteIsotopeError, Charge, m/z(Sequence), NEH, Abundance, NDP, Rsquared,sigma,CI lower band, CI upper band
VLFANPPSSTYEEALR, Yes, 0.08997, 0.993214, 0.011738, 0.129034,  2,   897.45704,  34, 16821214.000000, 12.000000, 0.983625, 0.004344, 0.080404, 0.099528
WYAIcISDVGDYEGIK, Yes, 0.05877, 0.982787, 0.011611, 0.131837,  2,   944.94292,  25, 13899372.000000, 12.000000, 0.962008, 0.003430, 0.051218, 0.066316
VEEILAQADYLYESGETEK, Yes, 0.00000, -2.000000, 0.001207, 0.124225,  2,  1094.02059,  42, 1365893.375000, 8.000000, -2188.880371, 0.000168, 0.000000, 2.849602
ESEDGELLWR, Yes, 0.12079, 0.985913, 0.020019, 0.148554,  2,   617.29093,  23, 13384636.000000, 12.000000, 0.961184, 0.008840, 0.101332, 0.140244
LYQLLIQYK, Yes, 1.37270, 0.988993, 0.011351, 0.628174,  2,   591.35006,  12, 18654254.000000, 12.000000, 0.957926, 0.199177, 0.934313, 1.811083


MeanRateConst/CorrCutOff, 0.410555, 0.900000


MedianRateConst/RMSSCutOff, 0.120788, 0.050000
StandDev/NumberPeptides, 0.006251, 4
TotalIonCurrent, 1.36521e+09
