Peptides, PeptideUnique, RateConstants, Correlations, RootMeanRSS, AbsoluteIsotopeError, Charge, m/z(Sequence), NEH, Abundance, NDP, Rsquared,sigma,CI lower band, CI upper band
LGEWVGLcK, Yes, 1.42224, 0.778591, 0.042320, 0.615089,  2,   531.27605,  12, 63318772.000000, 11.000000, 0.388219, 0.721761, 0.000000, 3.607553
VVGcScVVVK, Yes, 0.06254, 0.963449, 0.027661, 0.019995,  2,   553.78849,  11, 49727908.000000, 11.000000, 0.826744, 0.008588, 0.043407, 0.081677
QAHLcVLASNcDEPMYVK, Yes, 0.06359, 0.994054, 0.008750, 0.085188,  3,   712.32879,  35, 23470094.000000, 11.000000, 0.979728, 0.002572, 0.057860, 0.069320
DVIEEYFK, Yes, 0.12188, 0.995288, 0.011137, 0.047210,  2,   521.75821,  12, 91883576.000000, 11.000000, 0.981473, 0.006770, 0.106800, 0.136969


MeanRateConst/CorrCutOff, 0.082672, 0.900000


MedianRateConst/RMSSCutOff, 0.063590, 0.050000
StandDev/NumberPeptides, 0.004594, 3
TotalIonCurrent, 4.71862e+09
