Peptides, PeptideUnique, RateConstants, Correlations, RootMeanRSS, AbsoluteIsotopeError, Charge, m/z(Sequence), NEH, Abundance, NDP, Rsquared,sigma,CI lower band, CI upper band
IVVNLTGR, Yes, 0.05065, 0.995484, 0.006631, 0.080209,  2,   436.27163,  10, 141660176.000000, 12.000000, 0.988537, 0.001687, 0.046938, 0.054364
MNVLADALK, Yes, 0.08621, 0.993150, 0.012642, 0.075820,  2,   487.77059,  15, 88979672.000000, 12.000000, 0.981158, 0.004466, 0.076380, 0.096042
WQNNLLPSR, Yes, 0.04645, 0.993786, 0.008951, 0.173323,  2,   564.30143,  17, 119003264.000000, 12.000000, 0.985174, 0.001687, 0.042733, 0.050161
HGYIGEFEIIDDHR, Yes, 0.13259, 0.991800, 0.011956, 0.063162,  3,   567.60575,  28, 34896184.000000, 12.000000, 0.982185, 0.007159, 0.116831, 0.148344
QFGFIVLTTSAGIMDHEEAR, Yes, 0.06787, 0.922912, 0.026696, 0.064608,  3,   741.36853,  40, 24440474.000000, 12.000000, 0.849166, 0.009037, 0.047979, 0.087760
cGVISPR, Yes, 3.73418, 0.958680, 0.023752, 0.526101,  2,   394.70781,  13, 33045232.000000, 12.000000, 0.919039, 3.558059, 2.847567, 4.620786


MeanRateConst/CorrCutOff, 0.078974, 0.900000


MedianRateConst/RMSSCutOff, 0.086211, 0.050000
StandDev/NumberPeptides, 0.002582, 4
TotalIonCurrent, 8.47378e+09
