Peptides, PeptideUnique, RateConstants, Correlations, RootMeanRSS, AbsoluteIsotopeError, Charge, m/z(Sequence), NEH, Abundance, NDP, Rsquared,sigma,CI lower band, CI upper band
QAVDVSPLR, Yes, 0.05641, 0.973229, 0.027355, 0.078742,  2,   492.77727,  20, 25756762.000000, 9.000000, -0.124688, 0.034006, 0.000000, 2.948212
WSTDDVQINDISLQDYIAVK, Yes, 0.08040, 0.980303, 0.010817, 0.025015,  2,  1162.07625,  32, 10570525.000000, 10.000000, 0.956375, 0.004082, 0.071161, 0.089629
WSTDDVQINDISLQDYIAVK, Yes, 0.13340, 0.950087, 0.021516, 0.072194,  3,   775.05326,  32, 14427595.000000, 10.000000, 0.855961, 0.015108, 0.099228, 0.167580
VNQAIWLLcTGAR, Yes, 0.08523, 0.848569, 0.050363, 0.120624,  2,   751.40083,  23, 7576764.000000, 10.000000, 0.670319, 0.015116, 0.051036, 0.119425
LTNSMMMHGR, Yes, 0.03092, 0.913222, 0.018482, 0.158964,  3,   393.18067,  17, 22792514.000000, 10.000000, 0.829429, 0.002713, 0.024778, 0.037053


MeanRateConst/CorrCutOff, 0.075280, 0.900000


MedianRateConst/RMSSCutOff, 0.080395, 0.050000
StandDev/NumberPeptides, 0.005487, 4
TotalIonCurrent, 1.5325e+09
