Peptides, PeptideUnique, RateConstants, Correlations, RootMeanRSS, AbsoluteIsotopeError, Charge, m/z(Sequence), NEH, Abundance, NDP, Rsquared,sigma,CI lower band, CI upper band
LLVVTDPR, Yes, 0.08499, 0.998640, 0.004115, 0.042529,  2,   456.77929,  10, 184238544.000000, 12.000000, 0.996526, 0.001810, 0.081004, 0.088970
FAAATGATPIAGR, Yes, 0.09423, 0.927486, 0.048587, 0.101688,  2,   602.32766,  31, 136173504.000000, 12.000000, 0.786620, 0.013819, 0.063813, 0.124642
YVDIAIPcNNK, Yes, 0.01979, 0.988594, 0.006152, 0.133444,  2,   653.82663,  17, 116383624.000000, 12.000000, 0.975417, 0.000770, 0.018099, 0.021486
FTPGTFTNQIQAAFR, Yes, 0.07461, 0.994161, 0.008807, 0.047593,  2,   849.93356,  28, 89317160.000000, 12.000000, 0.986989, 0.002782, 0.068489, 0.080736
FTPGTFTNQIQAAFR, Yes, 0.08362, 0.982301, 0.017442, 0.027293,  3,   566.95813,  28, 24092088.000000, 12.000000, 0.949437, 0.006230, 0.069906, 0.097330
AIVAIENPADVSVISSR, Yes, 0.06899, 0.981002, 0.022402, 0.051824,  2,   870.97815,  38, 54808220.000000, 12.000000, 0.911868, 0.005613, 0.056633, 0.081342
AIVAIENPADVSVISSR, Yes, 0.08104, 0.905661, 0.038109, 0.077396,  3,   580.98786,  38, 14108665.000000, 11.000000, 0.780651, 0.011652, 0.055075, 0.106998
FLAAGTHLGGTNLDFQMEQYIYK, Yes, 0.10049, 0.998313, 0.003437, 0.034394,  3,   873.09669,  39, 49050448.000000, 12.000000, 0.996178, 0.002340, 0.095342, 0.105643
ADHQPLTEASYVNLPTIALcNTDSPLR, Yes, 0.09333, 0.998298, 0.003298, 0.023667,  3,   999.49758,  53, 22977878.000000, 12.000000, 0.996175, 0.002124, 0.088653, 0.098002
KSDGIYIINLK, Yes, 0.08837, 0.987704, 0.010731, 0.070542,  3,   421.91508,  13, 29377592.000000, 12.000000, 0.974264, 0.005017, 0.077325, 0.099409
KSDGIYIINLK, Yes, 0.11557, 0.988864, 0.010875, 0.074678,  2,   632.36898,  13, 7645878.000000, 12.000000, 0.977283, 0.006930, 0.100321, 0.130825


MeanRateConst/CorrCutOff, 0.084913, 0.900000


MedianRateConst/RMSSCutOff, 0.084987, 0.050000
StandDev/NumberPeptides, 0.002981, 7
TotalIonCurrent, 1.91684e+10
