Peptides, PeptideUnique, RateConstants, Correlations, RootMeanRSS, AbsoluteIsotopeError, Charge, m/z(Sequence), NEH, Abundance, NDP, Rsquared,sigma,CI lower band, CI upper band
LMTQAQLEEATR, Yes, 0.02193, 0.913852, 0.017419, 0.151653,  2,   695.85337,  29, 10289402.000000, 10.000000, 0.823344, 0.001945, 0.017535, 0.026335
VHHQTYEDIDR, Yes, 0.00760, 0.554291, 0.018757, 0.093084,  3,   471.55662,  23, 29171308.000000, 10.000000, 0.256784, 0.001882, 0.003345, 0.011862
YVFTDISYNIPHR, Yes, 0.11164, 0.975506, 0.014667, 0.045733,  3,   542.27545,  19, 13506326.000000, 10.000000, 0.949812, 0.007273, 0.095188, 0.128094
IDGLLIDQIQR, Yes, 0.05870, 0.973201, 0.023812, 0.202185,  2,   642.36952,  21, 7940501.000000, 10.000000, 0.912271, 0.004830, 0.047769, 0.069621


MeanRateConst/CorrCutOff, 0.049969, 0.900000


MedianRateConst/RMSSCutOff, 0.058695, 0.050000
StandDev/NumberPeptides, 0.002878, 4
TotalIonCurrent, 8.60558e+08
