Peptides, PeptideUnique, RateConstants, Correlations, RootMeanRSS, AbsoluteIsotopeError, Charge, m/z(Sequence), NEH, Abundance, NDP, Rsquared,sigma,CI lower band, CI upper band
SSSENSVLQTLLQMR, Yes, 0.39315, 0.973753, 0.023509, 0.193677,  3,   564.95768,  31, 2937063.750000, 7.000000, 0.929830, 0.029925, 0.319923, 0.466371
SSSENSVLQTLLQMR, Yes, 0.05311, 0.986664, 0.013415, 0.473611,  2,   846.93288,  31, 8804725.000000, 7.000000, 0.918140, 0.002830, 0.046182, 0.060030
IPNFLHLTPVAIK, Yes, 0.11525, 0.942100, 0.024630, 0.149205,  3,   488.29753,  18, 9984445.000000, 7.000000, 0.817852, 0.010197, 0.090297, 0.140199
LKNEGENEASLAQYK, Yes, 0.12821, 0.971403, 0.027708, 0.108544,  3,   565.28455,  34, 5518290.500000, 7.000000, 0.890955, 0.020101, 0.079027, 0.177400


MeanRateConst/CorrCutOff, 0.098856, 0.900000


MedianRateConst/RMSSCutOff, 0.115248, 0.050000
StandDev/NumberPeptides, 0.005684, 3
TotalIonCurrent, 3.03668e+08
