Peptides, PeptideUnique, RateConstants, Correlations, RootMeanRSS, AbsoluteIsotopeError, Charge, m/z(Sequence), NEH, Abundance, NDP, Rsquared,sigma,CI lower band, CI upper band
SQEEMEFIQR, Yes, 0.09859, 0.992102, 0.014573, 0.085408,  2,   648.79806,  28, 10458885.000000, 12.000000, 0.983272, 0.004893, 0.087822, 0.109359
VVQVVKPHAPLIK, Yes, 0.05684, 0.988721, 0.012939, 0.106065,  4,   357.73288,  20, 99261824.000000, 12.000000, 0.970401, 0.003262, 0.049656, 0.064016
KPMSQEEMEFIQR, Yes, 0.08704, 0.986865, 0.017468, 0.170444,  3,   551.59720,  32, 20097998.000000, 12.000000, 0.966276, 0.006171, 0.073463, 0.100626
KPMSQEEMEFIQR, Yes, 0.02900, 0.793027, 0.061076, 0.271368,  2,   826.89216,  32, 6751387.000000, 11.000000, 0.437730, 0.009740, 0.007302, 0.050705
LSASEALGSAALPSHSSAISQH, Yes, 0.07406, 0.994507, 0.009730, 0.086638,  3,   707.69053,  59, 11482143.000000, 12.000000, 0.987880, 0.002833, 0.067825, 0.080296
GSTSPDLLMHQGPPDTAEIIK, Yes, 0.08642, 0.999282, 0.002887, 0.052247,  3,   736.37194,  40, 30137278.000000, 12.000000, 0.998384, 0.001225, 0.083728, 0.089121
LSASEALGSAALPSHSSAISQHSK, Yes, 0.09181, 0.937754, 0.024855, 0.169454,  3,   779.39953,  62, 3869356.000000, 9.000000, 0.770583, 0.011599, 0.065065, 0.118559
LSASEALGSAALPSHSSAISQHSK, Yes, 0.09164, 0.995921, 0.008115, 0.070912,  4,   584.80147,  62, 40001416.000000, 12.000000, 0.990595, 0.003331, 0.084313, 0.098976


MeanRateConst/CorrCutOff, 0.088263, 0.900000


MedianRateConst/RMSSCutOff, 0.087044, 0.050000
StandDev/NumberPeptides, 0.003122, 6
TotalIonCurrent, 6.43408e+09
