Peptides, PeptideUnique, RateConstants, Correlations, RootMeanRSS, AbsoluteIsotopeError, Charge, m/z(Sequence), NEH, Abundance, NDP, Rsquared,sigma,CI lower band, CI upper band
NFIVWLEDQK, Yes, 0.03453, 0.902613, 0.018027, 0.064410,  2,   646.33769,  14, 67006000.000000, 11.000000, 0.791517, 0.003388, 0.026984, 0.042081
AGVMALANLLQIQR, Yes, 0.17579, 0.999025, 0.004769, 0.103385,  2,   749.43212,  31, 5181082.500000, 11.000000, 0.997804, 0.003468, 0.168067, 0.183521
AGVMALANLLQIQR, Yes, 0.13579, 0.988239, 0.016083, 0.142305,  3,   499.95717,  31, 2141880.000000, 11.000000, 0.971482, 0.008357, 0.117169, 0.154410
INEAIVAVQAIIADPK, Yes, 0.16446, 0.996894, 0.008967, 0.052678,  3,   555.65755,  35, 4380789.500000, 11.000000, 0.991891, 0.006100, 0.150866, 0.178050
NAEPLINLDVNNPDFK, Yes, 0.25158, 0.976875, 0.019082, 0.274720,  2,   906.95995,  28, 5858689.000000, 11.000000, 0.945570, 0.026722, 0.192040, 0.311123
HILGFDTGDAVLNEAAQILR, Yes, 0.15196, 0.975294, 0.018954, 0.076186,  3,   718.38316,  40, 8259526.500000, 11.000000, 0.930257, 0.014511, 0.119627, 0.184292
QEAIDWLLGLAVR, Yes, 0.16255, 0.997588, 0.007255, 0.124702,  2,   742.41700,  26, 6425866.000000, 11.000000, 0.993998, 0.005063, 0.151273, 0.173836


MeanRateConst/CorrCutOff, 0.158111, 0.900000


MedianRateConst/RMSSCutOff, 0.162555, 0.050000
StandDev/NumberPeptides, 0.005964, 5
TotalIonCurrent, 1.22465e+09
