Peptides, PeptideUnique, RateConstants, Correlations, RootMeanRSS, AbsoluteIsotopeError, Charge, m/z(Sequence), NEH, Abundance, NDP, Rsquared,sigma,CI lower band, CI upper band
QAASGLVGQENAR, Yes, 0.03243, 0.946030, 0.026611, 0.078209,  2,   650.83383,  37, 11767540.000000, 6.000000, 0.426783, 0.014095, 0.000000, 3.626075
YSVQLLTPANLLAK, Yes, 0.04293, 0.971788, 0.012741, 0.115327,  2,   765.94813,  23, 12707512.000000, 6.000000, 0.890794, 0.006527, 0.026155, 0.059713
ALESSIAPIVIFASNR, Yes, 0.05452, 0.887315, 0.034374, 0.190475,  2,   844.47249,  36, 3181126.750000, 6.000000, 0.667158, 0.016102, 0.013130, 0.095911
VPFcPMVGSEVYSTEIK, Yes, 0.04692, 0.954041, 0.072997, 0.337166,  2,   971.96809,  27, 2735701.750000, 6.000000, 0.408591, 0.035634, 0.000000, 4.160165


MeanRateConst/CorrCutOff, 0.037681, 0.900000


MedianRateConst/RMSSCutOff, 0.042934, 0.050000
StandDev/NumberPeptides, 0.007979, 2
TotalIonCurrent, 2.46359e+08
