Peptides, PeptideUnique, RateConstants, Correlations, RootMeanRSS, AbsoluteIsotopeError, Charge, m/z(Sequence), NEH, Abundance, NDP, Rsquared,sigma,CI lower band, CI upper band
LNPSFLDLVR, Yes, 0.16635, 0.994416, 0.010640, 0.021936,  2,   587.33495,  15, 115082104.000000, 12.000000, 0.982032, 0.009050, 0.146429, 0.186267
ALPETIEDAEK, Yes, 0.27340, 0.996130, 0.010636, 0.051581,  2,   608.30878,  26, 30493166.000000, 12.000000, 0.991983, 0.011936, 0.247127, 0.299667
SVPVSLQSLTADEDTGMK, Yes, 0.09135, 0.948789, 0.027227, 0.076723,  2,   939.46168,  32, 36605528.000000, 12.000000, 0.877103, 0.010823, 0.067529, 0.115174
SPGVAELSQR, Yes, 0.23962, -2.000000, 0.000000, 0.598141,  2,   522.27763,  26, 97705048.000000, 1.000000, 0.000000, inf, 0.239619, 0.239619


MeanRateConst/CorrCutOff, 0.177032, 0.900000


MedianRateConst/RMSSCutOff, 0.166348, 0.050000
StandDev/NumberPeptides, 0.010465, 3
TotalIonCurrent, 5.7926e+09
