Peptides, PeptideUnique, RateConstants, Correlations, RootMeanRSS, AbsoluteIsotopeError, Charge, m/z(Sequence), NEH, Abundance, NDP, Rsquared,sigma,CI lower band, CI upper band
SPSFADLFR, Yes, 0.29688, 0.988476, 0.022115, 0.075562,  2,   520.26400,  18, 37249812.000000, 10.000000, 0.941069, 0.028915, 0.231472, 0.362293
SPGVAELSQR, No, 0.22382, 0.996740, 0.016435, 0.029221,  2,   522.27763,  26, 110562408.000000, 10.000000, 0.983212, 0.011029, 0.198871, 0.248771
MMcLEEDASER, Yes, 0.32110, 0.999478, 0.003637, 0.099069,  2,   685.77287,  28, 7597475.000000, 10.000000, 0.998862, 0.005080, 0.309613, 0.332594
AKENTIYLQVQTGK, Yes, 0.14043, 0.909858, 0.045862, 0.373842,  3,   531.62626,  23, 4648309.500000, 8.000000, 0.757599, 0.018792, 0.095995, 0.184867
GVALPETIEEAENLGR, Yes, 0.41602, 0.993324, 0.016661, 0.338667,  2,   849.43885,  38, 18015912.000000, 10.000000, 0.973138, 0.034010, 0.339086, 0.492957
GVALPETIEEAENLGR, Yes, 0.07924, 0.998186, 0.006754, 0.042651,  3,   566.62832,  38, 83110096.000000, 10.000000, 0.994198, 0.001542, 0.075751, 0.082730
GSWVSGYTLITEFVGSGYR, Yes, 0.12367, 0.988274, 0.010274, 0.154068,  3,   693.67758,  27, 2696566.500000, 10.000000, 0.975110, 0.005901, 0.110319, 0.137018


MeanRateConst/CorrCutOff, 0.243456, 0.900000


MedianRateConst/RMSSCutOff, 0.296882, 0.050000
StandDev/NumberPeptides, 0.005131, 6
TotalIonCurrent, 3.43816e+09
