Peptides, PeptideUnique, RateConstants, Correlations, RootMeanRSS, AbsoluteIsotopeError, Charge, m/z(Sequence), NEH, Abundance, NDP, Rsquared,sigma,CI lower band, CI upper band
QVLSSLLSGALAGALAK, Yes, 0.11457, 0.994961, 0.010637, 0.097782,  3,   533.65404,  36, 8645749.000000, 7.000000, 0.983984, 0.007471, 0.096294, 0.132856
LREDAEAVLAGAVSSK, Yes, 0.22659, 0.981901, 0.024809, 0.113356,  3,   539.29316,  39, 22150700.000000, 7.000000, 0.954294, 0.018733, 0.180752, 0.272427
LLAGALAGTTAASLTYPLDLVR, Yes, 0.08085, 0.984241, 0.009295, 0.266727,  2,  1094.12280,  39, 4006650.000000, 7.000000, 0.958469, 0.003512, 0.072256, 0.089444
MQTAGVTGHQHGSILSTLR, Yes, 0.03195, 0.810787, 0.066697, 0.183901,  4,   499.26137,  36, 15550595.000000, 6.000000, -0.420154, 0.023801, 0.000000, 2.264493


MeanRateConst/CorrCutOff, 0.140671, 0.900000


MedianRateConst/RMSSCutOff, 0.114575, 0.050000
StandDev/NumberPeptides, 0.005626, 3
TotalIonCurrent, 8.13866e+08
