Peptides, PeptideUnique, RateConstants, Correlations, RootMeanRSS, AbsoluteIsotopeError, Charge, m/z(Sequence), NEH, Abundance, NDP, Rsquared,sigma,CI lower band, CI upper band
FVEVLLQNNTQSNR, Yes, 0.13205, 0.751648, 0.062327, 0.267107,  2,   831.43391,  26, 5791534.500000, 6.000000, 0.494548, 0.027471, 0.061435, 0.202666
LFAVLDFDPYSHIK, Yes, 0.31610, 0.995095, 0.009272, 0.186681,  3,   555.62761,  20, 4219811.500000, 6.000000, 0.981492, 0.014856, 0.277906, 0.354286
ADTFSGLLEYLNPNHK, Yes, 0.49624, 0.978673, 0.018686, 0.124174,  3,   606.97221,  27, 3892346.250000, 6.000000, 0.955945, 0.057730, 0.347844, 0.644644
VAETGPLNLIDPIHEFK, Yes, 0.49603, 0.996222, 0.007585, 0.157922,  3,   631.67539,  30, 4121899.750000, 6.000000, 0.991842, 0.023591, 0.435392, 0.556677


MeanRateConst/CorrCutOff, 0.436125, 0.900000


MedianRateConst/RMSSCutOff, 0.496034, 0.050000
StandDev/NumberPeptides, 0.023618, 3
TotalIonCurrent, 2.27436e+08
