Peptides, PeptideUnique, RateConstants, Correlations, RootMeanRSS, AbsoluteIsotopeError, Charge, m/z(Sequence), NEH, Abundance, NDP, Rsquared,sigma,CI lower band, CI upper band
VNMEDLR, No, 0.11555, 0.982445, 0.015000, 0.027560,  2,   438.71582,  13, 23979038.000000, 9.000000, 0.960855, 0.006451, 0.100677, 0.130430
SYELQESNVR, Yes, 0.14694, 0.993008, 0.016419, 0.015605,  2,   612.79638,  23, 20178264.000000, 9.000000, 0.969089, 0.007925, 0.128660, 0.165212
FESDPATHNEPGVR, Yes, 0.09413, 0.985033, 0.016844, 0.173228,  3,   519.24270,  32, 21777216.000000, 9.000000, 0.948384, 0.004786, 0.083092, 0.105165
NLSLSGHVGFDSLPDQLVNK, Yes, 0.09706, 0.839129, 0.036315, 0.175691,  3,   714.03929,  33, 11666740.000000, 9.000000, 0.506854, 0.015042, 0.062368, 0.131743
STSQGFcFNILcVGETGIGK, Yes, 0.02016, 0.405300, 0.027595, 0.171111,  2,  1088.01410,  31, 3461113.500000, 9.000000, -0.111911, 0.004487, 0.009817, 0.030512
STLMDTLFNTK, Yes, 0.21448, 0.963546, 0.015923, 0.083418,  2,   635.82102,  10, 34557344.000000, 9.000000, 0.918704, 0.025599, 0.155448, 0.273510
VNIIPIIAK, No, 0.04964, 0.964040, 0.021103, 0.107332,  2,   490.82876,  13, 42580960.000000, 9.000000, 0.899907, 0.007041, 0.033406, 0.065879


MeanRateConst/CorrCutOff, 0.102297, 0.900000


MedianRateConst/RMSSCutOff, 0.115553, 0.050000
StandDev/NumberPeptides, 0.006774, 4
TotalIonCurrent, 1.80678e+09
