Peptides, PeptideUnique, RateConstants, Correlations, RootMeanRSS, AbsoluteIsotopeError, Charge, m/z(Sequence), NEH, Abundance, NDP, Rsquared,sigma,CI lower band, CI upper band
VNIVPVIAK, No, 0.07924, 0.972065, 0.015179, 0.046599,  2,   476.81312,  12, 34263656.000000, 10.000000, 0.942089, 0.005228, 0.067418, 0.091069
ILDEIEEHSIK, Yes, 0.18313, 0.888710, 0.053439, 0.265058,  3,   442.56975,  23, 8597631.000000, 11.000000, 0.445907, 0.041116, 0.091516, 0.274739
TVQIEASTVEIEER, Yes, 0.00506, 0.920871, 0.005132, 0.197605,  2,   802.41231,  33, 235794960.000000, 11.000000, 0.843070, 0.000382, 0.004208, 0.005909
LTVVDTPGYGDAINcR, Yes, 0.10215, 0.978722, 0.016582, 0.194293,  2,   875.92508,  24, 6982950.000000, 11.000000, 0.944310, 0.007491, 0.085463, 0.118844
ASIPFSVVGSNQLIEAK, Yes, 0.09482, 0.931730, 0.037176, 0.116373,  2,   880.48307,  34, 8122655.500000, 11.000000, 0.709763, 0.013415, 0.064930, 0.124711
STLINSLFLTDLYPER, Yes, 0.02057, 0.863044, 0.018841, 0.354109,  2,   941.50145,  23, 71537600.000000, 11.000000, 0.700743, 0.002795, 0.014337, 0.026793
KVENEDMNKDQILLEK, Yes, 0.00438, 0.864136, 0.014491, 0.146511,  3,   649.33481,  28, 3405910.250000, 3.000000, -0.378038, 0.003599, 0.000000, 6.333231
QQPTQFINPETPGYVGFANLPNQVHR, Yes, 0.07444, 0.987781, 0.007438, 0.039042,  3,   984.82989,  54, 4961814.500000, 9.000000, 0.964667, 0.003633, 0.066062, 0.082818


MeanRateConst/CorrCutOff, 0.087664, 0.900000


MedianRateConst/RMSSCutOff, 0.079243, 0.050000
StandDev/NumberPeptides, 0.005930, 4
TotalIonCurrent, 3.37519e+09
