Peptides, PeptideUnique, RateConstants, Correlations, RootMeanRSS, AbsoluteIsotopeError, Charge, m/z(Sequence), NEH, Abundance, NDP, Rsquared,sigma,CI lower band, CI upper band
DNQSGSLLFIGR, Yes, 0.57875, 0.980944, 0.021473, 0.177908,  2,   653.84113,  23, 17999150.000000, 12.000000, 0.931169, 0.070034, 0.424605, 0.732892
TGLYNYYDDEKEK, Yes, 0.38575, 0.974901, 0.015555, 0.122813,  3,   546.58249,  18, 6075614.500000, 12.000000, 0.947254, 0.043467, 0.290082, 0.481423
LYGPSSVSFADDFVR, Yes, 0.16470, 0.871344, 0.046378, 0.059584,  2,   830.40430,  26, 40889364.000000, 12.000000, 0.689209, 0.037125, 0.082992, 0.246416
DQAVENILLSPLVVASSLGLVSLGGK, Yes, 0.52906, 0.979057, 0.013920, 0.131541,  3,   860.49333,  46, 2656135.000000, 10.000000, 0.944050, 0.064244, 0.383727, 0.674386
GVVEVTHDLQK, Yes, 0.06136, 0.970230, 0.019051, 0.141647,  2,   612.83278,  17, 9537609.000000, 12.000000, 0.941291, 0.004800, 0.050794, 0.071922
HLAGLGLTEAIDK, Yes, 0.50420, 0.994886, 0.011744, 0.597035,  3,   446.58562,  24, 4012254.750000, 12.000000, 0.986107, 0.032473, 0.432723, 0.575670


MeanRateConst/CorrCutOff, 0.499439, 0.900000


MedianRateConst/RMSSCutOff, 0.504196, 0.050000
StandDev/NumberPeptides, 0.047821, 4
TotalIonCurrent, 3.22058e+09
