Peptides, PeptideUnique, RateConstants, Correlations, RootMeanRSS, AbsoluteIsotopeError, Charge, m/z(Sequence), NEH, Abundance, NDP, Rsquared,sigma,CI lower band, CI upper band
FTTYEVR, Yes, 1.37426, 0.910189, 0.033196, 0.229593,  2,   458.23217,  9, 65753792.000000, 7.000000, 0.682693, 0.150413, 1.006210, 1.742307
IVVPPLPGK, Yes, 0.04423, 0.939517, 0.027869, 0.097429,  2,   460.30240,  13, 26584446.000000, 7.000000, 0.812454, 0.008610, 0.023166, 0.065304
IAGHPLAQNER, Yes, 0.15866, 0.953891, 0.041041, 0.176719,  3,   402.55102,  30, 14525622.000000, 7.000000, 0.777465, 0.009277, 0.135963, 0.181363
TNLPIFK, No, 14.75681, 0.999739, 0.011154, 0.675933,  2,   416.74999,  7, 78153272.000000, 7.000000, 0.968537, 0.071628, 14.581537, 14.932072
YSDFEWLK, Yes, 0.20072, 0.994126, 0.006438, 0.049453,  2,   544.25837,  10, 20674576.000000, 7.000000, 0.974142, 0.015203, 0.163518, 0.237919


MeanRateConst/CorrCutOff, 0.134539, 0.900000


MedianRateConst/RMSSCutOff, 0.158663, 0.050000
StandDev/NumberPeptides, 0.010498, 3
TotalIonCurrent, 1.27586e+09
