Peptides, PeptideUnique, RateConstants, Correlations, RootMeanRSS, AbsoluteIsotopeError, Charge, m/z(Sequence), NEH, Abundance, NDP, Rsquared,sigma,CI lower band, CI upper band
YHEALAK, Yes, 0.07978, 0.999086, 0.004401, 0.028527,  2,   416.22159,  16, 116920928.000000, 12.000000, 0.998001, 0.001229, 0.077077, 0.082488
GELLEAIKR, Yes, 0.08120, 0.998200, 0.007488, 0.050883,  2,   514.80855,  20, 71015064.000000, 12.000000, 0.994611, 0.002043, 0.076703, 0.085696
GDVTTQVALQPALK, Yes, 0.10104, 0.998807, 0.005946, 0.029270,  2,   720.90648,  25, 403393760.000000, 12.000000, 0.996423, 0.002315, 0.095942, 0.106135
GDVTTQVALQPALK, Yes, 0.20450, 0.989285, 0.014982, 0.115685,  3,   480.94008,  25, 54180444.000000, 12.000000, 0.977294, 0.013717, 0.174308, 0.234690
HHAAYVNNLNATEEK, Yes, 0.09017, 0.998715, 0.006191, 0.015513,  3,   570.94464,  33, 238586640.000000, 12.000000, 0.995292, 0.002143, 0.085451, 0.094882
HHAAYVNNLNATEEK, Yes, 0.08714, 0.996662, 0.010193, 0.028393,  4,   428.46030,  33, 85569808.000000, 12.000000, 0.989454, 0.003395, 0.079664, 0.094608
HHAAYVNNLNATEEK, Yes, 0.08465, 0.999462, 0.003729, 0.046238,  2,   855.91333,  33, 65485152.000000, 12.000000, 0.998427, 0.001203, 0.082000, 0.087294
AIWNVINWENVTER, Yes, 0.07711, 0.998648, 0.003785, 0.043206,  3,   581.96527,  24, 144961168.000000, 12.000000, 0.997278, 0.001363, 0.074109, 0.080110
AIWNVINWENVTER, Yes, 0.02030, 0.732792, 0.026468, 0.013553,  2,   872.44427,  24, 603133952.000000, 12.000000, -0.260749, 0.003546, 0.012497, 0.028105
HSLPDLPYDYGALEPH, Yes, 0.07390, 0.995266, 0.007801, 0.133414,  3,   608.62481,  32, 5742834.000000, 12.000000, 0.990303, 0.002468, 0.068466, 0.079331
LTAVSVGVQGSGWGWLGFNK, Yes, 0.02123, 0.879864, 0.018374, 0.120762,  3,   688.36182,  29, 14269604.000000, 12.000000, 0.768773, 0.002814, 0.015041, 0.027426
LTAVSVGVQGSGWGWLGFNK, Yes, 0.04042, 0.841854, 0.026859, 0.175578,  2,  1032.03910,  29, 16088763.000000, 12.000000, 0.609891, 0.006004, 0.027203, 0.053634
FNGGGHINHTIFWTNLSPK, Yes, 0.04839, 0.895998, 0.029488, 0.204548,  4,   535.77353,  27, 130192096.000000, 12.000000, 0.789818, 0.008225, 0.030290, 0.066495


MeanRateConst/CorrCutOff, 0.081991, 0.900000


MedianRateConst/RMSSCutOff, 0.081200, 0.050000
StandDev/NumberPeptides, 0.001735, 7
TotalIonCurrent, 7.07068e+10
