Peptides, PeptideUnique, RateConstants, Correlations, RootMeanRSS, AbsoluteIsotopeError, Charge, m/z(Sequence), NEH, Abundance, NDP, Rsquared,sigma,CI lower band, CI upper band
NEVSFVIHNLPIIAK, Yes, 0.04677, 0.971550, 0.018886, 0.067453,  3,   565.32603,  25, 28494144.000000, 11.000000, 0.884797, 0.004432, 0.036898, 0.056650
FGLLQGTSAETSGGLLIcLPR, Yes, 0.17821, 0.987843, 0.012934, 0.065898,  3,   730.72442,  37, 3626316.000000, 11.000000, 0.968807, 0.013138, 0.148939, 0.207485
PGPGSAFPSLSIGMDScVIPLR, Yes, 0.04985, 0.866809, 0.027453, 0.393666,  2,  1129.56904,  43, 1735288.625000, 10.000000, 0.745605, 0.008358, 0.030942, 0.068755
PGPGSAFPSLSIGMDScVIPLR, Yes, 0.00538, 0.432383, 0.010770, 0.109856,  3,   753.38178,  43, 6626923.000000, 11.000000, -3.184506, 0.001390, 0.002282, 0.008476
EEVELAYQEAMFNMATLNR, Yes, 0.15541, 0.988778, 0.012871, 0.059183,  3,   753.68551,  43, 4242583.000000, 10.000000, 0.963131, 0.011599, 0.129169, 0.181645
EEVELAYQEAMFNMATLNR, Yes, 0.06501, 0.910234, 0.031716, 0.240772,  2,  1130.02463,  43, 1371472.875000, 11.000000, 0.593069, 0.010932, 0.040652, 0.089370
SFSNYRPFEPQTLGFSPSWR, Yes, 0.14005, 0.986056, 0.013027, 0.042549,  3,   801.72207,  39, 10544084.000000, 11.000000, 0.947299, 0.011446, 0.114552, 0.165557
YGEGHQAWIVGIVEK, Yes, 0.12237, 0.975053, 0.021388, 0.081837,  3,   562.62638,  29, 41118724.000000, 11.000000, 0.948024, 0.011718, 0.096264, 0.148482
VIEVLPR, Yes, 0.24539, 0.947791, 0.032374, 0.158948,  2,   413.26326,  12, 38011196.000000, 11.000000, 0.790679, 0.042911, 0.149775, 0.340996


MeanRateConst/CorrCutOff, 0.117092, 0.900000


MedianRateConst/RMSSCutOff, 0.140055, 0.050000
StandDev/NumberPeptides, 0.008822, 5
TotalIonCurrent, 2.43464e+09
