Peptides, PeptideUnique, RateConstants, Correlations, RootMeanRSS, AbsoluteIsotopeError, Charge, m/z(Sequence), NEH, Abundance, NDP, Rsquared,sigma,CI lower band, CI upper band
QVDENWYEGR, Yes, 0.34328, 0.980057, 0.026602, 0.200815,  2,   648.28618,  22, 5043083.500000, 9.000000, 0.907816, 0.046555, 0.235924, 0.450634
cDDGWFVGTSR, No, 0.09755, 0.995811, 0.007256, 0.084694,  2,   650.27479,  16, 14093014.000000, 10.000000, 0.990402, 0.003032, 0.090692, 0.104408
SATVSPQQPQAQQR, Yes, 0.11490, 0.996753, 0.011106, 0.089495,  2,   763.38951,  42, 3294734.250000, 10.000000, 0.990490, 0.003803, 0.106302, 0.123508
LAPVQVLEYGEAIAK, Yes, 0.01589, 0.898425, 0.014533, 0.360254,  2,   800.95086,  32, 90291576.000000, 10.000000, 0.690234, 0.001566, 0.012344, 0.019430
ESDGTPGGLASLENER, Yes, 0.06896, 0.956137, 0.032885, 0.139442,  2,   816.37900,  38, 1489241.625000, 8.000000, 0.836194, 0.006758, 0.052978, 0.084940
SVLEGGDIPLQGLSGLK, Yes, 0.15948, 0.996423, 0.008339, 0.106074,  2,   841.96980,  30, 4992206.500000, 10.000000, 0.991455, 0.005669, 0.146660, 0.172307
TPVDYIDLPYSSSPSR, Yes, 0.09477, 0.981099, 0.018804, 0.182527,  2,   898.93870,  28, 5373455.000000, 10.000000, 0.925530, 0.007370, 0.078093, 0.111438
SATLPLPAR, Yes, 0.22060, 0.862962, 0.060174, 0.410692,  2,   463.27690,  20, 8553695.000000, 10.000000, 0.612944, 0.050893, 0.105470, 0.335726
GTPSSSPVSPQESPK, Yes, 0.19320, 0.986305, 0.019444, 0.032679,  2,   742.86500,  34, 2802408.500000, 10.000000, 0.971375, 0.014020, 0.161487, 0.224915


MeanRateConst/CorrCutOff, 0.094045, 0.900000


MedianRateConst/RMSSCutOff, 0.097550, 0.050000
StandDev/NumberPeptides, 0.004564, 4
TotalIonCurrent, 1.70496e+09
