Peptides, PeptideUnique, RateConstants, Correlations, RootMeanRSS, AbsoluteIsotopeError, Charge, m/z(Sequence), NEH, Abundance, NDP, Rsquared,sigma,CI lower band, CI upper band
DAEDAVYGR, Yes, 0.57622, 0.964197, 0.034323, 0.509016,  2,   498.22506,  22, 15285739.000000, 12.000000, 0.865710, 0.093969, 0.369392, 0.783042
DGTGVVEFVR, Yes, 0.38069, 0.973722, 0.024261, 0.198825,  2,   539.78003,  15, 51639260.000000, 12.000000, 0.898480, 0.054075, 0.261671, 0.499706
KEDMTYAVR, Yes, 0.19022, 0.977136, 0.023147, 0.197592,  2,   556.77386,  16, 93106584.000000, 12.000000, 0.907669, 0.021589, 0.142706, 0.237742
DGYDYDGYR, Yes, 0.20258, 0.996640, 0.007833, 0.064438,  2,   562.21998,  14, 32298018.000000, 12.000000, 0.992047, 0.008433, 0.184022, 0.221145
SHEGETAYIR, Yes, 0.14880, 0.992556, 0.018906, 0.058755,  3,   388.18775,  24, 22148634.000000, 12.000000, 0.971731, 0.010014, 0.126757, 0.170840
EAGDVcYADVYR, Yes, 0.23085, 0.996749, 0.011497, 0.068188,  2,   709.30626,  24, 31083506.000000, 12.000000, 0.986968, 0.012331, 0.203709, 0.257991
SHEGETAYIR, Yes, 0.22524, 0.990673, 0.018145, 0.019778,  2,   581.77799,  24, 12002763.000000, 12.000000, 0.973043, 0.016091, 0.189822, 0.260655


MeanRateConst/CorrCutOff, 0.212224, 0.900000


MedianRateConst/RMSSCutOff, 0.202584, 0.050000
StandDev/NumberPeptides, 0.012981, 4
TotalIonCurrent, 7.75598e+09
