Peptides, PeptideUnique, RateConstants, Correlations, RootMeanRSS, AbsoluteIsotopeError, Charge, m/z(Sequence), NEH, Abundance, NDP, Rsquared,sigma,CI lower band, CI upper band
VGQDPVMR, Yes, 0.24380, 0.981926, 0.023797, 0.802782,  2,   451.23165,  16, 36964972.000000, 9.000000, 0.956280, 0.026994, 0.181554, 0.306052
SGDSEVYQMGDVSQK, Yes, 0.05569, 0.983117, 0.020762, 0.199283,  2,   815.35669,  30, 10603339.000000, 9.000000, 0.911308, 0.005014, 0.044126, 0.067251
NPVTIFSLATNEMWR, Yes, 0.14309, 0.984849, 0.013436, 0.099296,  2,   889.94834,  24, 14147110.000000, 9.000000, 0.962230, 0.010426, 0.119048, 0.167134
NPVTIFSLATNEMWR, Yes, 0.07755, 0.979512, 0.016480, 0.071199,  3,   593.63465,  24, 7321376.000000, 9.000000, 0.935723, 0.006713, 0.062067, 0.093026


MeanRateConst/CorrCutOff, 0.130032, 0.900000


MedianRateConst/RMSSCutOff, 0.143091, 0.050000
StandDev/NumberPeptides, 0.008310, 4
TotalIonCurrent, 9.59131e+08
