Peptides, PeptideUnique, RateConstants, Correlations, RootMeanRSS, AbsoluteIsotopeError, Charge, m/z(Sequence), NEH, Abundance, NDP, Rsquared,sigma,CI lower band, CI upper band
SMFAGVPTMR, Yes, 0.14548, 0.998421, 0.005569, 0.052002,  2,   548.76754,  18, 62284508.000000, 7.000000, 0.993125, 0.002274, 0.139913, 0.151043
NLALGGGLLLLLAESR, Yes, 0.19619, 0.976103, 0.023725, 0.077548,  2,   805.48540,  30, 3305298.750000, 7.000000, 0.938827, 0.013779, 0.162472, 0.229906
GQNDLMGTAEDFADQFLR, Yes, 0.30009, 0.995477, 0.008668, 0.053021,  3,   676.64243,  38, 9920717.000000, 7.000000, 0.989726, 0.012079, 0.270536, 0.329647
GQNDLMGTAEDFADQFLR, Yes, 0.30373, 0.999369, 0.003365, 0.080068,  2,  1014.46000,  38, 5700225.000000, 7.000000, 0.998285, 0.004795, 0.291999, 0.315465


MeanRateConst/CorrCutOff, 0.236373, 0.900000


MedianRateConst/RMSSCutOff, 0.300091, 0.050000
StandDev/NumberPeptides, 0.004978, 4
TotalIonCurrent, 1.60477e+09
