Peptides, PeptideUnique, RateConstants, Correlations, RootMeanRSS, AbsoluteIsotopeError, Charge, m/z(Sequence), NEH, Abundance, NDP, Rsquared,sigma,CI lower band, CI upper band
QGDScESIIR, Yes, 2.25677, 0.934081, 0.083944, 0.828003,  2,   582.76932,  24, 2699127.000000, 8.000000, -9.531664, 4.637412, 0.000000, 4.646580
QTGEGVGPQEYTLVK, Yes, 0.06898, 0.963441, 0.016715, 0.244007,  2,   803.40958,  27, 2881280.000000, 8.000000, 0.924861, 0.006379, 0.053897, 0.084067
QEFEFWYPVDLR, Yes, 0.31304, 0.990567, 0.013099, 0.194236,  2,   814.89082,  22, 1703158.500000, 8.000000, 0.976317, 0.027006, 0.249179, 0.376896
SFITTDVNPYYDSFVR, Yes, 0.00001, -2.000000, 0.000632, 0.206543,  2,   962.45981,  20, 13244547.000000, 8.000000, -644.098999, 0.000187, 0.000000, 3.116448


MeanRateConst/CorrCutOff, 0.313038, 0.900000


MedianRateConst/RMSSCutOff, 0.313038, 0.050000
StandDev/NumberPeptides, 0.027006, 1
TotalIonCurrent, 3.59356e+08
