Peptides, PeptideUnique, RateConstants, Correlations, RootMeanRSS, AbsoluteIsotopeError, Charge, m/z(Sequence), NEH, Abundance, NDP, Rsquared,sigma,CI lower band, CI upper band
NDPSLPEPAcVK, Yes, 0.04109, 0.953695, 0.025915, 0.054431,  2,   663.82155,  25, 32372240.000000, 12.000000, 0.866716, 0.003907, 0.032491, 0.049691
SWDSEEILEGYKR, Yes, 0.04356, 0.779688, 0.045259, 0.121739,  3,   537.92648,  27, 6750904.500000, 12.000000, 0.548400, 0.008135, 0.025657, 0.061466
EGIDPAPYYWYTDQR, Yes, 0.10984, 0.990284, 0.013947, 0.125616,  2,   937.42321,  28, 11033007.000000, 12.000000, 0.970949, 0.007572, 0.093173, 0.126505
LTESVDVLMPNVGEIVGGSMR, Yes, 0.02567, 0.946457, 0.017279, 0.323650,  2,  1102.05850,  35, 6233661.500000, 12.000000, 0.831883, 0.002896, 0.019298, 0.032044
GYcEVTTPTLVQTQVEGGATLFK, Yes, 0.01858, 0.878796, 0.018594, 0.643859,  3,   833.75272,  35, 7575003.500000, 12.000000, 0.727494, 0.003061, 0.011838, 0.025313
LMTDTINEPILLcR, Yes, 0.35829, 0.992549, 0.010033, 0.246393,  2,   844.93912,  20, 6284584.000000, 12.000000, 0.981890, 0.025529, 0.302096, 0.414476
MNYSDAIEWLK, Yes, 0.44875, 0.986302, 0.012597, 0.055691,  2,   685.32645,  18, 14302621.000000, 12.000000, 0.972381, 0.038476, 0.364067, 0.533435
SWDSEEILEGYK, Yes, 0.21171, 0.991130, 0.013008, 0.117373,  2,   728.33553,  23, 7912467.500000, 12.000000, 0.980103, 0.013222, 0.182611, 0.240812
LTESVDVLMPNVGEIVGGSMR, Yes, 0.03751, 0.827450, 0.028431, 0.400884,  3,   735.04143,  35, 6454066.500000, 12.000000, 0.604081, 0.006010, 0.024278, 0.050733
EPFPTIYVDSQK, Yes, 14.33456, 0.987241, 0.016568, 0.794166,  2,   712.35882,  20, 25770534.000000, 12.000000, 0.950967, 111660.992188, 13.411756, 15.257373
ALMTVGK, Yes, 0.47935, 0.990152, 0.010171, 0.226019,  2,   360.20965,  9, 120310656.000000, 12.000000, 0.978422, 0.037566, 0.396667, 0.562031


MeanRateConst/CorrCutOff, 0.233936, 0.900000


MedianRateConst/RMSSCutOff, 0.211712, 0.050000
StandDev/NumberPeptides, 0.009455, 5
TotalIonCurrent, 3.82747e+09
