Peptides, PeptideUnique, RateConstants, Correlations, RootMeanRSS, AbsoluteIsotopeError, Charge, m/z(Sequence), NEH, Abundance, NDP, Rsquared,sigma,CI lower band, CI upper band
DVNAAIAAIK, Yes, 0.06927, 0.999170, 0.004367, 0.042846,  2,   493.28746,  22, 226290160.000000, 12.000000, 0.998334, 0.000927, 0.067230, 0.071313
EIIDPVLDR, Yes, 4.11644, 0.615052, 0.064493, 0.278859,  2,   535.29803,  16, 216858384.000000, 12.000000, -0.404225, 14.476682, 3.241066, 4.991822
LSDQcTGLQGFLVF, Yes, 0.10718, 0.999008, 0.004270, 0.081958,  2,   792.88998,  21, 7673146.000000, 12.000000, 0.997201, 0.002196, 0.102352, 0.112017
EcISVHVGQAGVQMGN, Yes, 0.06136, 0.991255, 0.011798, 0.086152,  2,   843.39035,  34, 6643609.500000, 12.000000, 0.981608, 0.002716, 0.055379, 0.067336
AVFVDLEPTVIDEIR, Yes, 0.07961, 0.996424, 0.006810, 0.040251,  3,   572.64533,  26, 38832704.000000, 12.000000, 0.992654, 0.002386, 0.074356, 0.084860
AVFVDLEPTVIDEIR, Yes, 0.07772, 0.998276, 0.004844, 0.021897,  2,   858.46435,  26, 95569624.000000, 12.000000, 0.996137, 0.001654, 0.074078, 0.081360
LSDQcTGLQGFLVFH, Yes, 0.05780, 0.988726, 0.014119, 0.235902,  2,   861.41944,  24, 20485260.000000, 12.000000, 0.964576, 0.003773, 0.049496, 0.066106
LSDQcTGLQGFLVFHSF, Yes, 0.04561, 0.978667, 0.012505, 0.438657,  2,   978.46966,  27, 21513492.000000, 12.000000, 0.944669, 0.002966, 0.039086, 0.052141
TIGGGDDSFTTFFcETGAGK, Yes, 0.07763, 0.998593, 0.004212, 0.025328,  2,  1034.45187,  29, 79725336.000000, 12.000000, 0.996438, 0.001623, 0.074059, 0.081205
TIGGGDDSFTTFFcETGAGK, Yes, 0.06906, 0.992165, 0.009561, 0.107002,  3,   689.97034,  29, 9301217.000000, 12.000000, 0.979176, 0.003260, 0.061883, 0.076234
SIQFVDWcPTGFK, No, 0.08935, -2.000000, 0.000001, 0.434450,  2,   792.87941,  17, 181791680.000000, 1.000000, 0.000000, inf, 0.089347, 0.089347


MeanRateConst/CorrCutOff, 0.068609, 0.900000


MedianRateConst/RMSSCutOff, 0.069271, 0.050000
StandDev/NumberPeptides, 0.001877, 7
TotalIonCurrent, 2.21533e+10
