Peptides, PeptideUnique, RateConstants, Correlations, RootMeanRSS, AbsoluteIsotopeError, Charge, m/z(Sequence), NEH, Abundance, NDP, Rsquared,sigma,CI lower band, CI upper band
ISVYYNEATGGK, Yes, 0.10290, 0.989112, 0.016667, 0.047250,  2,   651.32223,  19, 130324568.000000, 12.000000, 0.960697, 0.007217, 0.087016, 0.118783
ALTVPELTQQVFDAK, Yes, 0.08361, 0.997167, 0.008265, 0.051451,  3,   553.96992,  27, 29206558.000000, 12.000000, 0.990506, 0.002892, 0.077248, 0.089976
ALTVPELTQQVFDAK, Yes, 0.07873, 0.999097, 0.004377, 0.018295,  2,   830.45125,  27, 52121564.000000, 12.000000, 0.997063, 0.001434, 0.075577, 0.081891
MAVTFIGNSTAIQELFK, Yes, 0.06257, 0.994532, 0.006895, 0.045250,  2,   935.49258,  28, 27189648.000000, 12.000000, 0.988559, 0.002081, 0.057993, 0.067152
MAVTFIGNSTAIQELFK, Yes, 0.05536, 0.996096, 0.006316, 0.072107,  3,   623.99748,  28, 17665910.000000, 12.000000, 0.988999, 0.001698, 0.051627, 0.059100
FWEVISDEHGIDPTGTYHGDSDLQLDR, Yes, 0.03958, 0.990893, 0.006439, 0.058102,  4,   776.35735,  49, 28299894.000000, 12.000000, 0.972788, 0.001989, 0.035199, 0.043955


MeanRateConst/CorrCutOff, 0.063972, 0.900000


MedianRateConst/RMSSCutOff, 0.062573, 0.050000
StandDev/NumberPeptides, 0.001912, 5
TotalIonCurrent, 1.04838e+10
