Peptides, PeptideUnique, RateConstants, Correlations, RootMeanRSS, AbsoluteIsotopeError, Charge, m/z(Sequence), NEH, Abundance, NDP, Rsquared,sigma,CI lower band, CI upper band
KGESGQSWPR, Yes, 0.24426, 0.996005, 0.014390, 0.031074,  2,   566.28071,  23, 42413584.000000, 12.000000, 0.982946, 0.014298, 0.212791, 0.275730
LTFScLGGSDNFK, Yes, 0.17695, 0.990985, 0.013220, 0.019308,  2,   723.34012,  17, 134258560.000000, 12.000000, 0.968584, 0.012893, 0.148575, 0.205329
LNWLSVDFNNWK, Yes, 0.20987, 0.997464, 0.004334, 0.047580,  2,   768.38570,  12, 65999984.000000, 12.000000, 0.994104, 0.007327, 0.193748, 0.226001
HLNEIDLFHcIDPNDSK, Yes, 0.11036, 0.903888, 0.039119, 0.258955,  3,   689.65819,  30, 5875349.000000, 11.000000, 0.707881, 0.021070, 0.063412, 0.157305


MeanRateConst/CorrCutOff, 0.185361, 0.900000


MedianRateConst/RMSSCutOff, 0.209875, 0.050000
StandDev/NumberPeptides, 0.012068, 4
TotalIonCurrent, 8.93329e+09
