Peptides, PeptideUnique, RateConstants, Correlations, RootMeanRSS, AbsoluteIsotopeError, Charge, m/z(Sequence), NEH, Abundance, NDP, Rsquared,sigma,CI lower band, CI upper band
QYNGVPLDGR, Yes, 7.95964, 0.987262, 0.060549, 0.754162,  2,   559.78309,  19, 12946803.000000, 10.000000, -1.596791, 582.819885, 5.989515, 9.929771
SLGTADVHFER, Yes, 0.05788, 0.715583, 0.056123, 0.598378,  2,   616.30693,  22, 2678412.500000, 9.000000, 0.368369, 0.011421, 0.031539, 0.084213
PMNIQLVTSQIDTQR, Yes, 0.22774, 0.959512, 0.025540, 0.203286,  3,   581.97345,  28, 8518108.000000, 11.000000, 0.898903, 0.030739, 0.159246, 0.296226
PMNIQLVTSQIDTQR, Yes, 0.00000, -2.000000, 0.032092, 0.226717,  2,   872.45653,  28, 8893077.000000, 11.000000, -0.337495, 0.002849, 0.000000, 2.407388
QQLSAEELDAQLDAYNAR, Yes, 0.14249, 0.849251, 0.039211, 0.209079,  2,  1017.98996,  49, 2834501.750000, 6.000000, 0.467027, 0.033184, 0.057189, 0.227795
WQHDLFDSGFGGGAGVETGGK, Yes, 0.06828, 0.964622, 0.018553, 0.093397,  3,   707.99235,  38, 4550065.000000, 11.000000, 0.928952, 0.005863, 0.055216, 0.081343


MeanRateConst/CorrCutOff, 0.146169, 0.900000


MedianRateConst/RMSSCutOff, 0.142492, 0.050000
StandDev/NumberPeptides, 0.012863, 3
TotalIonCurrent, 1.13421e+09
