Peptides, PeptideUnique, RateConstants, Correlations, RootMeanRSS, AbsoluteIsotopeError, Charge, m/z(Sequence), NEH, Abundance, NDP, Rsquared,sigma,CI lower band, CI upper band
LKPLEVELR, Yes, 0.12145, 0.992957, 0.011719, 0.031942,  3,   366.22900,  16, 46600620.000000, 12.000000, 0.981503, 0.006193, 0.107822, 0.135083
ITDSAGHILYAK, Yes, 0.16036, 0.704960, 0.085306, 0.084304,  3,   430.23470,  21, 43608888.000000, 12.000000, 0.331155, 0.059169, 0.030128, 0.290587
ITDSAGHILYAK, Yes, 0.15717, 0.994909, 0.010402, 0.127651,  2,   644.84842,  21, 11811243.000000, 12.000000, 0.988215, 0.007040, 0.141680, 0.172668
LEDLSESIVNDFAYMK, Yes, 0.00349, -0.150241, 0.025024, 0.057489,  2,   937.44803,  27, 48902560.000000, 12.000000, -0.272648, 0.002392, 0.000000, 2.049210
RLEDLSESIVNDFAYMK, Yes, 0.08545, 0.985655, 0.012872, 0.203862,  3,   677.33481,  31, 10930811.000000, 12.000000, 0.968288, 0.005469, 0.073418, 0.097492
DLLVTGAYEITDQSGGAGGLR, Yes, 0.19966, 0.990412, 0.015363, 0.129081,  2,  1047.02911,  40, 3296165.000000, 11.000000, 0.974077, 0.015881, 0.164278, 0.235048
IPDQLVILDMK, Yes, 0.17062, 0.994647, 0.010085, 0.138547,  2,   642.86522,  15, 48115916.000000, 12.000000, 0.984966, 0.009762, 0.149138, 0.192110
DLLVTGAYEITDQSGGAGGLR, Yes, 0.08372, 0.894272, 0.051847, 0.533820,  3,   698.35517,  40, 1649977.375000, 9.000000, 0.671437, 0.014417, 0.050476, 0.116969


MeanRateConst/CorrCutOff, 0.162228, 0.900000


MedianRateConst/RMSSCutOff, 0.157174, 0.050000
StandDev/NumberPeptides, 0.008530, 4
TotalIonCurrent, 3.8173e+09
