Peptides, PeptideUnique, RateConstants, Correlations, RootMeanRSS, AbsoluteIsotopeError, Charge, m/z(Sequence), NEH, Abundance, NDP, Rsquared,sigma,CI lower band, CI upper band
DSLIYLLQPGK, Yes, 0.04364, 0.922946, 0.020109, 0.090704,  2,   623.85571,  16, 54884184.000000, 9.000000, 0.799439, 0.003752, 0.034989, 0.052293
YcLVVLNQPLDAR, Yes, 0.13386, 0.992575, 0.012451, 0.061255,  2,   780.91377,  22, 246260368.000000, 9.000000, 0.981171, 0.009630, 0.111649, 0.156063
AcADGGANHLYDLTEGER, Yes, 0.15172, 0.971380, 0.022406, 0.302002,  3,   650.28664,  41, 7149023.000000, 7.000000, 0.926418, 0.015466, 0.113873, 0.189563
GcDLISTPDQDHTDFTK, Yes, 0.05573, 0.932338, 0.029901, 0.167942,  3,   650.62304,  26, 9050696.000000, 9.000000, 0.788626, 0.006916, 0.039780, 0.071679
LHVDTGMEGSWcGLIPVGQPcNQVTTTGLK, Yes, 0.00000, -2.000000, 0.024469, 0.085414,  3,  1085.85804,  46, 3297511.750000, 8.000000, -0.367865, 0.005010, 0.000000, 2.782544


MeanRateConst/CorrCutOff, 0.096236, 0.900000


MedianRateConst/RMSSCutOff, 0.133856, 0.050000
StandDev/NumberPeptides, 0.006734, 4
TotalIonCurrent, 7.23486e+09
