Peptides, PeptideUnique, RateConstants, Correlations, RootMeanRSS, AbsoluteIsotopeError, Charge, m/z(Sequence), NEH, Abundance, NDP, Rsquared,sigma,CI lower band, CI upper band
LVIIEGDLER, Yes, 0.01374, 0.977824, 0.007034, 0.115342,  2,   578.83223,  19, 477991904.000000, 12.000000, 0.954885, 0.000652, 0.012300, 0.015171
KLVIIEGDLER, Yes, 0.06753, 0.998559, 0.006275, 0.050112,  3,   428.92223,  19, 120253000.000000, 12.000000, 0.994432, 0.001696, 0.063793, 0.071260
KLVIIEGDLER, Yes, 0.05576, 0.997705, 0.005337, 0.104971,  2,   642.87971,  19, 24175206.000000, 12.000000, 0.995099, 0.001199, 0.053122, 0.058400
AADAEAEVASLNR, Yes, 0.05399, 0.994244, 0.012608, 0.149981,  3,   439.55286,  38, 34166084.000000, 12.000000, 0.985448, 0.001896, 0.049821, 0.058167
AADAEAEVASLNR, Yes, 0.05679, 0.998500, 0.006392, 0.035607,  2,   658.82566,  38, 122509920.000000, 12.000000, 0.996504, 0.001007, 0.054572, 0.059003
HIAEEADR, Yes, 0.05771, 0.996548, 0.009684, 0.034327,  2,   470.72777,  25, 3733338.250000, 12.000000, 0.992834, 0.001522, 0.054360, 0.061060


MeanRateConst/CorrCutOff, 0.056063, 0.900000


MedianRateConst/RMSSCutOff, 0.056787, 0.050000
StandDev/NumberPeptides, 0.001328, 4
TotalIonCurrent, 1.25518e+10
