Peptides, PeptideUnique, RateConstants, Correlations, RootMeanRSS, AbsoluteIsotopeError, Charge, m/z(Sequence), NEH, Abundance, NDP, Rsquared,sigma,CI lower band, CI upper band
VVYENAYGR, Yes, 0.21935, 0.995718, 0.012252, 0.058211,  2,   535.76690,  17, 18148744.000000, 12.000000, 0.983421, 0.012579, 0.191663, 0.247034
IEQIEAGTPGR, Yes, 0.28000, 0.991753, 0.016854, 0.050009,  2,   585.80929,  28, 24533610.000000, 12.000000, 0.979994, 0.018239, 0.239857, 0.320146
LELTPVAIQAGR, Yes, 0.20798, 0.997521, 0.009395, 0.080432,  2,   634.37206,  26, 25002362.000000, 12.000000, 0.992436, 0.007849, 0.190703, 0.225253
VLVLDFVTPTPLGTR, Yes, 0.20247, 0.996130, 0.005894, 0.045338,  2,   814.47454,  16, 24436136.000000, 12.000000, 0.991959, 0.008098, 0.184646, 0.220294
VVGFHVLGPNAGEVTQGFAAALK, Yes, 0.01886, 0.914418, 0.015048, 0.298667,  3,   761.41458,  44, 20277946.000000, 12.000000, 0.829916, 0.002105, 0.014222, 0.023489
VTAQSTNSEETIEGEFNTVLLAVGR, Yes, 0.00000, -2.000000, 0.013130, 0.133443,  3,   889.11536,  49, 6724879.500000, 12.000000, -0.431776, 0.001335, 0.000000, 3.162686
FGEENIEVYHSFFWPLEWTVPSR, Yes, 0.05121, 0.963309, 0.010618, 0.163434,  3,   957.12553,  40, 4557997.000000, 12.000000, 0.916355, 0.004200, 0.041970, 0.060457
TIGLETVGVK, Yes, 0.05556, 0.862634, 0.031038, 0.055768,  2,   508.80296,  11, 75880840.000000, 12.000000, 0.708352, 0.008677, 0.036466, 0.074663
WGLGGTcVNVGcIPK, No, 0.14832, 0.977178, 0.024532, 0.092533,  2,   809.39745,  19, 21476328.000000, 12.000000, 0.845093, 0.020097, 0.104086, 0.192553
MTESVQSHIGSLNWGYR, Yes, 0.15427, 0.975050, 0.019381, 0.091591,  3,   655.64762,  32, 14294541.000000, 12.000000, 0.928018, 0.015610, 0.119908, 0.188624


MeanRateConst/CorrCutOff, 0.186476, 0.900000


MedianRateConst/RMSSCutOff, 0.202470, 0.050000
StandDev/NumberPeptides, 0.011256, 5
TotalIonCurrent, 5.31225e+09
