Peptides, PeptideUnique, RateConstants, Correlations, RootMeanRSS, AbsoluteIsotopeError, Charge, m/z(Sequence), NEH, Abundance, NDP, Rsquared,sigma,CI lower band, CI upper band
GYPTLLLFR, Yes, 0.08576, 0.952252, 0.019412, 0.068563,  2,   540.31603,  10, 18781964.000000, 10.000000, 0.866584, 0.008629, 0.066244, 0.105283
GYPTLLWFR, Yes, 0.16781, 0.450730, 0.063577, 0.045095,  2,   576.81366,  10, 10613982.000000, 10.000000, -0.286648, 0.065123, 0.020495, 0.315133
SFEDTIAQGITFVK, Yes, 0.16107, 0.983149, 0.018747, 0.052468,  2,   778.40377,  22, 10674668.000000, 10.000000, 0.932800, 0.012755, 0.132216, 0.189922
VDcTADSDVcSAQGVR, Yes, 0.20229, 0.894198, 0.048130, 0.122707,  2,   870.36982,  33, 3098730.000000, 10.000000, 0.791415, 0.037300, 0.117912, 0.286669
ALAPTWEQLALGLEHSETVK, Yes, 0.01444, 0.957785, 0.011495, 0.357853,  3,   731.72318,  41, 23736594.000000, 10.000000, 0.840248, 0.001620, 0.010774, 0.018102


MeanRateConst/CorrCutOff, 0.149707, 0.900000


MedianRateConst/RMSSCutOff, 0.161069, 0.050000
StandDev/NumberPeptides, 0.013568, 3
TotalIonCurrent, 9.75767e+08
