Peptides, PeptideUnique, RateConstants, Correlations, RootMeanRSS, AbsoluteIsotopeError, Charge, m/z(Sequence), NEH, Abundance, NDP, Rsquared,sigma,CI lower band, CI upper band
FLENYDAIR, Yes, 0.09983, 0.894924, 0.038254, 0.174212,  2,   570.78782,  17, 33512786.000000, 8.000000, 0.602905, 0.011926, 0.071631, 0.128032
PVcAVLLLFPITEK, Yes, 0.08419, 0.951563, 0.088203, 0.239506,  3,   533.97747,  19, 1208926.750000, 8.000000, 0.624861, 0.047599, 0.000000, 3.809245
PVcAVLLLFPITEK, Yes, 0.09130, 0.970171, 0.029581, 0.235650,  2,   800.46257,  19, 1325536.875000, 8.000000, 0.804223, 0.020719, 0.042304, 0.140290
WLPLEANPEVTNQFLK, Yes, 3.04292, 0.998243, 0.007220, 0.625210,  2,   950.00416,  28, 11968195.000000, 8.000000, 0.991522, 0.692247, 1.406014, 4.679823
SQGQDVTSSVYFMK, Yes, 0.39369, 0.927469, 0.033968, 0.203429,  2,   788.86924,  23, 3890807.500000, 8.000000, 0.858731, 0.072632, 0.221944, 0.565436


MeanRateConst/CorrCutOff, 0.906934, 0.900000


MedianRateConst/RMSSCutOff, 0.393690, 0.050000
StandDev/NumberPeptides, 0.021823, 4
TotalIonCurrent, 7.36309e+08
