Peptides, PeptideUnique, RateConstants, Correlations, RootMeanRSS, AbsoluteIsotopeError, Charge, m/z(Sequence), NEH, Abundance, NDP, Rsquared,sigma,CI lower band, CI upper band
AYLESFYK, Yes, 14.51277, 0.187878, 0.086990, 0.468642,  2,   510.75546,  12, 29894502.000000, 12.000000, -2.552634, 759218.250000, 12.565679, 16.459856
LYPEGLAQLAR, Yes, 0.09221, 0.998270, 0.007039, 0.048253,  2,   615.84567,  26, 77443512.000000, 12.000000, 0.995553, 0.002190, 0.087395, 0.097034
LLFEGAGSNPGDK, Yes, 0.12527, 0.990958, 0.014908, 0.035454,  2,   652.82769,  25, 56628652.000000, 12.000000, 0.979727, 0.006907, 0.110066, 0.140470
AFIITINSFGTELSK, Yes, 0.07500, 0.992468, 0.008893, 0.064947,  2,   820.94833,  22, 21404970.000000, 12.000000, 0.984732, 0.003101, 0.068176, 0.081828
AGVLSQADYLNLVQcETLEDLK, Yes, 0.09960, 0.986099, 0.011433, 0.175668,  3,   827.08434,  41, 12207175.000000, 12.000000, 0.966299, 0.006396, 0.085519, 0.113674
AGVLSQADYLNLVQcETLEDLK, Yes, 0.08987, 0.992325, 0.008669, 0.172874,  2,  1240.12287,  41, 1893361.000000, 12.000000, 0.981886, 0.004315, 0.080377, 0.099370
LHLQSTDYGNFLANEASPLTVSVIDDK, Yes, 0.10711, 0.997184, 0.004122, 0.125702,  3,   983.16097,  46, 11361604.000000, 12.000000, 0.993871, 0.003174, 0.100122, 0.114095
NVADYYPEYK, Yes, 0.10661, 0.987414, 0.013149, 0.081029,  2,   631.29039,  16, 56083680.000000, 12.000000, 0.973832, 0.006629, 0.092016, 0.121199
NIVWIAEcIAQR, Yes, 0.08819, 0.957077, 0.027366, 0.031945,  2,   736.88755,  26, 22734408.000000, 12.000000, 0.898990, 0.009342, 0.067623, 0.108748


MeanRateConst/CorrCutOff, 0.094084, 0.900000


MedianRateConst/RMSSCutOff, 0.092214, 0.050000
StandDev/NumberPeptides, 0.004023, 7
TotalIonCurrent, 5.68385e+09
