Peptides, PeptideUnique, RateConstants, Correlations, RootMeanRSS, AbsoluteIsotopeError, Charge, m/z(Sequence), NEH, Abundance, NDP, Rsquared,sigma,CI lower band, CI upper band
YEVSSYTDQFSR, Yes, 0.08103, 0.924532, 0.038496, 0.163122,  2,   741.33079,  22, 8107660.000000, 10.000000, 0.788032, 0.010273, 0.057786, 0.104266
YRPEAQPYSSTGPK, Yes, 0.20162, 0.986523, 0.017326, 0.111537,  3,   527.59496,  31, 3895960.000000, 10.000000, 0.966992, 0.013626, 0.170800, 0.232446
EAIQQQQNQLVWVSEGK, Yes, 0.58378, 0.995753, 0.010904, 0.201340,  2,   993.00797,  41, 1440115.000000, 4.000000, 0.985730, 0.010815, 0.549366, 0.618201
LAGGNDVGIFVAGVLEDSPAAK, Yes, 0.31762, 0.650113, 0.076077, 0.533550,  3,   700.70391,  43, 852408.937500, 7.000000, 0.008026, 0.116661, 0.032167, 0.603083
LGSWLAIR, Yes, 0.06815, 0.966727, 0.018474, 0.107192,  2,   458.27416,  14, 5553073.000000, 10.000000, 0.929616, 0.004143, 0.058781, 0.077527


MeanRateConst/CorrCutOff, 0.233647, 0.900000


MedianRateConst/RMSSCutOff, 0.201623, 0.050000
StandDev/NumberPeptides, 0.007928, 4
TotalIonCurrent, 3.7994e+08
