Peptides, PeptideUnique, RateConstants, Correlations, RootMeanRSS, AbsoluteIsotopeError, Charge, m/z(Sequence), NEH, Abundance, NDP, Rsquared,sigma,CI lower band, CI upper band
YDDMAAAMK, No, 0.06846, 0.993596, 0.013243, 0.110631,  2,   508.21479,  18, 180474896.000000, 11.000000, 0.977642, 0.003184, 0.061368, 0.075559
DSTLIMQLLR, No, 0.07321, 0.999275, 0.003324, 0.028336,  2,   595.33409,  16, 820284864.000000, 11.000000, 0.997929, 0.000993, 0.071000, 0.075424
DSTLImQLLR, No, 0.04969, 0.886119, 0.027697, 0.116529,  2,   603.33155,  16, 11888196.000000, 11.000000, 0.740951, 0.005763, 0.036849, 0.062531
YLILNATQAESK, Yes, 0.07915, 0.991016, 0.014298, 0.065160,  2,   675.86680,  23, 32100626.000000, 11.000000, 0.975422, 0.003960, 0.070324, 0.087973
AVTEQGHELSNEER, Yes, 0.08835, 0.963381, 0.029224, 0.090680,  2,   799.87388,  37, 1050889.000000, 11.000000, 0.920214, 0.007987, 0.070549, 0.106142
TAFDEAIAELDTLNEESYK, Yes, 0.07722, 0.996814, 0.007661, 0.096904,  2,  1080.00494,  39, 22657116.000000, 11.000000, 0.986369, 0.002535, 0.071572, 0.082869
QTTVSNSQQAYQEAFEISK, Yes, 0.08220, 0.991030, 0.009709, 0.124230,  2,  1080.01619,  44, 5885034.000000, 10.000000, 0.981501, 0.003520, 0.074236, 0.090161
NLLSVAYK, No, 0.00000, -2.000000, 0.175888, 0.666744,  2,   454.26600,  11, 401223.937500, 2.000000, -1.010315, 0.176671, 0.000000, 6.400396
EMQPTHPIR, No, 0.06284, 0.997593, 0.006261, 0.057640,  3,   370.19044,  21, 32253378.000000, 11.000000, 0.994605, 0.001288, 0.059966, 0.065706
YLSEVASGENK, Yes, 0.08454, 0.998062, 0.007552, 0.080450,  2,   598.79330,  23, 23279072.000000, 11.000000, 0.994367, 0.002017, 0.080043, 0.089030
EMQPTHPIR, No, 0.06570, 0.993522, 0.012035, 0.036393,  2,   554.78203,  21, 6967617.500000, 11.000000, 0.982380, 0.002586, 0.059938, 0.071462
KEMQPTHPIR, No, 0.05941, 0.987452, 0.015249, 0.053522,  3,   412.88876,  22, 5358197.000000, 11.000000, 0.967396, 0.003133, 0.052426, 0.066388


MeanRateConst/CorrCutOff, 0.075740, 0.900000


MedianRateConst/RMSSCutOff, 0.077221, 0.050000
StandDev/NumberPeptides, 0.002230, 9
TotalIonCurrent, 3.00663e+10
