Peptides, PeptideUnique, RateConstants, Correlations, RootMeanRSS, AbsoluteIsotopeError, Charge, m/z(Sequence), NEH, Abundance, NDP, Rsquared,sigma,CI lower band, CI upper band
FGAYIVDGLR, Yes, 0.06415, 0.946037, 0.086921, 0.409018,  2,   555.80075,  16, 3211693.500000, 8.000000, 0.592543, 0.034294, 0.000000, 3.182556
LGGIPVGVIAVETR, Yes, 0.13142, 0.950995, 0.040042, 0.205153,  2,   690.91411,  24, 4161975.750000, 8.000000, 0.874263, 0.032579, 0.054387, 0.208460
IPVQAVWAGWGHASENPK, Yes, 0.45249, 0.961249, 0.028741, 0.047937,  3,   649.66723,  39, 11286042.000000, 8.000000, 0.849090, 0.072996, 0.279881, 0.625096
SLGTTYVYDFPEMFR, Yes, 0.22421, 0.976928, 0.017403, 0.091485,  2,   913.42692,  20, 2386695.500000, 6.000000, 0.926033, 0.013561, 0.189348, 0.259069


MeanRateConst/CorrCutOff, 0.269374, 0.900000


MedianRateConst/RMSSCutOff, 0.224209, 0.050000
StandDev/NumberPeptides, 0.017574, 3
TotalIonCurrent, 4.37456e+08
