Peptides, PeptideUnique, RateConstants, Correlations, RootMeanRSS, AbsoluteIsotopeError, Charge, m/z(Sequence), NEH, Abundance, NDP, Rsquared,sigma,CI lower band, CI upper band
AVLTVTQYR, Yes, 0.32942, 0.974372, 0.019321, 0.224012,  2,   525.80075,  13, 13127443.000000, 11.000000, 0.943712, 0.039698, 0.240972, 0.417878
VPASNLILGEGR, Yes, 0.00342, 0.304968, 0.041849, 0.100098,  2,   613.34858,  25, 77999256.000000, 11.000000, -0.017478, 0.004723, 0.000000, 3.898774
ALFSIGFPVAK, Yes, 0.35858, 0.983316, 0.017042, 0.127183,  2,   575.33696,  18, 5742078.000000, 11.000000, 0.966325, 0.034740, 0.281179, 0.435989
QWLEPLLR, Yes, 0.01985, 0.983047, 0.007854, 0.050355,  2,   527.80582,  15, 185051888.000000, 11.000000, 0.955956, 0.000985, 0.017660, 0.022047


MeanRateConst/CorrCutOff, 0.177820, 0.900000


MedianRateConst/RMSSCutOff, 0.329425, 0.050000
StandDev/NumberPeptides, 0.003041, 4
TotalIonCurrent, 1.56251e+09
