Peptides, PeptideUnique, RateConstants, Correlations, RootMeanRSS, AbsoluteIsotopeError, Charge, m/z(Sequence), NEH, Abundance, NDP, Rsquared,sigma,CI lower band, CI upper band
ANDTTFGLAAGVFTR, Yes, 0.04936, 0.961390, 0.021574, 0.135592,  2,   770.89136,  25, 4121046.750000, 9.000000, 0.889479, 0.003838, 0.040508, 0.058211
VAAELQAGTcYINNYNVSPVELPFGGYK, Yes, 0.00080, -0.002036, 0.001721, 0.205119,  3,  1025.50244,  51, 837484.562500, 8.000000, -0.220832, 0.000391, 0.000000, 2.765189
MGPLINAPHLER, Yes, 0.06914, 0.948421, 0.026524, 0.209689,  3,   449.91156,  26, 9952937.000000, 9.000000, 0.880306, 0.005351, 0.056797, 0.081475
GVKPITLELGGK, Yes, 0.03231, 0.886214, 0.025133, 0.091646,  3,   404.58345,  16, 5689974.000000, 9.000000, 0.743824, 0.004025, 0.023028, 0.041592


MeanRateConst/CorrCutOff, 0.016554, 0.900000


MedianRateConst/RMSSCutOff, 0.032310, 0.050000
StandDev/NumberPeptides, 0.000713, 2
TotalIonCurrent, 2.35385e+08
