Peptides, PeptideUnique, RateConstants, Correlations, RootMeanRSS, AbsoluteIsotopeError, Charge, m/z(Sequence), NEH, Abundance, NDP, Rsquared,sigma,CI lower band, CI upper band
LQLGPETLLQDNPK, Yes, 0.00676, 0.554103, 0.031462, 0.186240,  2,   783.43030,  26, 7900067.500000, 12.000000, 0.295745, 0.002650, 0.000929, 0.012594
GQNILDGGAPFYTTYK, Yes, 0.03020, 0.986028, 0.008569, 0.125577,  2,   872.93068,  24, 7819956.000000, 12.000000, 0.968700, 0.001412, 0.027088, 0.033303
ASFITDGEQLPSPR, Yes, 0.03534, 0.865998, 0.041867, 0.618435,  2,   759.38336,  31, 31043910.000000, 12.000000, 0.683719, 0.005698, 0.022799, 0.047882
EYGFSQEEILQLHSDR, Yes, 0.03513, 0.989368, 0.008638, 0.067884,  3,   650.97791,  38, 11640849.000000, 12.000000, 0.976073, 0.001384, 0.032081, 0.038172


MeanRateConst/CorrCutOff, 0.032661, 0.900000


MedianRateConst/RMSSCutOff, 0.035126, 0.050000
StandDev/NumberPeptides, 0.001398, 2
TotalIonCurrent, 8.30665e+08
