Peptides, PeptideUnique, RateConstants, Correlations, RootMeanRSS, AbsoluteIsotopeError, Charge, m/z(Sequence), NEH, Abundance, NDP, Rsquared,sigma,CI lower band, CI upper band
KLELSENR, Yes, 0.06726, 0.953574, 0.029186, 0.048799,  2,   494.77471,  17, 11058610.000000, 12.000000, 0.903212, 0.006927, 0.052009, 0.082502
LLPQVMYLDGYDR, Yes, 0.15545, 0.988723, 0.013617, 0.019286,  2,   791.90033,  20, 38726036.000000, 12.000000, 0.960814, 0.011692, 0.129721, 0.181187
SLDLFNcEVTNLNAYR, Yes, 0.05258, 0.986015, 0.010743, 0.131137,  3,   643.64387,  26, 5834385.500000, 12.000000, 0.964874, 0.002765, 0.046492, 0.058661
SLDLFNcEVTNLNAYR, Yes, 0.18904, 0.984934, 0.014643, 0.035319,  2,   964.96217,  26, 18636524.000000, 12.000000, 0.962071, 0.015816, 0.154233, 0.223854


MeanRateConst/CorrCutOff, 0.116083, 0.900000


MedianRateConst/RMSSCutOff, 0.155454, 0.050000
StandDev/NumberPeptides, 0.006108, 4
TotalIonCurrent, 2.54579e+09
