Peptides, PeptideUnique, RateConstants, Correlations, RootMeanRSS, AbsoluteIsotopeError, Charge, m/z(Sequence), NEH, Abundance, NDP, Rsquared,sigma,CI lower band, CI upper band
GLAVFISDIR, No, 0.06516, 0.954415, 0.035999, 0.134945,  2,   545.81640,  17, 7708676.500000, 9.000000, 0.867182, 0.011990, 0.037509, 0.092805
DFLTPPLLSVR, Yes, 0.05489, 0.971283, 0.019447, 0.136616,  2,   629.36371,  15, 8024209.000000, 9.000000, 0.879939, 0.008576, 0.035111, 0.074663
IAGDYVSEEVWYR, No, 0.19452, 0.995437, 0.009138, 0.132850,  2,   793.87790,  24, 3881584.000000, 9.000000, 0.988953, 0.007571, 0.177061, 0.211976
FFQPTEMAAQDFFQR, Yes, 0.12552, 0.945759, 0.024138, 0.094936,  2,   931.93016,  34, 18444090.000000, 9.000000, 0.863166, 0.011571, 0.098835, 0.152202


MeanRateConst/CorrCutOff, 0.110020, 0.900000


MedianRateConst/RMSSCutOff, 0.125519, 0.050000
StandDev/NumberPeptides, 0.008183, 4
TotalIonCurrent, 6.79276e+08
