Peptides, PeptideUnique, RateConstants, Correlations, RootMeanRSS, AbsoluteIsotopeError, Charge, m/z(Sequence), NEH, Abundance, NDP, Rsquared,sigma,CI lower band, CI upper band
ATLQEGHQFLcSTPA, Yes, 0.01517, 0.729982, 0.044346, 0.203275,  2,   830.39341,  33, 5077715.000000, 11.000000, 0.386913, 0.003986, 0.006288, 0.024052
EETGIEASQLTIIEGFR, Yes, 0.01544, 0.843392, 0.020304, 0.176250,  2,   946.98362,  38, 75462992.000000, 12.000000, 0.706795, 0.002091, 0.010841, 0.020045
AcGLIIFR, Yes, 0.01711, 0.979454, 0.013511, 0.067915,  2,   475.26803,  14, 13335737.000000, 12.000000, 0.906232, 0.001508, 0.013789, 0.020429
MDNSTIEFLLLQASDGIHHWTPPK, Yes, 0.04819, 0.993060, 0.004986, 0.037681,  4,   688.34562,  42, 8653289.000000, 12.000000, 0.985223, 0.001666, 0.044525, 0.051857


MeanRateConst/CorrCutOff, 0.032650, 0.900000


MedianRateConst/RMSSCutOff, 0.048191, 0.050000
StandDev/NumberPeptides, 0.001583, 2
TotalIonCurrent, 3.4048e+09
