Peptides, PeptideUnique, RateConstants, Correlations, RootMeanRSS, AbsoluteIsotopeError, Charge, m/z(Sequence), NEH, Abundance, NDP, Rsquared,sigma,CI lower band, CI upper band
TPVLLMLGQEDR, Yes, 0.06266, 0.984068, 0.015793, 0.434784,  2,   686.36866,  21, 13590030.000000, 9.000000, 0.946580, 0.003955, 0.053544, 0.071785
QVLLSEPQEAAALYR, Yes, 0.00000, -2.000000, 0.026839, 0.352820,  2,   844.45430,  39, 4243358.500000, 7.000000, -0.219716, 0.003701, 0.000000, 3.392544
EQSVSWVSLEEAEPIPDIHWGIR, Yes, 0.10561, 0.975005, 0.015169, 0.142909,  3,   893.11340,  51, 2436361.000000, 9.000000, 0.898597, 0.008979, 0.084901, 0.126314
TVHTEWTQR, Yes, 0.04159, 0.961605, 0.016638, 0.132994,  3,   386.52812,  15, 4621015.500000, 9.000000, 0.897137, 0.003386, 0.033779, 0.049395
VTSLVVDIVPR, Yes, 0.07277, 0.938978, 0.035760, 0.109649,  2,   599.36372,  14, 4386815.500000, 9.000000, 0.680490, 0.021226, 0.023822, 0.121715


MeanRateConst/CorrCutOff, 0.073321, 0.900000


MedianRateConst/RMSSCutOff, 0.072768, 0.050000
StandDev/NumberPeptides, 0.006208, 3
TotalIonCurrent, 5.80991e+08
