Peptides, PeptideUnique, RateConstants, Correlations, RootMeanRSS, AbsoluteIsotopeError, Charge, m/z(Sequence), NEH, Abundance, NDP, Rsquared,sigma,CI lower band, CI upper band
FMEQVIFK, Yes, 0.04907, 0.952052, 0.015005, 0.092935,  2,   521.27552,  11, 13305140.000000, 11.000000, 0.905220, 0.004455, 0.039147, 0.059000
NIVLSGGSTMFR, Yes, 0.03935, 0.997944, 0.005953, 0.085504,  2,   641.33463,  18, 162217840.000000, 12.000000, 0.990760, 0.001067, 0.037003, 0.041701
DITYFIQQLLR, Yes, 0.06960, 0.997283, 0.006982, 0.028946,  2,   705.39300,  17, 24058762.000000, 12.000000, 0.990291, 0.002318, 0.064494, 0.074699
HGIVEDWDLMER, Yes, 0.08490, 0.916430, 0.034416, 0.191915,  3,   500.56976,  23, 3538448.000000, 12.000000, 0.826453, 0.012400, 0.057604, 0.112188
LPAcVVDcGTGYTK, Yes, 0.21667, 0.957867, 0.025517, 0.156886,  2,   770.86036,  18, 17805650.000000, 12.000000, 0.833864, 0.032509, 0.145119, 0.288221
PIDVQVITHHMQR, Yes, 0.06268, 0.997283, 0.006968, 0.084997,  4,   394.21215,  26, 7115714.000000, 12.000000, 0.991220, 0.001793, 0.058738, 0.066629
EFSIDVGYER, Yes, 0.01651, 0.972307, 0.012780, 0.115242,  2,   607.78803,  20, 17255112.000000, 12.000000, 0.921356, 0.001265, 0.013722, 0.019290
QYTGVNAISK, Yes, 0.10776, 0.995405, 0.010445, 0.119996,  2,   540.78783,  17, 15581076.000000, 12.000000, 0.988716, 0.004466, 0.097934, 0.117592


MeanRateConst/CorrCutOff, 0.055176, 0.900000


MedianRateConst/RMSSCutOff, 0.049074, 0.050000
StandDev/NumberPeptides, 0.001860, 4
TotalIonCurrent, 5.93321e+09
