Peptides, PeptideUnique, RateConstants, Correlations, RootMeanRSS, AbsoluteIsotopeError, Charge, m/z(Sequence), NEH, Abundance, NDP, Rsquared,sigma,CI lower band, CI upper band
TKEQLAALR, Yes, 0.02794, 0.992781, 0.008615, 0.110341,  2,   515.30618,  21, 14860808.000000, 12.000000, 0.983729, 0.000933, 0.025886, 0.029993
SDSMDTGAGSIR, Yes, 0.04037, 0.993006, 0.010971, 0.064737,  2,   598.76423,  25, 38950164.000000, 12.000000, 0.983486, 0.001487, 0.037094, 0.043638
SSDSMDTGAGSIR, Yes, 0.02180, 0.965841, 0.017862, 0.123119,  2,   642.28025,  28, 30230390.000000, 12.000000, 0.923034, 0.001655, 0.018159, 0.025445
SDSSDSMDTGAGSIR, Yes, 0.09266, 0.952200, 0.033341, 0.198488,  2,   743.30974,  32, 2563201.750000, 11.000000, 0.882643, 0.010200, 0.069934, 0.115387
SMDTGAGSIR, Yes, 8.28194, 0.166704, 0.243124, 0.488558,  2,   497.73475,  20, 27667784.000000, 11.000000, -0.080338, 5964485.000000, 6.455548, 10.108340


MeanRateConst/CorrCutOff, 0.030036, 0.900000


MedianRateConst/RMSSCutOff, 0.027940, 0.050000
StandDev/NumberPeptides, 0.001277, 3
TotalIonCurrent, 3.82392e+09
