Peptides, PeptideUnique, RateConstants, Correlations, RootMeanRSS, AbsoluteIsotopeError, Charge, m/z(Sequence), NEH, Abundance, NDP, Rsquared,sigma,CI lower band, CI upper band
KELDPVQK, Yes, 0.02607, 0.942224, 0.016615, 0.133145,  2,   478.77419,  14, 9140813.000000, 12.000000, 0.862823, 0.002177, 0.021276, 0.030861
NKELDPVQK, Yes, 0.04370, 0.976672, 0.016707, 0.138303,  2,   535.79565,  16, 5796178.000000, 12.000000, 0.939216, 0.002967, 0.037166, 0.050228
GEMDTFPTFK, Yes, 0.02768, 0.994197, 0.005090, 0.033836,  2,   586.76826,  13, 1812735872.000000, 12.000000, 0.985053, 0.000871, 0.025767, 0.029600
GEmDTFPTFK, Yes, 0.02031, 0.937590, 0.012710, 0.125679,  2,   594.76572,  13, 54040060.000000, 12.000000, 0.871616, 0.001868, 0.016203, 0.024424
FDDPKFEVIDKPQS, Yes, 0.02468, 0.934988, 0.017935, 0.126085,  2,   832.91195,  24, 26961600.000000, 12.000000, 0.866401, 0.002509, 0.019153, 0.030198
QASGGPVDIGPEYQQDLDR, Yes, 0.02520, 0.993281, 0.005654, 0.080912,  3,   682.32387,  45, 230728016.000000, 12.000000, 0.986341, 0.000723, 0.023612, 0.026795
QASGGPVDIGPEYQQDLDR, Yes, 0.02853, 0.996320, 0.004935, 0.042316,  2,  1022.98216,  45, 427211616.000000, 12.000000, 0.991610, 0.000675, 0.027040, 0.030011
RQASGGPVDIGPEYQQDLDR, Yes, 0.02195, 0.948050, 0.015175, 0.131539,  3,   734.35757,  48, 22998598.000000, 12.000000, 0.830370, 0.001940, 0.017682, 0.026222
QASGGPVDIGPEYQQDLDRELYK, Yes, 0.02601, 0.994635, 0.004203, 0.044316,  3,   860.08551,  50, 79174456.000000, 12.000000, 0.986806, 0.000735, 0.024390, 0.027625
FDDPKFEVIDKPQS, Yes, 0.03048, 0.993262, 0.006110, 0.026695,  3,   555.61040,  24, 265222160.000000, 12.000000, 0.984863, 0.000961, 0.028369, 0.032599
FEVIDKPQS, Yes, 0.02861, 0.998462, 0.003274, 0.037619,  2,   531.77694,  17, 1552286208.000000, 12.000000, 0.996615, 0.000425, 0.027672, 0.029544
FEVIDKPQ, Yes, 0.04772, 0.903218, 0.029886, 0.365859,  2,   488.26092,  14, 20448370.000000, 12.000000, 0.716510, 0.006076, 0.034343, 0.061088


MeanRateConst/CorrCutOff, 0.025952, 0.900000


MedianRateConst/RMSSCutOff, 0.026068, 0.050000
StandDev/NumberPeptides, 0.000937, 10
TotalIonCurrent, 1.03335e+11
