Peptides, PeptideUnique, RateConstants, Correlations, RootMeanRSS, AbsoluteIsotopeError, Charge, m/z(Sequence), NEH, Abundance, NDP, Rsquared,sigma,CI lower band, CI upper band
YIVDADDR, Yes, 0.13420, 0.996624, 0.008673, 0.040999,  2,   483.72999,  15, 87901320.000000, 12.000000, 0.992385, 0.004851, 0.123527, 0.144882
YVVVSTPEK, Yes, 0.09185, 0.997076, 0.005985, 0.068295,  2,   511.28186,  11, 111053288.000000, 12.000000, 0.991974, 0.002862, 0.085548, 0.098146
SEINVEGPPR, Yes, 0.06775, 0.991274, 0.014776, 0.055932,  2,   549.28291,  24, 83624424.000000, 12.000000, 0.978690, 0.003066, 0.060998, 0.074497
VLQEDTLPDLHTK, Yes, 0.00779, 0.169202, 0.050640, 0.084041,  3,   503.60335,  20, 167405216.000000, 12.000000, -0.160375, 0.004864, 0.000000, 1.981216
VLQEDTLPDLHTK, Yes, 0.04794, 0.972336, 0.015704, 0.227889,  2,   754.90139,  20, 7368956.500000, 12.000000, 0.940849, 0.003377, 0.040504, 0.055371
SGEYScIFLPEPVGR, Yes, 0.06190, 0.996297, 0.006709, 0.071573,  2,   855.91143,  30, 96208792.000000, 12.000000, 0.992445, 0.001692, 0.058180, 0.065626
SDASYPPITDWFWFK, Yes, 0.09244, 0.998918, 0.002941, 0.031375,  2,   930.43560,  21, 110119360.000000, 12.000000, 0.997725, 0.001590, 0.088941, 0.095943
RKPDQTLDEDDPGAAPLK, Yes, 0.01752, 0.855300, 0.020909, 0.200909,  3,   656.00071,  39, 4353948.000000, 12.000000, 0.706928, 0.002287, 0.012489, 0.022558


MeanRateConst/CorrCutOff, 0.072375, 0.900000


MedianRateConst/RMSSCutOff, 0.067748, 0.050000
StandDev/NumberPeptides, 0.002281, 5
TotalIonCurrent, 2.18426e+10
