Peptides, PeptideUnique, RateConstants, Correlations, RootMeanRSS, AbsoluteIsotopeError, Charge, m/z(Sequence), NEH, Abundance, NDP, Rsquared,sigma,CI lower band, CI upper band
INPLFGHLDMH, Yes, 0.08854, 0.959985, 0.012579, 0.169209,  3,   431.88513,  17, 3382096.750000, 5.000000, 0.905788, 0.005339, 0.073720, 0.103365
QLLDDHKDVVTLLAEGLR, Yes, 0.07706, 0.874137, 0.017432, 0.116213,  4,   509.53501,  30, 3232589.250000, 5.000000, 0.367467, 0.007254, 0.056916, 0.097197
TVTSFYNQSAIDVAAEKPSVR, Yes, 0.07552, 0.984881, 0.013142, 0.119424,  3,   761.72536,  41, 8001347.000000, 5.000000, 0.948744, 0.008540, 0.051804, 0.099228


MeanRateConst/CorrCutOff, 0.080372, 0.900000


MedianRateConst/RMSSCutOff, 0.077056, 0.050000
StandDev/NumberPeptides, 0.005767, 2
TotalIonCurrent, 2.19752e+08
