Peptides, PeptideUnique, RateConstants, Correlations, RootMeanRSS, AbsoluteIsotopeError, Charge, m/z(Sequence), NEH, Abundance, NDP, Rsquared,sigma,CI lower band, CI upper band
ADGLAILGVLMK, Yes, 0.00508, 0.937188, 0.017178, 0.232447,  2,   600.85466,  19, 20276768.000000, 12.000000, 0.619337, 0.001422, 0.001947, 0.008207
YSSASEAISK, Yes, 0.01574, 0.718829, 0.029276, 0.057584,  2,   521.75618,  24, 6632278.500000, 11.000000, 0.413806, 0.002159, 0.010930, 0.020549
YSGELHLVHWNSAK, Yes, 0.02125, 0.954792, 0.013932, 0.334447,  3,   547.61083,  25, 16576403.000000, 12.000000, 0.904512, 0.001765, 0.017365, 0.025135
LYPIANGNNQSPIDIK, Yes, 0.04777, 0.807308, 0.031367, 0.382960,  2,   878.96503,  29, 3923626.250000, 9.000000, 0.625766, 0.005747, 0.034513, 0.061019


MeanRateConst/CorrCutOff, 0.021250, 0.900000


MedianRateConst/RMSSCutOff, 0.021250, 0.050000
StandDev/NumberPeptides, 0.001765, 1
TotalIonCurrent, 9.09381e+08
