Peptides, PeptideUnique, RateConstants, Correlations, RootMeanRSS, AbsoluteIsotopeError, Charge, m/z(Sequence), NEH, Abundance, NDP, Rsquared,sigma,CI lower band, CI upper band
MADKDGDLIATK, Yes, 0.08943, 0.983947, 0.016781, 0.097188,  3,   426.55170,  19, 19788476.000000, 10.000000, 0.961739, 0.005926, 0.076026, 0.102836
DIVVQETMEDIDK, Yes, 0.03407, 0.596507, 0.046419, 0.184226,  2,   767.86889,  22, 4425630.500000, 9.000000, 0.340223, 0.009242, 0.012762, 0.055387
DWILPSDYDHAEAEAR, Yes, 14.25256, 0.323535, 0.092812, 0.488636,  3,   629.95510,  39, 12480142.000000, 10.000000, -2.373934, 536216.750000, 13.130032, 15.375097
HLVYESDQNK, Yes, 0.10028, 0.971201, 0.022010, 0.171037,  2,   616.79893,  19, 1308575.875000, 10.000000, 0.937818, 0.008363, 0.081363, 0.119199
HLVYESDQNKDGK, Yes, 0.42666, 0.925431, 0.039088, 0.243854,  3,   511.58283,  23, 2370800.250000, 10.000000, 0.651581, 0.099175, 0.202310, 0.651007


MeanRateConst/CorrCutOff, 0.205457, 0.900000


MedianRateConst/RMSSCutOff, 0.100281, 0.050000
StandDev/NumberPeptides, 0.010053, 3
TotalIonCurrent, 1.22365e+09
