Peptides, PeptideUnique, RateConstants, Correlations, RootMeanRSS, AbsoluteIsotopeError, Charge, m/z(Sequence), NEH, Abundance, NDP, Rsquared,sigma,CI lower band, CI upper band
DREAAEGLGSHER, Yes, 0.07455, 0.980756, 0.033583, 0.114819,  3,   476.22715,  38, 1008609.625000, 11.000000, 0.926660, 0.007555, 0.057714, 0.091380
FADDELIIDFDNFVR, Yes, 0.06638, 0.982884, 0.015120, 0.164883,  2,   914.94124,  24, 1543186.125000, 11.000000, 0.928041, 0.005150, 0.054900, 0.077851
QEDGEFWMSFSDFLR, Yes, 0.05856, 0.976439, 0.014133, 0.243323,  2,   947.40925,  29, 3963036.250000, 11.000000, 0.945713, 0.004221, 0.049151, 0.067960
NYPNTFWMNPQYLIK, Yes, 0.04144, 0.919382, 0.017876, 0.125253,  2,   964.97181,  19, 3460295.000000, 11.000000, 0.774313, 0.005522, 0.029137, 0.053745


MeanRateConst/CorrCutOff, 0.053908, 0.900000


MedianRateConst/RMSSCutOff, 0.066376, 0.050000
StandDev/NumberPeptides, 0.005330, 2
TotalIonCurrent, 2.45285e+08
