Peptides, PeptideUnique, RateConstants, Correlations, RootMeanRSS, AbsoluteIsotopeError, Charge, m/z(Sequence), NEH, Abundance, NDP, Rsquared,sigma,CI lower band, CI upper band
VTAGELGGNHLAFR, Yes, 0.01388, 0.905028, 0.012930, 0.354156,  3,   481.25640,  28, 14685079.000000, 11.000000, 0.805628, 0.001080, 0.011479, 0.016291
HLGPVNFLVNAAGINR, Yes, 0.09075, 0.978133, 0.024997, 0.449854,  3,   564.64951,  30, 21259594.000000, 12.000000, 0.938455, 0.009330, 0.070210, 0.111282
TMIQQGGSIVNVGSIIGLK, Yes, 0.03404, 0.940619, 0.018047, 0.065687,  3,   639.02756,  30, 11886901.000000, 12.000000, 0.884259, 0.003183, 0.027035, 0.041047
TMIQQGGSIVNVGSIIGLK, Yes, 0.02394, 0.995376, 0.003988, 0.082434,  2,   958.03769,  30, 13497715.000000, 12.000000, 0.990572, 0.000575, 0.022673, 0.025204
AVAQLMAQK, Yes, 0.01137, 0.932057, 0.012448, 0.126192,  2,   480.27076,  22, 50087952.000000, 12.000000, 0.848265, 0.000928, 0.009327, 0.013414
VNVVAPGFIR, Yes, 0.06667, 0.957149, 0.030563, 0.113803,  2,   536.31911,  16, 59899076.000000, 12.000000, 0.728074, 0.008256, 0.048499, 0.084840
GNVGQSAYSATK, Yes, 0.01243, 0.863498, 0.020595, 0.113206,  2,   591.79110,  24, 6927079.500000, 12.000000, 0.654264, 0.001602, 0.008909, 0.015960


MeanRateConst/CorrCutOff, 0.034005, 0.900000


MedianRateConst/RMSSCutOff, 0.034041, 0.050000
StandDev/NumberPeptides, 0.001230, 4
TotalIonCurrent, 2.84272e+09
