Peptides, PeptideUnique, RateConstants, Correlations, RootMeanRSS, AbsoluteIsotopeError, Charge, m/z(Sequence), NEH, Abundance, NDP, Rsquared,sigma,CI lower band, CI upper band
QLIEATNEFAK, Yes, 0.02293, 0.956703, 0.015494, 0.099977,  2,   632.33259,  24, 7986094.500000, 11.000000, 0.908723, 0.001484, 0.019624, 0.026236
AQQEITVQQLMAHLDSIR, Yes, 0.01058, 0.881547, 0.015193, 0.212230,  3,   694.36511,  43, 24434210.000000, 12.000000, 0.736388, 0.001548, 0.007174, 0.013988
LTFDTHALVQDLETHGFDK, Yes, 0.00000, -2.000000, 0.004818, 0.250714,  4,   547.52338,  29, 2566523.750000, 12.000000, -0.238960, 0.000477, 0.000000, 2.501837
TQAQTIVSVLSTLSNVSLDTIYK, Yes, 0.00931, 0.963238, 0.005959, 0.095724,  3,   827.78640,  33, 16279001.000000, 12.000000, 0.899069, 0.000799, 0.007552, 0.011070


MeanRateConst/CorrCutOff, 0.016120, 0.900000


MedianRateConst/RMSSCutOff, 0.022930, 0.050000
StandDev/NumberPeptides, 0.001039, 2
TotalIonCurrent, 1.65568e+09
