Peptides, PeptideUnique, RateConstants, Correlations, RootMeanRSS, AbsoluteIsotopeError, Charge, m/z(Sequence), NEH, Abundance, NDP, Rsquared,sigma,CI lower band, CI upper band
HELQANcYEEVKDR, Yes, 0.16549, 0.988601, 0.017753, 0.088594,  3,   597.60905,  33, 11080765.000000, 12.000000, 0.958146, 0.013122, 0.136610, 0.194373
KEDLVFIFWAPENAPLK, Yes, 0.12032, 0.997408, 0.006089, 0.068685,  3,   673.03128,  29, 46888124.000000, 12.000000, 0.992154, 0.004102, 0.111291, 0.129350
EILVGDVGQTVDDPYTTFVK, Yes, 0.08936, 0.974874, 0.015757, 0.198804,  2,  1098.55719,  26, 9090597.000000, 12.000000, 0.941066, 0.008226, 0.071257, 0.107468
EILVGDVGQTVDDPYTTFVK, Yes, 0.05343, 0.962907, 0.015496, 0.169079,  3,   732.70722,  26, 7230706.500000, 12.000000, 0.921154, 0.004793, 0.042882, 0.063979
YALYDATYETK, No, 0.10106, 0.998346, 0.005004, 0.024216,  2,   669.31661,  16, 314502912.000000, 12.000000, 0.995813, 0.002466, 0.095634, 0.106490
LGGSAVISLEGKPL, Yes, 0.10215, 0.998851, 0.004884, 0.052349,  2,   670.89283,  25, 88942392.000000, 12.000000, 0.997699, 0.001840, 0.098097, 0.106195
AVLFcLSEDKK, Yes, 0.09841, 0.994189, 0.009880, 0.082534,  3,   437.23220,  17, 42662004.000000, 12.000000, 0.986027, 0.004441, 0.088634, 0.108182
HELQANcYEEVKDR, Yes, 0.56015, 0.939887, 0.029655, 0.233718,  4,   448.45860,  33, 3877818.000000, 12.000000, 0.855136, 0.101505, 0.336737, 0.783557


MeanRateConst/CorrCutOff, 0.102260, 0.900000


MedianRateConst/RMSSCutOff, 0.101062, 0.050000
StandDev/NumberPeptides, 0.003248, 5
TotalIonCurrent, 1.41012e+10
