Peptides, PeptideUnique, RateConstants, Correlations, RootMeanRSS, AbsoluteIsotopeError, Charge, m/z(Sequence), NEH, Abundance, NDP, Rsquared,sigma,CI lower band, CI upper band
AVYQGPGSSPVK, Yes, 0.02203, 0.993234, 0.007416, 0.080918,  2,   595.31422,  24, 120586888.000000, 12.000000, 0.979642, 0.000735, 0.020411, 0.023647
YLPDTLLLEEcGLLR, Yes, 0.12416, 0.973025, 0.018494, 0.054348,  3,   602.32196,  23, 6386368.000000, 12.000000, 0.944864, 0.012216, 0.097269, 0.151045
YDVDTLDMVFLDHWK, Yes, 1.31820, 0.744718, 0.048417, 0.219577,  3,   632.96608,  15, 17511870.000000, 12.000000, -0.260818, 0.956419, 0.008227, 2.628182
GSSSFEcTHYSSYLEYMK, Yes, 0.08665, 0.989683, 0.009819, 0.152112,  3,   725.97144,  31, 8024128.000000, 12.000000, 0.976988, 0.004641, 0.076432, 0.096862
GTVLLADNVIVPGTPDFLAYVR, Yes, 0.11128, 0.984162, 0.011492, 0.156118,  2,  1165.64138,  32, 1857432.125000, 12.000000, 0.965020, 0.007813, 0.094081, 0.128474
GTVLLADNVIVPGTPDFLAYVR, Yes, 0.17724, 0.991183, 0.010386, 0.041994,  3,   777.43001,  32, 3497261.250000, 12.000000, 0.972609, 0.012409, 0.149928, 0.204552
KGTVLLADNVIVPGTPDFLAYVR, Yes, 0.07637, 0.874885, 0.024288, 0.252379,  3,   820.12833,  33, 1146260.250000, 9.000000, 0.706802, 0.009994, 0.053323, 0.099416
LLTMEINPDYAAITQQMLDFAGLQDK, Yes, 0.11694, 0.997661, 0.003877, 0.063714,  3,   980.48914,  48, 3049049.750000, 12.000000, 0.993678, 0.003528, 0.109171, 0.124700
EYRPSLVLELGAYcGYSAVR, Yes, 0.00000, -2.000000, 0.001032, 0.488621,  3,   768.38780,  40, 10110495.000000, 12.000000, -2742.002441, 0.000097, 0.000000, 3.266509


MeanRateConst/CorrCutOff, 0.109754, 0.900000


MedianRateConst/RMSSCutOff, 0.116935, 0.050000
StandDev/NumberPeptides, 0.005644, 4
TotalIonCurrent, 4.63086e+09
