Peptides, PeptideUnique, RateConstants, Correlations, RootMeanRSS, AbsoluteIsotopeError, Charge, m/z(Sequence), NEH, Abundance, NDP, Rsquared,sigma,CI lower band, CI upper band
EGTYQGHHTPIVQK, Yes, 0.03615, 0.997547, 0.004892, 0.046267,  3,   532.27060,  27, 288617376.000000, 12.000000, 0.993751, 0.000761, 0.034476, 0.037826
EGTYQGHHTPIVQK, Yes, 0.03486, 0.997338, 0.006018, 0.029875,  4,   399.45477,  27, 316054112.000000, 12.000000, 0.990539, 0.000913, 0.032849, 0.036870
EGTYQGHHTPIVQK, Yes, 0.03372, 0.994377, 0.008107, 0.029033,  2,   797.90226,  27, 31841784.000000, 12.000000, 0.980420, 0.001204, 0.031073, 0.036372
EVPLLNTSVLLASGVSITWAHHSLMEGK, Yes, 0.02124, 0.966753, 0.006845, 0.159331,  4,   748.15084,  48, 6328248.000000, 12.000000, 0.926002, 0.001488, 0.017969, 0.024519


MeanRateConst/CorrCutOff, 0.031494, 0.900000


MedianRateConst/RMSSCutOff, 0.034860, 0.050000
StandDev/NumberPeptides, 0.001023, 4
TotalIonCurrent, 1.65371e+10
