Peptides, PeptideUnique, RateConstants, Correlations, RootMeanRSS, AbsoluteIsotopeError, Charge, m/z(Sequence), NEH, Abundance, NDP, Rsquared,sigma,CI lower band, CI upper band
DVNYGWLIR, Yes, 0.00087, 0.374599, 0.007952, 0.080541,  2,   568.29837,  11, 1239114240.000000, 12.000000, 0.029708, 0.000820, 0.000000, 2.606995
IINHSFIDLPAPS, Yes, 0.02832, 0.995207, 0.005398, 0.034496,  2,   712.38263,  24, 48861460.000000, 12.000000, 0.989678, 0.000714, 0.026746, 0.029887
IGTTLVEWIWGGFSVDK, Yes, 0.01942, 0.976945, 0.006198, 0.073981,  2,   954.49874,  19, 2840266.750000, 12.000000, 0.934953, 0.001065, 0.017074, 0.021764
SSVTHIcR, Yes, 0.04426, 0.970740, 0.029151, 0.354311,  2,   480.24000,  14, 1511780.875000, 12.000000, 0.883637, 0.005332, 0.032523, 0.055996
KTHPLFK, Yes, 0.00009, 0.554193, 0.005671, 0.155175,  2,   435.76343,  7, 3587522.250000, 12.000000, -0.246200, 0.000714, 0.000000, 2.508583


MeanRateConst/CorrCutOff, 0.012174, 0.900000


MedianRateConst/RMSSCutOff, 0.019419, 0.050000
StandDev/NumberPeptides, 0.000806, 4
TotalIonCurrent, 2.68574e+10
