Peptides, PeptideUnique, RateConstants, Correlations, RootMeanRSS, AbsoluteIsotopeError, Charge, m/z(Sequence), NEH, Abundance, NDP, Rsquared,sigma,CI lower band, CI upper band
LLASINSTVR, Yes, 0.13257, 0.886649, 0.046651, 0.084191,  2,   537.31930,  17, 2052428.500000, 9.000000, 0.779811, 0.013071, 0.102425, 0.162710
LPSFELLHK, Yes, 0.08639, 0.915520, 0.032674, 0.054281,  3,   361.87808,  14, 6804080.000000, 10.000000, 0.822528, 0.009520, 0.064851, 0.107924
QGQGQLVTcSGAFK, Yes, 0.07584, 0.909813, 0.046844, 0.189338,  2,   740.86429,  28, 2427190.750000, 7.000000, 0.300252, 0.025497, 0.013447, 0.138224
IVVFQYSDGK, Yes, 0.26107, 0.958386, 0.025315, 0.147146,  2,   578.30587,  13, 2544840.500000, 9.000000, 0.906279, 0.021836, 0.210713, 0.311422


MeanRateConst/CorrCutOff, 0.156490, 0.900000


MedianRateConst/RMSSCutOff, 0.132567, 0.050000
StandDev/NumberPeptides, 0.016026, 3
TotalIonCurrent, 1.40456e+08
