Peptides, PeptideUnique, RateConstants, Correlations, RootMeanRSS, AbsoluteIsotopeError, Charge, m/z(Sequence), NEH, Abundance, NDP, Rsquared,sigma,CI lower band, CI upper band
HFVGMLPEK, Yes, 0.07980, 0.998615, 0.004765, 0.116865,  2,   529.27859,  14, 89883392.000000, 12.000000, 0.996127, 0.001757, 0.075933, 0.083667
YALYDASFETK, Yes, 0.07011, 0.995983, 0.007902, 0.127184,  2,   654.31133,  18, 115502424.000000, 12.000000, 0.990092, 0.002380, 0.064868, 0.075344
HEYQANGPEDLNR, Yes, 0.08367, 0.998083, 0.007134, 0.102606,  3,   514.90256,  33, 23114888.000000, 12.000000, 0.995094, 0.002031, 0.079203, 0.088144
HEYQANGPEDLNR, Yes, 0.09632, 0.874353, 0.056467, 0.182275,  2,   771.85020,  33, 3723573.000000, 12.000000, 0.722592, 0.018827, 0.054880, 0.137757
EILVGDVGATITDPFK, Yes, 0.11685, 0.995772, 0.007996, 0.089230,  2,   837.95109,  23, 46127892.000000, 12.000000, 0.990829, 0.004513, 0.106914, 0.126778
KEELMFFLWAPEQAPLK, Yes, 0.00000, -2.000000, 0.045770, 0.039237,  3,   693.03240,  33, 44589004.000000, 12.000000, -0.804661, 0.004459, 0.000000, 2.687011
AVIFcLSADKK, Yes, 0.04519, 0.941624, 0.027933, 0.081797,  3,   417.89704,  17, 10489824.000000, 12.000000, 0.871385, 0.005625, 0.032809, 0.057571


MeanRateConst/CorrCutOff, 0.082475, 0.900000


MedianRateConst/RMSSCutOff, 0.083674, 0.050000
StandDev/NumberPeptides, 0.002606, 4
TotalIonCurrent, 1.12581e+10
