Peptides, PeptideUnique, RateConstants, Correlations, RootMeanRSS, AbsoluteIsotopeError, Charge, m/z(Sequence), NEH, Abundance, NDP, Rsquared,sigma,CI lower band, CI upper band
NQPMTPEAVR, Yes, 0.10080, 0.985995, 0.024988, 0.043487,  2,   571.78476,  24, 17306302.000000, 12.000000, 0.926322, 0.008526, 0.082035, 0.119566
VVLVTGAGGGLGR, Yes, 0.07527, 0.997631, 0.007306, 0.050437,  2,   578.34587,  20, 48417388.000000, 12.000000, 0.993775, 0.001972, 0.070934, 0.079613
IDVVVNNAGILR, Yes, 0.08835, 0.997906, 0.006873, 0.097059,  2,   641.87752,  19, 26444610.000000, 12.000000, 0.994153, 0.002460, 0.082934, 0.093763
DATSLNQAALYR, Yes, 0.07372, 0.978421, 0.022433, 0.063327,  2,   661.83857,  27, 139663232.000000, 12.000000, 0.945226, 0.005452, 0.061722, 0.085724
AVANYDSVEAGEK, Yes, 0.07471, 0.996711, 0.011013, 0.087050,  2,   676.82005,  30, 14383624.000000, 12.000000, 0.990064, 0.002609, 0.068963, 0.080448
ISDEDWDIIHR, Yes, 0.11192, 0.989709, 0.014237, 0.123191,  3,   466.89312,  21, 12811804.000000, 12.000000, 0.974115, 0.006712, 0.097143, 0.126689
GALVIVNDLGGDFK, Yes, 1.74624, 0.394736, 0.098271, 0.780957,  2,   709.38792,  20, 33243590.000000, 12.000000, -1.955738, 3.088420, 0.000000, 4.252313
LGILGLcNTLAIEGR, Yes, 0.10857, 0.992760, 0.012629, 0.019501,  2,   800.44797,  25, 17549574.000000, 12.000000, 0.979302, 0.005915, 0.095551, 0.121588
ALHGEQYLELYKPLPR, Yes, 0.05502, 0.861781, 0.035434, 0.117410,  4,   482.51635,  33, 18041030.000000, 12.000000, 0.716779, 0.008930, 0.035363, 0.074674
LPSFSSSYTELQSIMYALGVGASVK, Yes, 0.00000, -2.000000, 0.022615, 0.084400,  3,   879.11564,  45, 961304.000000, 11.000000, -0.365015, 0.002665, 0.000000, 2.135846
VDSEGISPNR, Yes, 68.78338, 0.535063, 0.097339, 1.549036,  2,   537.26472,  22, 8464701.000000, 12.000000, -0.097805, -nan(ind), 0.000000, 0.000000
TSHAAPAATSGFVGAVGHK, Yes, 0.07486, 0.972848, 0.022936, 0.134416,  4,   442.22996,  42, 6318578.500000, 12.000000, 0.942102, 0.006214, 0.061187, 0.088542


MeanRateConst/CorrCutOff, 0.088525, 0.900000


MedianRateConst/RMSSCutOff, 0.088349, 0.050000
StandDev/NumberPeptides, 0.003852, 8
TotalIonCurrent, 8.63681e+09
