Peptides, PeptideUnique, RateConstants, Correlations, RootMeanRSS, AbsoluteIsotopeError, Charge, m/z(Sequence), NEH, Abundance, NDP, Rsquared,sigma,CI lower band, CI upper band
ATcISPGLVETQFAFK, Yes, 0.04454, 0.995954, 0.007759, 0.072155,  2,   884.95056,  28, 9332161.000000, 12.000000, 0.986444, 0.001580, 0.041063, 0.048019
SQHSGVDIcINNAGMAR, Yes, 0.00927, 0.778813, 0.054895, 0.300176,  3,   610.61756,  38, 2368040.000000, 8.000000, 0.068943, 0.005101, 0.000000, 3.205477
LHDKDPGEAAATYEHIK, Yes, 0.23507, 0.952423, 0.035449, 0.275180,  4,   474.48779,  37, 4567193.500000, 12.000000, 0.805268, 0.042207, 0.142176, 0.327971
SAGYPGTLIPYR, Yes, 0.06308, 0.986056, 0.015550, 0.117340,  2,   647.84314,  21, 18378720.000000, 12.000000, 0.965232, 0.003809, 0.054701, 0.071468
cDLSNEEDILSMFSAVR, Yes, 0.03281, 0.931552, 0.022133, 0.213506,  2,   993.45078,  34, 2089985.125000, 12.000000, 0.856838, 0.003666, 0.024741, 0.040878


MeanRateConst/CorrCutOff, 0.093877, 0.900000


MedianRateConst/RMSSCutOff, 0.063085, 0.050000
StandDev/NumberPeptides, 0.003356, 4
TotalIonCurrent, 9.5856e+08
