Peptides, PeptideUnique, RateConstants, Correlations, RootMeanRSS, AbsoluteIsotopeError, Charge, m/z(Sequence), NEH, Abundance, NDP, Rsquared,sigma,CI lower band, CI upper band
TGQIVLVNNIQAK, Yes, 0.05263, 0.979337, 0.019697, 0.132542,  2,   699.40918,  22, 13586205.000000, 11.000000, 0.940814, 0.003723, 0.044333, 0.060924
AEVEEYDVVVSTVSPTFIR, Yes, 0.00000, -2.000000, 0.064666, 0.480578,  3,   714.03180,  33, 1445187.375000, 9.000000, -0.445575, 0.007312, 0.000000, 2.867664
NWEGLESLYATLTSVADPSK, Yes, 0.02873, 0.962053, 0.010422, 0.048215,  2,  1091.03913,  35, 5782604.000000, 11.000000, 0.924611, 0.001664, 0.025018, 0.032433


MeanRateConst/CorrCutOff, 0.027118, 0.900000


MedianRateConst/RMSSCutOff, 0.028726, 0.050000
StandDev/NumberPeptides, 0.002981, 2
TotalIonCurrent, 6.09142e+08
