Peptides, PeptideUnique, RateConstants, Correlations, RootMeanRSS, AbsoluteIsotopeError, Charge, m/z(Sequence), NEH, Abundance, NDP, Rsquared,sigma,CI lower band, CI upper band
LGENMILK, Yes, 0.03429, 0.989649, 0.007671, 0.138938,  2,   459.25985,  11, 47544340.000000, 12.000000, 0.975517, 0.001441, 0.031122, 0.037467
TGYSFVNcK, Yes, 0.02334, 0.957340, 0.015001, 0.113476,  2,   538.24749,  10, 10916169.000000, 12.000000, 0.865828, 0.002596, 0.017627, 0.029057
YGALVIcETPEQIANLEEVGR, Yes, 0.00422, 0.665369, 0.008901, 0.134536,  2,  1181.09137,  46, 3687015.750000, 12.000000, 0.432754, 0.000886, 0.002266, 0.006168
FQQLVQQVALGTMAHcQNLTDR, Yes, 0.03737, 0.990548, 0.006157, 0.112699,  3,   853.42493,  46, 16008075.000000, 12.000000, 0.980857, 0.001409, 0.034270, 0.040470
LLDPSITLGQYVQPQGVTVVDFVR, Yes, 0.03166, 0.993631, 0.004438, 0.051970,  3,   882.14969,  37, 16339903.000000, 12.000000, 0.984104, 0.001045, 0.029355, 0.033956
LGQHVVGMAPLSVGSLDDEPGGETETR, Yes, 0.00000, -2.000000, 0.011045, 0.425063,  3,   917.77999,  55, 3062684.750000, 9.000000, -0.408521, 0.001927, 0.000000, 2.647618
VPSGFYVGSYVHGVTQSPSLQNLVLGK, Yes, 0.07940, 0.980488, 0.010775, 0.225946,  3,   945.16763,  43, 13629704.000000, 12.000000, 0.956321, 0.005948, 0.066307, 0.092488
GFLNSSELSELAAGPDR, Yes, 0.00998, 0.947590, 0.012181, 0.336436,  2,   881.93393,  39, 69931208.000000, 12.000000, 0.858470, 0.001013, 0.007753, 0.012214
LLDPSITLGQYVQPQGVTVVDFVR, Yes, 0.02247, 0.939216, 0.011853, 0.185504,  2,  1322.72090,  37, 457423.000000, 10.000000, 0.832170, 0.003170, 0.015297, 0.029640


MeanRateConst/CorrCutOff, 0.029826, 0.900000


MedianRateConst/RMSSCutOff, 0.031655, 0.050000
StandDev/NumberPeptides, 0.001633, 5
TotalIonCurrent, 2.80977e+09
