Peptides, PeptideUnique, RateConstants, Correlations, RootMeanRSS, AbsoluteIsotopeError, Charge, m/z(Sequence), NEH, Abundance, NDP, Rsquared,sigma,CI lower band, CI upper band
QLQAETEPIVK, Yes, 0.05643, 0.995946, 0.016191, 0.114282,  2,   628.34825,  25, 8269453.500000, 5.000000, 0.878134, 0.011224, 0.025264, 0.087588
LASEILMQNWDAAMEDLTR, Yes, 0.00000, -2.000000, 0.012122, 0.159909,  2,  1104.02717,  40, 993473.687500, 5.000000, -0.853674, 0.003436, 0.000000, 2.946390
LASEILMQNWDAAMEDLTR, Yes, 0.07536, 0.978834, 0.025092, 0.176360,  3,   736.35387,  40, 2788859.750000, 5.000000, 0.870633, 0.020355, 0.018843, 0.131871


MeanRateConst/CorrCutOff, 0.043929, 0.900000


MedianRateConst/RMSSCutOff, 0.056426, 0.050000
StandDev/NumberPeptides, 0.005990, 2
TotalIonCurrent, 1.34464e+08
