Peptides, PeptideUnique, RateConstants, Correlations, RootMeanRSS, AbsoluteIsotopeError, Charge, m/z(Sequence), NEH, Abundance, NDP, Rsquared,sigma,CI lower band, CI upper band
VFEHSSVELK, Yes, 0.05976, 0.994702, 0.010043, 0.029622,  3,   392.20827,  18, 33071672.000000, 12.000000, 0.981728, 0.002353, 0.054579, 0.064935
AFSGYLGPDESK, Yes, 0.01130, 0.945417, 0.012472, 0.097174,  2,   635.80114,  23, 285814656.000000, 12.000000, 0.861960, 0.001054, 0.008977, 0.013616
AYSGSQIDILIDQGK, Yes, 0.12189, 0.710599, 0.076275, 0.418721,  2,   804.41739,  29, 6257918.000000, 12.000000, 0.428261, 0.037699, 0.038920, 0.204868
SVSAFAPIcNPVLcSWGK, Yes, 0.03123, 0.977980, 0.010225, 0.055853,  2,   996.98715,  31, 23920448.000000, 12.000000, 0.951022, 0.001776, 0.027318, 0.035135
SGYQQAASEHGLVVIAPDTSPR, Yes, 0.04630, 0.994937, 0.007292, 0.100217,  3,   761.71698,  52, 44734732.000000, 12.000000, 0.984466, 0.001564, 0.042854, 0.049739
cPALYWLSGLTcTEQNFISK, Yes, 0.04369, 0.988286, 0.008233, 0.057604,  3,   796.71694,  31, 11606672.000000, 12.000000, 0.970826, 0.002268, 0.038694, 0.048679
LQEGYDHSYYFIATFIADHIR, Yes, 0.04377, 0.988018, 0.007429, 0.081135,  4,   640.56303,  39, 9794511.000000, 12.000000, 0.969823, 0.002109, 0.039131, 0.048413
MYSYVTEELPQLINANFPVDPQR, Yes, 0.05872, 0.987174, 0.008926, 0.210621,  3,   908.78277,  45, 24354352.000000, 12.000000, 0.968888, 0.003428, 0.051178, 0.066269
cPALYWLSGLTcTEQNFISK, Yes, 0.00626, 0.279669, 0.021847, 0.180736,  2,  1194.57177,  31, 2068228.625000, 12.000000, -0.149773, 0.002800, 0.000099, 0.012424
GEDDSWDFGTGAGFYVNATEDPWK, Yes, 0.00000, -2.000000, 0.005588, 0.379413,  2,  1332.56171,  41, 855580.312500, 10.000000, -0.258272, 0.000947, 0.000000, 2.742004


MeanRateConst/CorrCutOff, 0.050447, 0.900000


MedianRateConst/RMSSCutOff, 0.046297, 0.050000
StandDev/NumberPeptides, 0.002201, 5
TotalIonCurrent, 1.32905e+10
