Peptides, PeptideUnique, RateConstants, Correlations, RootMeanRSS, AbsoluteIsotopeError, Charge, m/z(Sequence), NEH, Abundance, NDP, Rsquared,sigma,CI lower band, CI upper band
DTIADPHNLK, Yes, 0.02968, 0.937927, 0.023868, 0.124620,  3,   375.19625,  17, 16218204.000000, 12.000000, 0.745916, 0.003211, 0.022612, 0.036748
ALATQLPVIPR, Yes, 0.02271, 0.998264, 0.004454, 0.039483,  2,   589.86641,  23, 67767000.000000, 12.000000, 0.993346, 0.000463, 0.021688, 0.023724
TFDTFcPLGPALVTK, Yes, 0.01979, 0.968606, 0.009420, 0.068657,  2,   833.92911,  18, 32379256.000000, 12.000000, 0.927136, 0.001447, 0.016603, 0.022973
TMVQFLEQGETTLSVAR, Yes, 0.04684, 0.984705, 0.022542, 0.212247,  2,   955.48803,  32, 5955248.000000, 12.000000, 0.921303, 0.004837, 0.036194, 0.057488
FSSSIVGPYDEIILPPESK, Yes, 0.01539, 0.939972, 0.012427, 0.131126,  2,  1039.53824,  35, 8662653.000000, 12.000000, 0.868398, 0.001540, 0.011997, 0.018777
VIcVGLNYADHcQEQNVR, Yes, 0.02416, 0.971569, 0.015289, 0.132251,  3,   725.67385,  36, 20261736.000000, 12.000000, 0.901588, 0.002265, 0.019172, 0.029141


MeanRateConst/CorrCutOff, 0.020509, 0.900000


MedianRateConst/RMSSCutOff, 0.022706, 0.050000
StandDev/NumberPeptides, 0.001014, 4
TotalIonCurrent, 4.312e+09
