Peptides, PeptideUnique, RateConstants, Correlations, RootMeanRSS, AbsoluteIsotopeError, Charge, m/z(Sequence), NEH, Abundance, NDP, Rsquared,sigma,CI lower band, CI upper band
QVIGTGSFFPK, Yes, 0.07275, 0.994561, 0.008093, 0.134483,  2,   590.82169,  16, 36720036.000000, 12.000000, 0.988375, 0.002566, 0.067100, 0.078395
FcANTcVDcR, Yes, 0.03611, 0.836494, 0.049493, 0.091115,  2,   651.75484,  17, 6108654.000000, 12.000000, 0.647422, 0.008343, 0.017745, 0.054472
AIVAGDQNVEYK, Yes, 0.13915, 0.996297, 0.009403, 0.057795,  2,   653.83551,  24, 30350848.000000, 12.000000, 0.991917, 0.005054, 0.128027, 0.150275
FVFHNEQVYcPDcAK, Yes, 0.09027, 0.962244, 0.019923, 0.058998,  3,   638.61516,  27, 27702014.000000, 12.000000, 0.914421, 0.008985, 0.070499, 0.110050
FTAVEDQYYcVDcYK, Yes, 0.12350, 0.992445, 0.011093, 0.031475,  2,   980.90823,  22, 13676432.000000, 12.000000, 0.967345, 0.008200, 0.105456, 0.141553
AITSGGITYQDQPWHAEcFVcVTcSK, Yes, 0.06771, 0.983089, 0.008510, 0.064976,  3,  1005.78599,  46, 4826611.500000, 12.000000, 0.965324, 0.004156, 0.058564, 0.076859
FDcHYcR, Yes, 0.02152, 0.946990, 0.047960, 0.120175,  3,   353.13747,  12, 4348381.500000, 12.000000, 0.527018, 0.007488, 0.005039, 0.038002


MeanRateConst/CorrCutOff, 0.078717, 0.900000


MedianRateConst/RMSSCutOff, 0.072747, 0.050000
StandDev/NumberPeptides, 0.005266, 7
TotalIonCurrent, 3.97588e+09
