Peptides, PeptideUnique, RateConstants, Correlations, RootMeanRSS, AbsoluteIsotopeError, Charge, m/z(Sequence), NEH, Abundance, NDP, Rsquared,sigma,CI lower band, CI upper band
GVQVETISPGDGR, Yes, 0.07419, 0.995795, 0.012356, 0.185583,  2,   657.83606,  26, 111941224.000000, 12.000000, 0.987093, 0.003020, 0.067540, 0.080834
GWEEGVAQMSVGQR, Yes, 0.09644, 0.925991, 0.044232, 0.050396,  2,   767.35937,  34, 83259088.000000, 12.000000, 0.833021, 0.015223, 0.062935, 0.129946
RGQTcVVHYTGMLEDGK, Yes, 0.03735, 0.941713, 0.020604, 0.209916,  3,   650.97687,  28, 13878023.000000, 12.000000, 0.876789, 0.004020, 0.028499, 0.046195


MeanRateConst/CorrCutOff, 0.069325, 0.900000


MedianRateConst/RMSSCutOff, 0.074187, 0.050000
StandDev/NumberPeptides, 0.004647, 2
TotalIonCurrent, 8.15922e+09
