Peptides, PeptideUnique, RateConstants, Correlations, RootMeanRSS, AbsoluteIsotopeError, Charge, m/z(Sequence), NEH, Abundance, NDP, Rsquared,sigma,CI lower band, CI upper band
PIQHQDWMSGK, No, 1.25981, 0.998231, 0.021224, 1.327113,  2,   663.81660,  22, 561840.937500, 2.000000, 0.969645, 0.045880, 0.676846, 1.842777
APQVYVLPPPAEEMTK, Yes, 0.04892, 0.978296, 0.015172, 0.168381,  2,   885.46074,  34, 23838106.000000, 11.000000, 0.950605, 0.003154, 0.041889, 0.055944
VVSALPIQHQDWMSGK, Yes, 0.06803, 0.978983, 0.019272, 0.178262,  2,   898.46162,  31, 5257512.500000, 11.000000, 0.941801, 0.005616, 0.055521, 0.080545
VVSALPIQHQDWMSGK, Yes, 0.04841, 0.990477, 0.008564, 0.057983,  3,   599.31017,  31, 152033264.000000, 11.000000, 0.980301, 0.001838, 0.044320, 0.052509
NTATVLDSDGSYFMYSK, Yes, 0.06394, 0.977125, 0.012563, 0.026444,  2,   949.92747,  23, 33300078.000000, 11.000000, 0.947169, 0.004152, 0.054693, 0.073193
ITGFLPAEIAVDWTSNGR, Yes, 0.03610, 0.525617, 0.064050, 0.520542,  3,   649.67053,  32, 2434233.500000, 11.000000, 0.027574, 0.011594, 0.010269, 0.061935
ISWFVNNVEVHTAQTQTHR, No, 0.06879, 0.943528, 0.020526, 0.325169,  3,   756.38205,  35, 24804972.000000, 11.000000, 0.889308, 0.007191, 0.052772, 0.084817
VNNVEVHTAQTQTHR, No, 0.06351, 0.957372, 0.022230, 0.213725,  4,   434.22240,  31, 1935399.875000, 11.000000, 0.911726, 0.005309, 0.051677, 0.075335
ISWFVNNVEVHTAQTQTHR, No, 0.21028, 0.981493, 0.015176, 0.203779,  4,   567.53836,  35, 96771672.000000, 11.000000, 0.949505, 0.020129, 0.165428, 0.255129


MeanRateConst/CorrCutOff, 0.060268, 0.900000


MedianRateConst/RMSSCutOff, 0.063943, 0.050000
StandDev/NumberPeptides, 0.003732, 6
TotalIonCurrent, 1.60618e+10
