Peptides, PeptideUnique, RateConstants, Correlations, RootMeanRSS, AbsoluteIsotopeError, Charge, m/z(Sequence), NEH, Abundance, NDP, Rsquared,sigma,CI lower band, CI upper band
IQFGVPLAR, Yes, 0.03193, 0.994743, 0.006680, 0.032329,  2,   500.80055,  18, 65923344.000000, 12.000000, 0.987858, 0.000879, 0.029991, 0.033863
ATPEMVSMLK, Yes, 0.03448, 0.952319, 0.021525, 0.153972,  2,   553.78284,  17, 42949516.000000, 12.000000, 0.851964, 0.003428, 0.026937, 0.042029
HNPSNQSYTLSGTK, Yes, 0.03038, 0.996662, 0.005436, 0.058341,  3,   511.91458,  25, 10946386.000000, 12.000000, 0.991266, 0.000736, 0.028765, 0.032003
HNPSNQSYTLSGTK, Yes, 0.02719, 0.983038, 0.009924, 0.095983,  2,   767.36824,  25, 5938932.500000, 12.000000, 0.965532, 0.001260, 0.024415, 0.029962
GYGcAGVSSVAYGLLTR, Yes, 0.02315, 0.948344, 0.015073, 0.082823,  2,   865.93016,  29, 26146514.000000, 12.000000, 0.898562, 0.001901, 0.018962, 0.027330
DIVYEMGELGVLGPTIK, Yes, 0.04019, 0.992049, 0.008582, 0.060144,  3,   611.99374,  25, 11780684.000000, 12.000000, 0.971273, 0.001823, 0.036177, 0.044200
DIVYEMGELGVLGPTIK, Yes, 0.02012, 0.948829, 0.010704, 0.042280,  2,   917.48697,  25, 19309698.000000, 12.000000, 0.877392, 0.001528, 0.016762, 0.023487
TWITNSPVADLFIVWAR, Yes, 0.03007, 0.995768, 0.003719, 0.081359,  2,   995.03327,  25, 5366617.000000, 12.000000, 0.991464, 0.000717, 0.028492, 0.031649
TWITNSPVADLFIVWAR, Yes, 0.02237, 0.978185, 0.010026, 0.212793,  3,   663.69127,  25, 2623036.750000, 12.000000, 0.929905, 0.001653, 0.018727, 0.026006
GELLGcFGLTEPNHGSDPGGMETR, Yes, 0.00000, -2.000000, 0.001096, 0.191025,  3,   844.38117,  47, 8539993.000000, 10.000000, -3487.245117, 0.000130, 0.000000, 2.670421
SMMSVQSSLVMHPIYTYGSEEQR, Yes, 0.03115, 0.979479, 0.010574, 0.080049,  3,   887.40995,  46, 20918514.000000, 12.000000, 0.929371, 0.002420, 0.025826, 0.036480
HAMNLEAVNTYEGTHDIHALILGR, Yes, 0.03819, 0.989495, 0.007872, 0.059739,  4,   669.58941,  48, 24646038.000000, 12.000000, 0.968409, 0.001952, 0.033894, 0.042487
PVFDWKDPLILEEQLTADEK, Yes, 0.02378, 0.938691, 0.022175, 0.364982,  3,   796.07740,  35, 45477824.000000, 12.000000, 0.798683, 0.003930, 0.015135, 0.032435


MeanRateConst/CorrCutOff, 0.028283, 0.900000


MedianRateConst/RMSSCutOff, 0.030070, 0.050000
StandDev/NumberPeptides, 0.001217, 9
TotalIonCurrent, 9.62028e+09
