Peptides, PeptideUnique, RateConstants, Correlations, RootMeanRSS, AbsoluteIsotopeError, Charge, m/z(Sequence), NEH, Abundance, NDP, Rsquared,sigma,CI lower band, CI upper band
IQAVLLPK, Yes, 0.00842, 0.961739, 0.011419, 0.025776,  2,   441.29456,  13, 589750528.000000, 10.000000, 0.750718, 0.001028, 0.006094, 0.010746
AGLQFPVGR, No, 0.00930, 0.964427, 0.006109, 0.056189,  2,   472.76925,  19, 4423847424.000000, 10.000000, 0.913999, 0.000442, 0.008302, 0.010301
VTIAQGGVLPNIQAVLLPK, Yes, 0.01139, 0.967443, 0.004547, 0.028239,  3,   644.39445,  33, 656708608.000000, 10.000000, 0.930636, 0.000460, 0.010354, 0.012434
VTIAQGGVLPNIQAVLLPK, Yes, 0.00906, 0.958164, 0.004706, 0.036784,  2,   966.08804,  33, 887576704.000000, 10.000000, 0.910036, 0.000459, 0.008022, 0.010100
VLEYLTAEILELAGNAAR, No, 0.00972, 0.931093, 0.007451, 0.035468,  3,   649.35794,  39, 26338192.000000, 10.000000, 0.852538, 0.000677, 0.008185, 0.011247
AAVLEYLTAEILELAGNAAR, No, 0.01053, 0.964900, 0.004911, 0.030243,  3,   696.71601,  47, 58981304.000000, 10.000000, 0.927297, 0.000461, 0.009490, 0.011578
AAVLEYLTAEILELAGNAAR, No, 0.00793, 0.989938, 0.003354, 0.068712,  2,  1044.57038,  47, 5155633.000000, 10.000000, 0.951700, 0.000303, 0.007241, 0.008612
MAAVLEYLTAEILELAGNAAR, No, 0.02494, 0.751815, 0.026730, 0.250735,  3,   740.39617,  48, 8347782.500000, 10.000000, 0.151604, 0.003448, 0.017140, 0.032740
VGAGAPVYMAAVLEYLTAEILELAGNAAR, Yes, 0.00774, 0.917564, 0.005219, 0.040155,  3,   978.51953,  65, 901648.500000, 10.000000, 0.790469, 0.000748, 0.006050, 0.009432
LTAEILELAGNAAR, No, 0.00261, 0.755358, 0.026216, 0.234201,  3,   481.27181,  34, 3210307.750000, 11.000000, 0.225112, 0.001637, 0.000000, 2.599204
LTAEILELAGNAAR, No, 0.02893, 0.968278, 0.019719, 0.014383,  2,   721.40407,  34, 206310352.000000, 9.000000, 0.740627, 0.003393, 0.021110, 0.036760
VLEYLTAEILELAGNAAR, No, 0.01140, 0.941564, 0.006772, 0.078877,  2,   973.53327,  39, 7277514.500000, 10.000000, 0.883987, 0.000631, 0.009971, 0.012825
LLGGVTIAQGGVLPNIQAVLLPK, Yes, 0.00842, 0.986691, 0.003483, 0.068618,  3,   757.79814,  38, 20833372.000000, 11.000000, 0.948617, 0.000397, 0.007532, 0.009299


MeanRateConst/CorrCutOff, 0.009574, 0.900000


MedianRateConst/RMSSCutOff, 0.009301, 0.050000
StandDev/NumberPeptides, 0.000483, 9
TotalIonCurrent, 1.07442e+11
