Peptides, PeptideUnique, RateConstants, Correlations, RootMeanRSS, AbsoluteIsotopeError, Charge, m/z(Sequence), NEH, Abundance, NDP, Rsquared,sigma,CI lower band, CI upper band
ATIAGGGVIPHIHK, Yes, 0.02417, 0.978520, 0.019896, 0.089382,  3,   457.60162,  26, 18956352.000000, 7.000000, 0.902732, 0.003126, 0.016521, 0.031818
SAAILEYLTAEVLELAGNASK, Yes, 0.03486, 0.990495, 0.007921, 0.072521,  3,   721.72294,  46, 3051249.500000, 7.000000, 0.978124, 0.001921, 0.030159, 0.039560
VGATAAVYSAAILEYLTAEVLELAGNASK, Yes, 0.03553, 0.972628, 0.013976, 0.055456,  3,   965.84983,  61, 1802639.625000, 7.000000, 0.811734, 0.004269, 0.025081, 0.045972
ATIAGGGVIPH, Yes, 0.02338, 0.991348, 0.008387, 0.040632,  2,   496.77982,  22, 39459036.000000, 7.000000, 0.980258, 0.001066, 0.020773, 0.025988


MeanRateConst/CorrCutOff, 0.029484, 0.900000


MedianRateConst/RMSSCutOff, 0.034859, 0.050000
StandDev/NumberPeptides, 0.003746, 4
TotalIonCurrent, 4.4764e+08
