Peptides, PeptideUnique, RateConstants, Correlations, RootMeanRSS, AbsoluteIsotopeError, Charge, m/z(Sequence), NEH, Abundance, NDP, Rsquared,sigma,CI lower band, CI upper band
LLLPGELAK, Yes, 0.00841, 0.961037, 0.008015, 0.035481,  2,   477.30512,  15, 5197715456.000000, 12.000000, 0.887517, 0.000704, 0.006862, 0.009960
SFVNDIFER, Yes, 0.00812, 0.953958, 0.005999, 0.085782,  2,   563.78001,  15, 115017592.000000, 12.000000, 0.893153, 0.000571, 0.006860, 0.009371
ESYSVYVYK, Yes, 0.00631, 0.970912, 0.003137, 0.046530,  2,   569.27676,  12, 1882224768.000000, 12.000000, 0.911709, 0.000345, 0.005555, 0.007072
QVHPDTGISSK, Yes, 0.00859, 0.991988, 0.003595, 0.043786,  3,   390.20341,  20, 246271984.000000, 12.000000, 0.978715, 0.000284, 0.007962, 0.009213
QVHPDTGISSK, Yes, 0.00972, 0.989925, 0.003975, 0.053144,  2,   584.80148,  20, 65478160.000000, 12.000000, 0.976133, 0.000322, 0.009006, 0.010425
NSFVNDIFER, Yes, 0.00423, 0.969446, 0.003241, 0.018356,  2,   620.80147,  17, 46397820.000000, 12.000000, 0.926388, 0.000275, 0.003627, 0.004836
KESYSVYVYK, Yes, 0.00511, 0.842989, 0.005977, 0.054866,  3,   422.55192,  12, 196653952.000000, 12.000000, 0.557999, 0.000691, 0.003588, 0.006628
KESYSVYVYK, Yes, 0.00515, 0.909085, 0.004719, 0.041020,  2,   633.32424,  12, 368533152.000000, 12.000000, 0.736930, 0.000546, 0.003944, 0.006346
GIMNSFVNDIFER, Yes, 0.01312, 0.941158, 0.009743, 0.199329,  2,   771.37448,  22, 16071211.000000, 12.000000, 0.868051, 0.001069, 0.010763, 0.015468
AMGIMNSFVNDIFER, Yes, 0.00298, 0.777557, 0.020386, 0.124572,  3,   581.94461,  27, 11185301.000000, 12.000000, 0.322171, 0.001857, 0.000000, 2.473521
AMGIMNSFVNDIFER, Yes, 0.00799, 0.979881, 0.005024, 0.019597,  2,   872.41327,  27, 1936511360.000000, 12.000000, 0.933513, 0.000513, 0.006860, 0.009119
AMGImNSFVNDIFER, Yes, 0.00058, 0.337864, 0.003531, 0.062587,  2,   880.41073,  27, 46140980.000000, 12.000000, 0.074882, 0.000304, 0.000000, 2.403053
AmGImNSFVNDIFER, Yes, 0.01638, 0.948035, 0.012143, 0.146616,  2,   888.40819,  27, 39808068.000000, 12.000000, 0.885933, 0.001492, 0.013094, 0.019662
VNDIFER, Yes, 0.00411, 0.958263, 0.003939, 0.038815,  2,   446.72979,  13, 245681776.000000, 12.000000, 0.883547, 0.000326, 0.003394, 0.004827


MeanRateConst/CorrCutOff, 0.006773, 0.900000


MedianRateConst/RMSSCutOff, 0.007989, 0.050000
StandDev/NumberPeptides, 0.000406, 10
TotalIonCurrent, 2.40847e+11
