Peptides, PeptideUnique, RateConstants, Correlations, RootMeanRSS, AbsoluteIsotopeError, Charge, m/z(Sequence), NEH, Abundance, NDP, Rsquared,sigma,CI lower band, CI upper band
GPDSVFLIK, Yes, 0.33344, 0.987441, 0.013347, 0.018802,  2,   488.27912,  12, 107497576.000000, 12.000000, 0.967916, 0.028679, 0.270318, 0.396561
VDGALcLDK, Yes, 0.30531, 0.992699, 0.010422, 0.085777,  2,   495.74987,  13, 52638764.000000, 12.000000, 0.983734, 0.018397, 0.264818, 0.345803
NPITSVDAAFR, Yes, 0.20639, 0.988873, 0.022910, 0.048940,  2,   595.81184,  22, 81650648.000000, 12.000000, 0.942199, 0.019724, 0.162981, 0.249804
FNPVTGEVPPR, Yes, 0.07542, 0.945171, 0.029926, 0.289084,  2,   606.82222,  20, 161649680.000000, 12.000000, 0.853822, 0.008538, 0.056627, 0.094210
GATYAFTGSHYWR, Yes, 0.17108, 0.994752, 0.009318, 0.116326,  3,   506.23711,  22, 38658280.000000, 12.000000, 0.987981, 0.008008, 0.153454, 0.188703
GATYAFTGSHYWR, Yes, 0.12403, 0.974348, 0.020369, 0.199274,  2,   758.85203,  22, 4211103.500000, 12.000000, 0.944929, 0.011836, 0.097982, 0.150083
GEcQSEGVLFFQGNR, Yes, 0.94044, 0.977716, 0.018366, 0.094193,  2,   864.39394,  33, 19868320.000000, 12.000000, 0.946904, 0.124261, 0.666944, 1.213935
SGAQATWTEVSWPHEK, Yes, 0.40716, 0.995824, 0.008783, 0.071420,  3,   605.28831,  34, 40053720.000000, 12.000000, 0.989119, 0.020989, 0.360959, 0.453353
ELGSPPGISLETIDAAFScPGSSR, Yes, 0.57844, 0.925656, 0.042178, 0.310993,  2,  1224.58920,  53, 3495397.000000, 6.000000, 0.305755, 0.183744, 0.106110, 1.050767
DGWHSWPIAHHWPQGPSTVDAAFSWDDK, Yes, 0.25533, 0.909689, 0.017295, 0.181990,  4,   808.36805,  54, 3737818.500000, 5.000000, 0.630326, 0.041538, 0.140006, 0.370663
LFQEEFPGIPYPPDAAVEcHR, Yes, 0.32003, 0.990566, 0.010546, 0.060399,  3,   824.72660,  49, 8397817.000000, 9.000000, 0.978141, 0.023023, 0.266938, 0.373122
WKNPITSVDAAFR, Yes, 0.13648, 0.512312, 0.091858, 0.055810,  3,   502.26841,  23, 31751400.000000, 12.000000, -0.905635, 0.057230, 0.010522, 0.262445


MeanRateConst/CorrCutOff, 0.265264, 0.900000


MedianRateConst/RMSSCutOff, 0.305310, 0.050000
StandDev/NumberPeptides, 0.018055, 6
TotalIonCurrent, 1.66112e+10
