Peptides, PeptideUnique, RateConstants, Correlations, RootMeanRSS, AbsoluteIsotopeError, Charge, m/z(Sequence), NEH, Abundance, NDP, Rsquared,sigma,CI lower band, CI upper band
SNSVEMDWVLK, Yes, 0.14765, 0.894146, 0.037265, 0.224223,  2,   654.31864,  16, 4525168.500000, 11.000000, 0.794941, 0.028947, 0.083157, 0.212151
ATENDIYNFFSPLNPMR, Yes, 0.10151, 0.967762, 0.018860, 0.104827,  2,  1014.97782,  30, 2747671.250000, 11.000000, 0.897204, 0.010241, 0.078691, 0.124329
ATENDIYNFFSPLNPMR, Yes, 0.20315, 0.953644, 0.023463, 0.293520,  3,   676.98764,  30, 1531324.125000, 11.000000, 0.908503, 0.029215, 0.138058, 0.268250
GLPWScSAEEVMR, Yes, 0.09328, 0.977795, 0.018810, 0.093318,  2,   761.34486,  29, 4339219.500000, 11.000000, 0.954343, 0.006895, 0.077920, 0.108645


MeanRateConst/CorrCutOff, 0.132649, 0.900000


MedianRateConst/RMSSCutOff, 0.101510, 0.050000
StandDev/NumberPeptides, 0.010834, 3
TotalIonCurrent, 3.27441e+08
