Peptides, PeptideUnique, RateConstants, Correlations, RootMeanRSS, AbsoluteIsotopeError, Charge, m/z(Sequence), NEH, Abundance, NDP, Rsquared,sigma,CI lower band, CI upper band
VHLVGIDIFTGK, Yes, 0.13288, 0.998737, 0.003890, 0.067725,  3,   433.58709,  13, 143085408.000000, 12.000000, 0.996985, 0.003033, 0.126208, 0.139557
VHLVGIDIFTGK, Yes, 0.14024, 0.996792, 0.006276, 0.054465,  2,   649.87700,  13, 45247040.000000, 12.000000, 0.992135, 0.005222, 0.128748, 0.151734
KYEDIcPSTHNMDVPNIK, Yes, 0.07086, 0.991974, 0.008133, 0.072635,  3,   721.00659,  29, 27101984.000000, 12.000000, 0.981938, 0.003115, 0.064007, 0.077718
NDFQLIGIQDGYLSLLQDSGEVR, Yes, 0.12172, 0.998589, 0.003854, 0.033939,  3,   860.76952,  43, 16047845.000000, 12.000000, 0.996496, 0.002852, 0.115438, 0.127993
NDFQLIGIQDGYLSLLQDSGEVR, Yes, 0.12016, 0.996467, 0.005848, 0.070050,  2,  1290.65065,  43, 2922301.750000, 12.000000, 0.992165, 0.004262, 0.110784, 0.129544
RNDFQLIGIQDGYLSLLQDSGEVR, Yes, 0.03583, 0.976239, 0.011544, 0.063710,  3,   912.80323,  47, 24939838.000000, 12.000000, 0.936664, 0.002732, 0.029816, 0.041842
LPEGDLGK, Yes, 0.13983, 0.996742, 0.010094, 0.108028,  2,   414.72671,  14, 44152776.000000, 12.000000, 0.989609, 0.005802, 0.127058, 0.152600
IVEMSTSK, Yes, 0.01730, 0.925936, 0.018468, 0.489865,  2,   447.73368,  12, 2590784000.000000, 12.000000, 0.727183, 0.002224, 0.012407, 0.022197


MeanRateConst/CorrCutOff, 0.130966, 0.900000


MedianRateConst/RMSSCutOff, 0.132883, 0.050000
StandDev/NumberPeptides, 0.003910, 5
TotalIonCurrent, 1.73506e+10
