Peptides, PeptideUnique, RateConstants, Correlations, RootMeanRSS, AbsoluteIsotopeError, Charge, m/z(Sequence), NEH, Abundance, NDP, Rsquared,sigma,CI lower band, CI upper band
TLPQAEALDK, Yes, 0.05208, 0.991668, 0.016201, 0.133325,  2,   543.29548,  22, 33657132.000000, 12.000000, 0.961069, 0.002761, 0.046001, 0.058154
VYNIEFNPPK, Yes, 0.02086, 0.951326, 0.011329, 0.061726,  2,   610.81913,  15, 65385844.000000, 12.000000, 0.890906, 0.001539, 0.017469, 0.024245
QNMLQGTEIGVLAK, Yes, 0.02092, 0.990081, 0.007576, 0.187002,  2,   751.40577,  26, 63720532.000000, 12.000000, 0.970962, 0.000860, 0.019029, 0.022816
KGVLETFSGTETNK, Yes, 0.00000, -2.000000, 0.000814, 0.726757,  3,   504.26310,  19, 119695968.000000, 12.000000, -887.325317, 0.000067, 0.000000, 5.591898
TVGIDDLTGEPLIQR, Yes, 0.03187, 0.996505, 0.005957, 0.124919,  2,   813.93850,  25, 40642296.000000, 12.000000, 0.989580, 0.000889, 0.029917, 0.033829
TLTQcSWLLDGFPR, Yes, 0.02476, 0.967353, 0.010657, 0.087594,  2,   847.42197,  20, 46420268.000000, 12.000000, 0.931817, 0.001700, 0.021020, 0.028505
AYEAQTEPVLQYYQK, Yes, 0.00002, -2.000000, 0.001292, 0.084010,  2,   915.94905,  33, 25192042.000000, 9.000000, -11.270539, 0.000174, 0.000000, 2.434008
AYEAQTEPVLQYYQK, Yes, 0.00000, -2.000000, 0.008545, 0.226081,  3,   610.96846,  33, 9818134.000000, 11.000000, -0.220073, 0.000728, 0.000000, 2.930336
VYQIDTVINLNVPFEVIK, Yes, 0.02952, 0.974469, 0.009945, 0.080969,  2,  1052.58807,  23, 7397757.500000, 12.000000, 0.939062, 0.002091, 0.024922, 0.034127
VYQIDTVINLNVPFEVIK, Yes, 0.03389, 0.957030, 0.011466, 0.061715,  3,   702.06114,  23, 5208430.500000, 12.000000, 0.915013, 0.002626, 0.028110, 0.039670
GVLETFSGTETNK, Yes, 0.67342, 0.955095, 0.026376, 0.488631,  2,   691.84354,  19, 28960478.000000, 12.000000, 0.865066, 0.121265, 0.406515, 0.940317


MeanRateConst/CorrCutOff, 0.026972, 0.900000


MedianRateConst/RMSSCutOff, 0.029524, 0.050000
StandDev/NumberPeptides, 0.001368, 6
TotalIonCurrent, 9.99707e+09
