Peptides, PeptideUnique, RateConstants, Correlations, RootMeanRSS, AbsoluteIsotopeError, Charge, m/z(Sequence), NEH, Abundance, NDP, Rsquared,sigma,CI lower band, CI upper band
GLSAIPVSTFYSQPH, Yes, 0.07812, 0.943924, 0.040625, 0.071768,  2,   802.40938,  29, 3859215.750000, 12.000000, 0.847448, 0.012531, 0.050538, 0.105701
EQQHFGQPSSYFLQLPQAMGLNR, Yes, 0.00281, -2.000000, 0.000001, 0.686123,  3,   892.77109,  54, 384401.656250, 1.000000, 0.000000, inf, 0.002808, 0.002808
GQLGSSNDWQLDPTELASK, Yes, 0.04407, 0.964647, 0.018283, 0.260519,  2,  1023.49235,  38, 1920837.000000, 10.000000, 0.911717, 0.004377, 0.034167, 0.053969
PVFVSLR, Yes, 0.01053, 0.959243, 0.007649, 0.113408,  2,   409.25017,  10, 9149593.000000, 12.000000, 0.891502, 0.000880, 0.008593, 0.012467
ILVLNTPNNPLGK, Yes, 0.03493, 0.960000, 0.015023, 0.147488,  2,   696.91409,  17, 17464258.000000, 12.000000, 0.921397, 0.002695, 0.029003, 0.040865


MeanRateConst/CorrCutOff, 0.029844, 0.900000


MedianRateConst/RMSSCutOff, 0.034934, 0.050000
StandDev/NumberPeptides, 0.001728, 3
TotalIonCurrent, 4.37646e+08
