Peptides, PeptideUnique, RateConstants, Correlations, RootMeanRSS, AbsoluteIsotopeError, Charge, m/z(Sequence), NEH, Abundance, NDP, Rsquared,sigma,CI lower band, CI upper band
ALINPANVTFK, Yes, 0.01177, 0.941343, 0.010971, 0.250545,  2,   594.34277,  17, 1272412288.000000, 12.000000, 0.865586, 0.001092, 0.009364, 0.014171
ASFSQGPINSANR, Yes, 0.03768, 0.998297, 0.005008, 0.046654,  2,   674.83383,  32, 49832144.000000, 12.000000, 0.996281, 0.000625, 0.036305, 0.039057
LAGVTALScWLPLR, Yes, 0.02102, 0.975463, 0.012071, 0.141099,  2,   778.93451,  23, 44548628.000000, 12.000000, 0.931973, 0.001536, 0.017638, 0.024397
YIcPHAPVMPVTLN, Yes, 0.12031, 0.421241, 0.087804, 0.615251,  2,   806.40473,  22, 4956336.500000, 12.000000, -0.263136, 0.053975, 0.001510, 0.239105
IILGGFSQGGALSLYTALTTQQK, Yes, 0.03899, 0.986557, 0.009092, 0.093235,  3,   789.76880,  39, 4090245.250000, 12.000000, 0.967459, 0.002035, 0.034508, 0.043465
ATAAVIFLHGLGDTGHGWAEAFAGIK, Yes, 0.03459, 0.970250, 0.010311, 0.190650,  3,   870.78696,  51, 2814598.250000, 12.000000, 0.935066, 0.002329, 0.029469, 0.039721
ATAAVIFLHGLGDTGHGWAEAFAGIK, Yes, 0.05038, 0.994115, 0.006843, 0.087286,  4,   653.34204,  51, 9259217.000000, 12.000000, 0.977185, 0.002060, 0.045846, 0.054914
DISVLQcHGDcDPLVPLMFGSLTVER, Yes, 0.03514, 0.992418, 0.005683, 0.058966,  3,   986.81013,  44, 6062437.500000, 12.000000, 0.967853, 0.001600, 0.031622, 0.038666
IYEGMMHSScQQEMMDVK, Yes, 0.02543, 0.968790, 0.009578, 0.122699,  3,   735.30315,  36, 13749655.000000, 12.000000, 0.931528, 0.001678, 0.021735, 0.029120


MeanRateConst/CorrCutOff, 0.032142, 0.900000


MedianRateConst/RMSSCutOff, 0.035144, 0.050000
StandDev/NumberPeptides, 0.001366, 6
TotalIonCurrent, 2.84408e+10
