Peptides, PeptideUnique, RateConstants, Correlations, RootMeanRSS, AbsoluteIsotopeError, Charge, m/z(Sequence), NEH, Abundance, NDP, Rsquared,sigma,CI lower band, CI upper band
LSLLEELTLAENQLLR, Yes, 0.09702, 0.982852, 0.015449, 0.071857,  3,   619.02267,  32, 5110762.000000, 11.000000, 0.957954, 0.006634, 0.082237, 0.111801
LSLLEELTLAENQLLR, Yes, 0.14336, 0.979082, 0.017779, 0.155012,  2,   928.03036,  32, 3186300.750000, 11.000000, 0.956149, 0.011984, 0.116655, 0.170061
HPNSFIcLK, Yes, 0.20775, 0.730814, 0.060651, 0.471080,  2,   558.28695,  14, 12517142.000000, 11.000000, -0.283196, 0.069645, 0.052571, 0.362929
ESAYLYAR, Yes, 0.14723, 0.985240, 0.023469, 0.047662,  2,   486.74288,  19, 11020814.000000, 11.000000, 0.947921, 0.013028, 0.118202, 0.176259
SISSLTDDTFcK, Yes, 0.24225, 0.810744, 0.070837, 0.511156,  2,   687.31630,  16, 1238095.250000, 5.000000, -0.287715, 0.174252, 0.000000, 1.750425
LDFTGNLIEDIEDGTFSK, Yes, 0.02459, 0.843454, 0.020131, 0.211272,  2,  1007.48621,  26, 4134746.500000, 11.000000, 0.705069, 0.003703, 0.016339, 0.032842


MeanRateConst/CorrCutOff, 0.129202, 0.900000


MedianRateConst/RMSSCutOff, 0.143358, 0.050000
StandDev/NumberPeptides, 0.009648, 3
TotalIonCurrent, 7.15891e+08
