Peptides, PeptideUnique, RateConstants, Correlations, RootMeanRSS, AbsoluteIsotopeError, Charge, m/z(Sequence), NEH, Abundance, NDP, Rsquared,sigma,CI lower band, CI upper band
GNSLFFR, Yes, 0.01202, 0.942484, 0.009547, 0.085796,  2,   420.72177,  11, 143684880.000000, 12.000000, 0.876974, 0.001060, 0.009689, 0.014355
EYSSSFDR, Yes, 0.01857, 0.985950, 0.007353, 0.070303,  2,   495.71179,  17, 61637040.000000, 12.000000, 0.972028, 0.000726, 0.016973, 0.020169
LcSGVLGTVVHGK, Yes, 0.02928, 0.975212, 0.014286, 0.046965,  3,   442.91147,  16, 79394088.000000, 12.000000, 0.932965, 0.002274, 0.024276, 0.034286
ALDSGVSTMNEMK, Yes, 0.01289, 0.678239, 0.054663, 0.114432,  2,   691.81814,  23, 1825781.250000, 11.000000, 0.337642, 0.005556, 0.000511, 0.025272
VLIQVGYEPLPPTIGR, Yes, 0.02231, 0.994382, 0.004623, 0.104597,  2,   876.50635,  28, 45027572.000000, 12.000000, 0.987758, 0.000613, 0.020960, 0.023658
SAATLITHPFHVITLR, Yes, 0.02037, 0.979118, 0.007723, 0.049264,  4,   445.00844,  27, 62567100.000000, 12.000000, 0.953130, 0.001009, 0.018149, 0.022591
VLQYYQESEKPEELGSVTVQK, Yes, 0.02901, 0.977799, 0.010436, 0.099369,  3,   818.75146,  42, 57296160.000000, 12.000000, 0.939970, 0.001934, 0.024750, 0.033264
TYcYDLR, Yes, 0.00955, 0.750250, 0.015617, 0.115638,  2,   495.72111,  8, 22102684.000000, 12.000000, 0.528845, 0.002283, 0.004529, 0.014577
LcSGVLGTVVHGK, Yes, 0.03935, 0.719848, 0.055583, 0.134178,  2,   663.86357,  16, 2609703.500000, 10.000000, 0.437444, 0.008350, 0.020457, 0.058234
EEGIVGFFAGLIPR, Yes, 0.00865, 0.818556, 0.012535, 0.077584,  2,   752.91156,  27, 46326912.000000, 12.000000, 0.495397, 0.001090, 0.006252, 0.011049


MeanRateConst/CorrCutOff, 0.023908, 0.900000


MedianRateConst/RMSSCutOff, 0.022309, 0.050000
StandDev/NumberPeptides, 0.001009, 5
TotalIonCurrent, 1.34792e+10
