Peptides, PeptideUnique, RateConstants, Correlations, RootMeanRSS, AbsoluteIsotopeError, Charge, m/z(Sequence), NEH, Abundance, NDP, Rsquared,sigma,CI lower band, CI upper band
YNADYDLSAR, Yes, 0.01487, 0.725255, 0.085966, 0.162375,  2,   594.26999,  21, 2762438.500000, 10.000000, 0.240715, 0.009985, 0.000000, 2.198942
QTPAAPETEEEPYR, Yes, 0.01678, 0.816309, 0.035715, 0.174232,  2,   809.37317,  39, 681044.000000, 8.000000, 0.327679, 0.005465, 0.003859, 0.029704
QGADTLAFMSLLEEK, Yes, 0.00658, 0.495870, 0.018850, 0.197647,  2,   826.91363,  30, 3406948.750000, 12.000000, 0.083471, 0.001605, 0.003047, 0.010114
TSNPWQSPSGTLPALR, Yes, 0.00476, 0.849534, 0.008837, 0.341090,  2,   856.44174,  32, 224656192.000000, 12.000000, 0.711867, 0.000702, 0.003219, 0.006307


MeanRateConst/CorrCutOff, 0.010748, 0.900000


MedianRateConst/RMSSCutOff, 0.014869, 0.050000
StandDev/NumberPeptides, 0.001671, 0
TotalIonCurrent, 5.44392e+09
