Peptides, PeptideUnique, RateConstants, Correlations, RootMeanRSS, AbsoluteIsotopeError, Charge, m/z(Sequence), NEH, Abundance, NDP, Rsquared,sigma,CI lower band, CI upper band
QLLILQLLEK, Yes, 2.02304, 0.994267, 0.008791, 0.190385,  2,   605.89209,  16, 8500232.000000, 11.000000, 0.985922, 0.265002, 1.432579, 2.613500
EVLLEETNSFLK, Yes, 14.50356, 0.969597, 0.041665, 0.320480,  2,   711.37974,  19, 5266267.500000, 11.000000, -0.058554, 338028.281250, 13.625488, 15.381630
ISFLEGENNELQSR, Yes, 0.65151, 0.750279, 0.078576, 0.336451,  2,   818.40227,  32, 1856197.375000, 10.000000, 0.483171, 0.304688, 0.000000, 1.664449
LPQGVVYGVVR, Yes, 0.21754, 0.908915, 0.039082, 0.088423,  2,   593.85078,  17, 10280305.000000, 11.000000, 0.700500, 0.043455, 0.120717, 0.314363


MeanRateConst/CorrCutOff, 1.120289, 0.900000


MedianRateConst/RMSSCutOff, 2.023039, 0.050000
StandDev/NumberPeptides, 0.074666, 2
TotalIonCurrent, 5.05124e+08
