Peptides, PeptideUnique, RateConstants, Correlations, RootMeanRSS, AbsoluteIsotopeError, Charge, m/z(Sequence), NEH, Abundance, NDP, Rsquared,sigma,CI lower band, CI upper band
FWDNFLR, Yes, 5.36614, 0.101503, 0.053967, 0.994099,  2,   499.24815,  8, 557789824.000000, 10.000000, -44.347496, 71.869720, 0.000000, 11.509632
IFPGDTILETGEVIPPMR, Yes, 0.02469, 0.996734, 0.004305, 0.042535,  3,   662.35193,  31, 161492688.000000, 12.000000, 0.988955, 0.000667, 0.023217, 0.026154
IFPGDTILETGEVIPPMR, Yes, 0.02593, 0.998125, 0.003660, 0.022491,  2,   993.02425,  31, 152215472.000000, 12.000000, 0.991037, 0.000582, 0.024653, 0.027215
EPVLPPR, Yes, 0.02531, 0.979494, 0.011442, 0.032802,  2,   404.23979,  16, 523247232.000000, 12.000000, 0.957746, 0.001255, 0.022550, 0.028076
YHMATKPYTIVSSK, Yes, 0.00612, 0.646979, 0.004409, 0.309200,  3,   542.61671,  19, 1965651.125000, 7.000000, -0.514744, 0.000624, 0.004599, 0.007650


MeanRateConst/CorrCutOff, 0.025311, 0.900000


MedianRateConst/RMSSCutOff, 0.025313, 0.050000
StandDev/NumberPeptides, 0.000747, 3
TotalIonCurrent, 3.16093e+11
