Peptides, PeptideUnique, RateConstants, Correlations, RootMeanRSS, AbsoluteIsotopeError, Charge, m/z(Sequence), NEH, Abundance, NDP, Rsquared,sigma,CI lower band, CI upper band
IEGTPLETVQK, Yes, 0.02520, 0.994438, 0.006525, 0.055767,  2,   607.83498,  19, 537046208.000000, 12.000000, 0.985269, 0.000792, 0.023454, 0.026942
YMGGFAGNITFPSVILK, Yes, 0.02483, 0.991158, 0.005770, 0.022851,  2,   907.97912,  23, 55493380.000000, 12.000000, 0.977237, 0.000976, 0.022678, 0.026973
YmGGFAGNITFPSVILK, Yes, 0.00000, -2.000000, 0.002429, 0.239468,  2,   915.97658,  23, 6667184.500000, 12.000000, -0.442989, 0.000238, 0.000000, 3.101428
AGNITFPSVILK, Yes, 0.01265, 0.945989, 0.010471, 0.135311,  2,   630.37153,  17, 16952342.000000, 12.000000, 0.876974, 0.001115, 0.010196, 0.015106


MeanRateConst/CorrCutOff, 0.020892, 0.900000


MedianRateConst/RMSSCutOff, 0.024826, 0.050000
StandDev/NumberPeptides, 0.000942, 3
TotalIonCurrent, 1.60892e+10
