Peptides, PeptideUnique, RateConstants, Correlations, RootMeanRSS, AbsoluteIsotopeError, Charge, m/z(Sequence), NEH, Abundance, NDP, Rsquared,sigma,CI lower band, CI upper band
EDAIAFAEK, Yes, 0.06737, 0.977162, 0.036203, 0.179024,  2,   497.24800,  23, 394820352.000000, 12.000000, 0.809981, 0.007343, 0.051207, 0.083531
LDITTLTGVPEEHIK, Yes, 0.03902, 0.996275, 0.004886, 0.038689,  3,   555.97344,  22, 504019168.000000, 12.000000, 0.991920, 0.000934, 0.036967, 0.041080
LDITTLTGVPEEHIK, Yes, 0.03222, 0.991770, 0.007143, 0.078621,  2,   833.45653,  22, 35790300.000000, 12.000000, 0.980291, 0.001199, 0.029576, 0.034856
WENPLMGWASTADPLSNMVLTFSAK, Yes, 0.02908, 0.994973, 0.003735, 0.061923,  2,  1383.66692,  42, 5929370.000000, 12.000000, 0.985677, 0.000915, 0.027062, 0.031092
WENPLMGWASTADPLSNMVLTFSAK, Yes, 0.02373, 0.989119, 0.004460, 0.039004,  3,   922.78037,  42, 34673900.000000, 12.000000, 0.974206, 0.000981, 0.021567, 0.025884
ERWENPLMGWASTADPLSNMVLTFSAK, Yes, 0.02772, 0.964825, 0.007434, 0.107489,  3,  1017.82827,  50, 2601594.750000, 12.000000, 0.927229, 0.001947, 0.023435, 0.032006
NGWSYDVEEK, Yes, 0.02205, 0.991211, 0.008948, 0.089566,  2,   613.76983,  17, 212662208.000000, 12.000000, 0.966751, 0.001105, 0.019620, 0.024485
MVLTFSAK, Yes, 0.03021, 0.795741, 0.051118, 0.135956,  2,   448.74914,  9, 3389037.500000, 10.000000, 0.321985, 0.009071, 0.009688, 0.050728
DTQLITVDEK, Yes, 14.98483, 0.931531, 0.027505, 1.204318,  2,   581.30352,  14, 1188820224.000000, 12.000000, 0.866623, 367154.000000, 13.422284, 16.547377
SYGANFSWNK, Yes, 0.01875, 0.974742, 0.011246, 0.076749,  2,   587.26980,  16, 457867648.000000, 12.000000, 0.931538, 0.001340, 0.015800, 0.021699
WENPLMGWASTADPLSNMVLTF, Yes, 0.02826, 0.995331, 0.003246, 0.073107,  2,  1240.58487,  35, 14254679.000000, 12.000000, 0.989551, 0.000716, 0.026684, 0.029837


MeanRateConst/CorrCutOff, 0.025972, 0.900000


MedianRateConst/RMSSCutOff, 0.027721, 0.050000
StandDev/NumberPeptides, 0.001076, 7
TotalIonCurrent, 5.53327e+10
