Peptides, PeptideUnique, RateConstants, Correlations, RootMeanRSS, AbsoluteIsotopeError, Charge, m/z(Sequence), NEH, Abundance, NDP, Rsquared,sigma,CI lower band, CI upper band
YDIDMTK, Yes, 0.03145, 0.986921, 0.006604, 0.079320,  2,   443.20475,  7, 448233248.000000, 12.000000, 0.958921, 0.001646, 0.027827, 0.035071
FRGEHALR, Yes, 0.01267, 0.956689, 0.014046, 0.059348,  2,   493.26994,  20, 9209759.000000, 12.000000, 0.882155, 0.001121, 0.010207, 0.015141
ILMWTELIR, Yes, 0.02724, 0.992599, 0.005619, 0.052076,  2,   587.83626,  11, 693720896.000000, 12.000000, 0.975865, 0.001103, 0.024811, 0.029666
ILmWTELIR, Yes, 0.02045, 0.977496, 0.009210, 0.071212,  2,   595.83372,  11, 124866072.000000, 12.000000, 0.928965, 0.001572, 0.016994, 0.023913
GLGmTLSYLFR, Yes, 0.00184, -0.440685, 0.009033, 0.191792,  2,   637.33410,  14, 83530520.000000, 12.000000, -0.818465, 0.000891, 0.000000, 2.771532
EPATINYPFEK, Yes, 0.04220, 0.992207, 0.009932, 0.028212,  2,   654.82715,  21, 552409856.000000, 12.000000, 0.976847, 0.001724, 0.038408, 0.045999
LcEAIcPAQAITIEAEPR, Yes, 0.01910, 0.984304, 0.009619, 0.059159,  3,   681.33968,  47, 63254852.000000, 12.000000, 0.951277, 0.001103, 0.016675, 0.021529
LcEAIcPAQAITIEAEPR, Yes, 0.02739, 0.784961, 0.042543, 0.137875,  2,  1021.50588,  47, 80416624.000000, 12.000000, -0.381906, 0.005788, 0.014648, 0.040128
LLNNGDKWEAEIAANIQADYLYR, Yes, 0.03689, 0.620698, 0.040094, 0.049337,  3,   894.11701,  48, 48252540.000000, 12.000000, 0.291782, 0.009610, 0.015739, 0.058042
GLGMTLSYLFR, Yes, 0.02101, 0.989374, 0.004818, 0.051422,  2,   629.33664,  14, 112319424.000000, 12.000000, 0.978783, 0.000726, 0.019406, 0.022604


MeanRateConst/CorrCutOff, 0.021950, 0.900000


MedianRateConst/RMSSCutOff, 0.020453, 0.050000
StandDev/NumberPeptides, 0.001045, 4
TotalIonCurrent, 6.28327e+10
