Peptides, PeptideUnique, RateConstants, Correlations, RootMeanRSS, AbsoluteIsotopeError, Charge, m/z(Sequence), NEH, Abundance, NDP, Rsquared,sigma,CI lower band, CI upper band
ITHTGQVYDEK, Yes, 0.06121, 0.997051, 0.006497, 0.036092,  2,   645.81987,  17, 37472588.000000, 12.000000, 0.992775, 0.001696, 0.057477, 0.064943
ITHTGQVYDEK, Yes, 0.05936, 0.996019, 0.008316, 0.055426,  3,   430.88234,  17, 146899760.000000, 12.000000, 0.988488, 0.002108, 0.054721, 0.063999
TGTcGYcGLQFK, Yes, 0.03998, 0.995567, 0.015697, 0.011464,  2,   696.30777,  15, 396535904.000000, 12.000000, 0.931764, 0.003349, 0.032614, 0.047356
IIAcDGGGGALGHPK, Yes, 0.04658, 0.999396, 0.002903, 0.015334,  2,   711.86155,  30, 55319804.000000, 12.000000, 0.998768, 0.000468, 0.045549, 0.047611
IIAcDGGGGALGHPK, Yes, 0.04604, 0.998595, 0.004823, 0.013113,  3,   474.91012,  30, 395133344.000000, 12.000000, 0.996614, 0.000771, 0.044347, 0.047740
EVNENFAIDLIAQQPVNEVEHR, Yes, 0.00001, -2.000000, 0.004383, 0.072448,  3,   855.42949,  52, 218834224.000000, 12.000000, -0.585071, 0.000426, 0.000000, 2.440126
EVNENFAIDLIAQQPVNEVEHR, Yes, 0.03405, 0.928727, 0.019291, 0.418107,  4,   641.82394,  52, 3918202.750000, 12.000000, 0.832733, 0.003889, 0.025489, 0.042608
QKEVNENFAIDLIAQQPVNEVEHR, Yes, 0.04536, 0.993376, 0.005366, 0.046177,  4,   705.86232,  57, 37220300.000000, 12.000000, 0.986224, 0.001510, 0.042033, 0.048678
QKEVNENFAIDLIAQQPVNEVEHR, Yes, 0.06194, 0.957253, 0.016596, 0.277045,  3,   940.81400,  57, 2342250.500000, 9.000000, 0.702643, 0.011348, 0.035770, 0.088107
VYINLDKETK, Yes, 0.07164, 0.981997, 0.013129, 0.065896,  3,   408.22744,  11, 56652844.000000, 12.000000, 0.935247, 0.005346, 0.059872, 0.083406


MeanRateConst/CorrCutOff, 0.049315, 0.900000


MedianRateConst/RMSSCutOff, 0.046580, 0.050000
StandDev/NumberPeptides, 0.001371, 8
TotalIonCurrent, 4.43882e+10
