Peptides, PeptideUnique, RateConstants, Correlations, RootMeanRSS, AbsoluteIsotopeError, Charge, m/z(Sequence), NEH, Abundance, NDP, Rsquared,sigma,CI lower band, CI upper band
VGLAIcYDMR, Yes, 0.02766, 0.334137, 0.057563, 0.275238,  2,   599.29137,  16, 7073421.500000, 10.000000, -1.072253, 0.008481, 0.008477, 0.046846
IDLHFLQQMR, Yes, 0.04406, 0.970050, 0.016691, 0.148973,  3,   434.23253,  19, 10542365.000000, 10.000000, 0.920383, 0.003010, 0.037252, 0.050869
EcGIWLSLGGFHER, Yes, 0.03229, 0.976825, 0.016096, 0.121005,  3,   554.26820,  27, 7036380.000000, 10.000000, 0.911437, 0.002400, 0.026865, 0.037721
LGAcLAFLPEAFDFIAR, Yes, 0.03037, 0.984747, 0.017376, 0.149776,  2,   955.99529,  35, 3204793.750000, 10.000000, 0.876700, 0.002698, 0.024270, 0.036477
LAQAGAEILTYPSAFGSVTGPAHWEVLLR, Yes, 0.03560, 0.899783, 0.016100, 0.143507,  3,  1018.87309,  60, 2778578.500000, 10.000000, 0.780542, 0.004390, 0.025674, 0.045533
ASYGHSMVVDPWGTVVAR, Yes, 0.09939, -2.000000, 0.000000, 0.566311,  3,   644.65261,  32, 146693.750000, 1.000000, 0.000000, inf, 0.099388, 0.099388


MeanRateConst/CorrCutOff, 0.035576, 0.900000


MedianRateConst/RMSSCutOff, 0.032293, 0.050000
StandDev/NumberPeptides, 0.002679, 3
TotalIonCurrent, 6.97927e+08
