Peptides, PeptideUnique, RateConstants, Correlations, RootMeanRSS, AbsoluteIsotopeError, Charge, m/z(Sequence), NEH, Abundance, NDP, Rsquared,sigma,CI lower band, CI upper band
GEAAcQELLR, Yes, 0.03713, 0.970455, 0.024190, 0.043383,  2,   573.78222,  28, 22559868.000000, 11.000000, 0.917497, 0.003148, 0.030119, 0.044146
MPDPAWDWQHVGPGYR, Yes, 0.08693, 0.995995, 0.006486, 0.097268,  3,   637.95803,  32, 20132014.000000, 11.000000, 0.991388, 0.002773, 0.080751, 0.093110
LVETLQADSGLLLDALVAR, Yes, 0.11373, 0.998612, 0.004905, 0.064196,  3,   666.38076,  36, 7412606.500000, 11.000000, 0.996334, 0.002599, 0.107934, 0.119517
LVETLQADSGLLLDALVAR, Yes, 0.10685, 0.994038, 0.008872, 0.148553,  2,   999.06750,  36, 2060750.000000, 11.000000, 0.988039, 0.004379, 0.097091, 0.116607
SYDPScPGHWTPEAPSSGTTcPELPR, Yes, 0.07185, 0.933043, 0.014901, 0.195882,  3,   962.75345,  55, 5363182.000000, 8.000000, 0.865864, 0.007206, 0.054813, 0.088894


MeanRateConst/CorrCutOff, 0.094839, 0.900000


MedianRateConst/RMSSCutOff, 0.086930, 0.050000
StandDev/NumberPeptides, 0.003596, 4
TotalIonCurrent, 1.91365e+09
