Peptides, PeptideUnique, RateConstants, Correlations, RootMeanRSS, AbsoluteIsotopeError, Charge, m/z(Sequence), NEH, Abundance, NDP, Rsquared,sigma,CI lower band, CI upper band
FNTPQQPK, Yes, 22.17606, 0.051309, 0.124058, 0.487251,  2,   480.25089,  16, 15202390.000000, 11.000000, -0.880099, 2109265024.000000, 19.792593, 24.559519
IGIVGLPNVGK, Yes, 0.04213, 0.971903, 0.016164, 0.083996,  2,   533.83459,  14, 27600296.000000, 11.000000, 0.930852, 0.003444, 0.034461, 0.049807
IPAFLNVVDIAGLVK, Yes, 0.03804, 0.938165, 0.017113, 0.136323,  3,   523.65186,  22, 3240067.000000, 11.000000, 0.855617, 0.003532, 0.030172, 0.045912
IPAFLNVVDIAGLVK, Yes, 0.05772, 0.996697, 0.006947, 0.095259,  2,   784.97416,  22, 21781608.000000, 11.000000, 0.988747, 0.001939, 0.053398, 0.062039
NYIVEDGDIIFFK, Yes, 0.06873, 0.978746, 0.012554, 0.117977,  2,   786.90085,  16, 12828627.000000, 11.000000, 0.954948, 0.004971, 0.057652, 0.079804
AGFAALQLEYFFTAGPDEVR, Yes, 0.00000, -2.000000, 0.009204, 0.129519,  3,   734.70038,  43, 3716768.250000, 11.000000, -0.206745, 0.001039, 0.000000, 2.832399
AGFAALQLEYFFTAGPDEVR, Yes, 0.00000, -2.000000, 0.001148, 0.127556,  2,  1101.54693,  43, 1638698.875000, 11.000000, -3015.489258, 0.000130, 0.000000, 3.074732


MeanRateConst/CorrCutOff, 0.051656, 0.900000


MedianRateConst/RMSSCutOff, 0.057719, 0.050000
StandDev/NumberPeptides, 0.003100, 4
TotalIonCurrent, 1.78059e+09
