Peptides, PeptideUnique, RateConstants, Correlations, RootMeanRSS, AbsoluteIsotopeError, Charge, m/z(Sequence), NEH, Abundance, NDP, Rsquared,sigma,CI lower band, CI upper band
DNLSYIEHIFEISR, Yes, 0.06390, 0.937071, 0.024681, 0.197867,  3,   579.29316,  27, 2159604.250000, 8.000000, 0.846328, 0.007978, 0.045038, 0.082768
LDKDNLSYIEHIFEISR, Yes, 0.08609, 0.939437, 0.028240, 0.173207,  4,   523.77318,  30, 4336836.500000, 9.000000, 0.833963, 0.011509, 0.059545, 0.112626
SEEITTGSAWFSFLESHNK, Yes, 0.19127, 0.988439, 0.013454, 0.084964,  3,   724.00776,  36, 9019133.000000, 9.000000, 0.970277, 0.012984, 0.161325, 0.221206


MeanRateConst/CorrCutOff, 0.113751, 0.900000


MedianRateConst/RMSSCutOff, 0.086086, 0.050000
StandDev/NumberPeptides, 0.010372, 2
TotalIonCurrent, 5.91681e+08
