Peptides, PeptideUnique, RateConstants, Correlations, RootMeanRSS, AbsoluteIsotopeError, Charge, m/z(Sequence), NEH, Abundance, NDP, Rsquared,sigma,CI lower band, CI upper band
NEALAALLR, Yes, 0.06124, 0.973006, 0.027908, 0.056785,  2,   485.78762,  23, 7317499.500000, 11.000000, 0.921465, 0.004368, 0.051509, 0.070973
MINLSVPDTIDER, Yes, 0.08243, 0.958962, 0.056426, 0.337364,  2,   751.87959,  22, 3130837.000000, 8.000000, 0.793657, 0.023287, 0.027365, 0.137497
ANDDIIVNWVNR, Yes, 0.43772, 0.992334, 0.012317, 0.110554,  2,   714.86513,  20, 11428070.000000, 11.000000, 0.981520, 0.033068, 0.364042, 0.511404
IGLFADIELSR, Yes, 0.12728, 0.886270, 0.122378, 0.135718,  2,   617.34551,  21, 1348396.250000, 7.000000, 0.600004, 0.084539, 0.000000, 3.118860
ISFNEFVYIFQEVK, Yes, 0.11128, 0.974931, 0.019487, 0.085686,  2,   881.95616,  21, 5349362.500000, 11.000000, 0.935501, 0.014124, 0.079806, 0.142746


MeanRateConst/CorrCutOff, 0.203413, 0.900000


MedianRateConst/RMSSCutOff, 0.111276, 0.050000
StandDev/NumberPeptides, 0.008494, 3
TotalIonCurrent, 3.9467e+08
