Peptides, PeptideUnique, RateConstants, Correlations, RootMeanRSS, AbsoluteIsotopeError, Charge, m/z(Sequence), NEH, Abundance, NDP, Rsquared,sigma,CI lower band, CI upper band
IIMEAIQQASVAK, Yes, 0.01471, 0.755221, 0.084929, 0.177454,  2,   701.39213,  31, 1923881.375000, 8.000000, 0.214729, 0.011228, 0.000000, 2.207229
ASPSQFMPLVVDYR, Yes, 0.03532, 0.798098, 0.038284, 0.289074,  2,   805.40578,  27, 7352058.500000, 10.000000, 0.628420, 0.005845, 0.022095, 0.048539
EMSSSTLNLVVAGAPK, Yes, 0.03333, 0.973713, 0.012376, 0.268474,  2,   802.42162,  30, 7766659.000000, 10.000000, 0.943244, 0.001666, 0.029557, 0.037093
IGMIDGEcVVNPTR, Yes, 0.05525, 0.995035, 0.005874, 0.111497,  2,   780.87908,  23, 75438960.000000, 10.000000, 0.990029, 0.001189, 0.052562, 0.057942


MeanRateConst/CorrCutOff, 0.044289, 0.900000


MedianRateConst/RMSSCutOff, 0.055252, 0.050000
StandDev/NumberPeptides, 0.001388, 2
TotalIonCurrent, 1.44787e+09
