Peptides, PeptideUnique, RateConstants, Correlations, RootMeanRSS, AbsoluteIsotopeError, Charge, m/z(Sequence), NEH, Abundance, NDP, Rsquared,sigma,CI lower band, CI upper band
YENNVMNIR, Yes, 0.02228, 0.689597, 0.034484, 0.212791,  2,   576.77693,  16, 3149957.750000, 8.000000, 0.378867, 0.003470, 0.014074, 0.030487
LFEVGGSPANTR, Yes, 0.01408, 0.327397, 0.052038, 0.293558,  2,   624.32258,  24, 17239280.000000, 10.000000, -0.374971, 0.004024, 0.004979, 0.023184
EGAAILR, Yes, 8.32704, 0.008805, 0.286078, 1.430789,  2,   365.21631,  19, 4542900.500000, 11.000000, -44.923279, 6247458.500000, 6.576000, 10.078083
SAPNYLDVYNNK, Yes, 4.93054, 0.998759, 0.011448, 1.325128,  2,   699.33841,  19, 5726021.500000, 11.000000, 0.978706, 6.338483, 3.293484, 6.567589


MeanRateConst/CorrCutOff, 3.323485, 0.900000


MedianRateConst/RMSSCutOff, 4.930536, 0.050000
StandDev/NumberPeptides, 0.007451, 0
TotalIonCurrent, 1.19801e+09
