Peptides, PeptideUnique, RateConstants, Correlations, RootMeanRSS, AbsoluteIsotopeError, Charge, m/z(Sequence), NEH, Abundance, NDP, Rsquared,sigma,CI lower band, CI upper band
IQNAGGSVMIQR, Yes, 0.00546, 0.668973, 0.004483, 0.327575,  2,   637.33770,  27, 16454467.000000, 6.000000, 0.077330, 0.000648, 0.003799, 0.007129
VcNEVVDTcLYK, Yes, 14.62543, 0.485916, 0.105970, 0.475910,  2,   750.34708,  14, 6559881.500000, 6.000000, -6.876976, 1379591.625000, 10.938958, 18.311892
TGFLEIDEHMR, Yes, 5.22283, 0.912049, 0.105963, 0.890471,  3,   449.88357,  21, 1626954.625000, 3.000000, -26.719149, 78.954857, 0.000000, 11.099710


MeanRateConst/CorrCutOff, 6.617907, 0.900000


MedianRateConst/RMSSCutOff, 5.222830, 0.050000
StandDev/NumberPeptides, 0.001943, 0
TotalIonCurrent, 1.44755e+09
