Peptides, PeptideUnique, RateConstants, Correlations, RootMeanRSS, AbsoluteIsotopeError, Charge, m/z(Sequence), NEH, Abundance, NDP, Rsquared,sigma,CI lower band, CI upper band
TQPGVVDASPGQR, Yes, 0.00000, -2.000000, 0.001459, 0.519454,  2,   656.33623,  30, 5889013.500000, 11.000000, -1467.670044, 0.000104, 0.000000, 3.338435
HQVQPDGSLVISR, Yes, 0.01383, 0.617543, 0.022305, 0.115290,  3,   479.25992,  28, 4058900.000000, 10.000000, -0.088285, 0.002222, 0.008799, 0.018852
AEGFPVPTIEWQR, Yes, 0.02663, 0.990907, 0.011007, 0.208658,  2,   765.39099,  28, 59788172.000000, 11.000000, 0.957548, 0.001588, 0.023093, 0.030167
NPDLGHGPPHR, Yes, 0.02460, 0.990499, 0.009139, 0.148362,  3,   399.53549,  25, 1909868.375000, 11.000000, 0.971073, 0.001066, 0.022224, 0.026973
VTGGDMAVFPEGQPR, Yes, 0.01753, 0.924903, 0.015917, 0.034216,  2,   780.87740,  31, 13549184.000000, 10.000000, 0.810005, 0.001835, 0.013382, 0.021686


MeanRateConst/CorrCutOff, 0.025614, 0.900000


MedianRateConst/RMSSCutOff, 0.026630, 0.050000
StandDev/NumberPeptides, 0.001275, 2
TotalIonCurrent, 1.55002e+09
