Peptides, PeptideUnique, RateConstants, Correlations, RootMeanRSS, AbsoluteIsotopeError, Charge, m/z(Sequence), NEH, Abundance, NDP, Rsquared,sigma,CI lower band, CI upper band
LKPGDLVGVNK, Yes, 0.02439, 0.936850, 0.013295, 0.168570,  2,   570.34278,  13, 58477264.000000, 9.000000, 0.818700, 0.001927, 0.019947, 0.028836
AVcVEAGMIALR, Yes, 1.37046, 0.990240, 0.031873, 0.200907,  2,   645.33885,  26, 8055351.000000, 10.000000, 0.799131, 0.360868, 0.554116, 2.186798
MNVSPDVNYEELAR, Yes, 0.14656, 0.810753, 0.054909, 0.290807,  2,   818.88540,  29, 9602464.000000, 10.000000, 0.156852, 0.033605, 0.070536, 0.222577
LAGPQLVQMFIGDGAK, Yes, 0.14188, 0.731748, 0.064588, 0.299732,  2,   822.94253,  31, 2189548.750000, 9.000000, 0.385823, 0.031337, 0.069621, 0.214149
APSIIFIDELDAIGTK, Yes, 0.11831, 0.995210, 0.009649, 0.251446,  2,   851.96672,  28, 3670310.500000, 10.000000, 0.986874, 0.004766, 0.107533, 0.129097
QIQELVEAIVLPMNHK, Yes, 0.10773, 0.988646, 0.012713, 0.147819,  3,   621.34498,  33, 5164083.000000, 10.000000, 0.972985, 0.005873, 0.094440, 0.121013
AMEVDERPTEQYSDIGGLDK, Yes, 0.09462, 0.998300, 0.028856, 0.350482,  3,   751.68283,  42, 3080506.750000, 4.000000, 0.469926, 0.053405, 0.000000, 4.852716


MeanRateConst/CorrCutOff, 0.086262, 0.900000


MedianRateConst/RMSSCutOff, 0.107727, 0.050000
StandDev/NumberPeptides, 0.004305, 4
TotalIonCurrent, 8.822e+08
