Peptides, PeptideUnique, RateConstants, Correlations, RootMeanRSS, AbsoluteIsotopeError, Charge, m/z(Sequence), NEH, Abundance, NDP, Rsquared,sigma,CI lower band, CI upper band
TGLSPIK, Yes, 0.02101, 0.856386, 0.022833, 0.032758,  2,   358.22107,  9, 42992364.000000, 12.000000, 0.702184, 0.003294, 0.013764, 0.028263
LVVELPHPVSSK, Yes, 0.03421, 0.952238, 0.019195, 0.087622,  3,   435.59060,  20, 29020314.000000, 12.000000, 0.878211, 0.002933, 0.027752, 0.040664
LSPNFHEAVTLR, Yes, 0.02339, 0.993665, 0.006956, 0.057687,  3,   461.91749,  23, 51485332.000000, 12.000000, 0.979709, 0.000818, 0.021588, 0.025189
HFLDFQGSAIPR, Yes, 0.02841, 0.972871, 0.014022, 0.059061,  3,   463.24209,  25, 26723774.000000, 12.000000, 0.944170, 0.001780, 0.024492, 0.032327
FVGINASDINYSAGR, Yes, 0.02635, 0.989777, 0.007870, 0.027847,  2,   792.39425,  29, 58783620.000000, 12.000000, 0.978578, 0.000963, 0.024234, 0.028474
DcPVPLPGDGDLLVR, Yes, 0.01956, 0.966220, 0.013625, 0.134269,  2,   811.91398,  25, 35295948.000000, 12.000000, 0.907054, 0.001607, 0.016027, 0.023103
YDPSLKPPFDIGFEGIGEVVALGLSASAR, Yes, 0.02552, 0.971608, 0.007041, 0.041579,  3,  1002.52547,  57, 5252763.500000, 12.000000, 0.937521, 0.001600, 0.021994, 0.029036
FIGLESVFQAVDYMYTGK, Yes, 0.02952, 0.971088, 0.010292, 0.085986,  3,   690.00805,  26, 11598659.000000, 12.000000, 0.938247, 0.002061, 0.024979, 0.034052
GFFLNHYFSK, Yes, 0.00710, 0.875116, 0.009290, 0.183854,  3,   420.54511,  11, 7791114.000000, 12.000000, 0.709804, 0.001236, 0.004384, 0.009826
cHVIGTcSSDEK, Yes, 0.01915, 0.981556, 0.014957, 0.114970,  3,   464.86760,  21, 1879215.625000, 12.000000, 0.920270, 0.001626, 0.015570, 0.022729
FIGLESVFQAVDYMYTGK, Yes, 0.02779, 0.996456, 0.003122, 0.052343,  2,  1034.50844,  26, 15676459.000000, 12.000000, 0.992325, 0.000604, 0.026465, 0.029124


MeanRateConst/CorrCutOff, 0.024961, 0.900000


MedianRateConst/RMSSCutOff, 0.026354, 0.050000
StandDev/NumberPeptides, 0.001172, 8
TotalIonCurrent, 5.88467e+09
