Peptides, PeptideUnique, RateConstants, Correlations, RootMeanRSS, AbsoluteIsotopeError, Charge, m/z(Sequence), NEH, Abundance, NDP, Rsquared,sigma,CI lower band, CI upper band
ESAAHDYTLR, Yes, 0.05051, 0.901615, 0.039949, 0.264985,  3,   388.18775,  23, 2867765.750000, 12.000000, 0.805640, 0.006694, 0.035778, 0.065242
SNPGDFTLSVR, Yes, 0.09000, 0.978392, 0.020589, 0.107563,  2,   596.80148,  18, 69624552.000000, 12.000000, 0.944337, 0.007306, 0.073925, 0.106084
YPLNcADPTSER, Yes, 0.05420, 0.919694, 0.033615, 0.133068,  2,   711.81953,  25, 3818052.250000, 12.000000, 0.830863, 0.006673, 0.039517, 0.068890
FDSLTDLVEHYK, Yes, 0.14271, 0.992121, 0.009518, 0.132075,  3,   489.57691,  16, 10869997.000000, 12.000000, 0.984107, 0.007586, 0.126015, 0.159410
IQNTGDYYDLYGGEK, Yes, 0.09184, 0.985367, 0.015164, 0.162442,  2,   868.39412,  23, 5449450.500000, 12.000000, 0.965698, 0.006601, 0.077313, 0.106369
WFHPNITGVEAENLLLTR, Yes, 0.32807, 0.630917, 0.059875, 0.234235,  3,   704.04085,  30, 5119926.000000, 12.000000, 0.265526, 0.140281, 0.019316, 0.636829


MeanRateConst/CorrCutOff, 0.108186, 0.900000


MedianRateConst/RMSSCutOff, 0.091841, 0.050000
StandDev/NumberPeptides, 0.007139, 3
TotalIonCurrent, 2.29123e+09
