Peptides, PeptideUnique, RateConstants, Correlations, RootMeanRSS, AbsoluteIsotopeError, Charge, m/z(Sequence), NEH, Abundance, NDP, Rsquared,sigma,CI lower band, CI upper band
NSITVPYK, Yes, 0.05401, 0.808193, 0.037802, 0.155505,  2,   461.25564,  9, 89081608.000000, 11.000000, 0.647287, 0.011410, 0.028590, 0.079436
FFFDVGSNK, Yes, 0.01596, 0.921668, 0.015555, 0.048493,  2,   530.75856,  10, 32275694.000000, 11.000000, 0.763939, 0.002460, 0.010473, 0.021437
GPGLGSTQGQTIALPAQGLIEFR, Yes, 0.00001, -2.000000, 0.018140, 0.338065,  2,  1156.12388,  49, 2019839.625000, 8.000000, -0.207358, 0.003938, 0.000000, 2.666054
DYLGDFIEHYAQLGPSQPPDLAQAQDEPR, Yes, 0.00280, -2.000000, 0.003377, 0.258168,  3,  1090.84945,  70, 2410469.750000, 10.000000, -138552.406250, 0.000553, 0.001546, 0.004049
VSEVKPTYR, Yes, 0.02719, 0.872692, 0.032455, 0.163460,  2,   539.79820,  14, 2521109.500000, 10.000000, 0.683565, 0.004566, 0.016858, 0.037517
GPGLGSTQGQTIALPAQGLIEFR, Yes, 0.02426, 0.953637, 0.013853, 0.127775,  3,   771.08501,  49, 16647117.000000, 11.000000, 0.885653, 0.002123, 0.019532, 0.028993


MeanRateConst/CorrCutOff, 0.014338, 0.900000


MedianRateConst/RMSSCutOff, 0.015955, 0.050000
StandDev/NumberPeptides, 0.001117, 3
TotalIonCurrent, 1.28465e+09
