Peptides, PeptideUnique, RateConstants, Correlations, RootMeanRSS, AbsoluteIsotopeError, Charge, m/z(Sequence), NEH, Abundance, NDP, Rsquared,sigma,CI lower band, CI upper band
SSPTIPSR, Yes, 0.00683, 0.956931, 0.007949, 0.043538,  2,   422.72979,  17, 104021120.000000, 12.000000, 0.890142, 0.000556, 0.005609, 0.008055
LYSLLFR, Yes, 0.01542, 0.968243, 0.006192, 0.046843,  2,   456.27109,  8, 242708224.000000, 12.000000, 0.931957, 0.001018, 0.013178, 0.017658
AFDQGADAIYEHINEGK, Yes, 0.03543, 0.995936, 0.006726, 0.036526,  3,   626.62699,  39, 444190816.000000, 12.000000, 0.986754, 0.001032, 0.033162, 0.037703
AFDQGADAIYEHINEGK, Yes, 0.01974, 0.967026, 0.012487, 0.196992,  2,   939.43684,  39, 26461176.000000, 12.000000, 0.925084, 0.001396, 0.016666, 0.022811


MeanRateConst/CorrCutOff, 0.019355, 0.900000


MedianRateConst/RMSSCutOff, 0.019738, 0.050000
StandDev/NumberPeptides, 0.000895, 4
TotalIonCurrent, 2.75773e+10
