Peptides, PeptideUnique, RateConstants, Correlations, RootMeanRSS, AbsoluteIsotopeError, Charge, m/z(Sequence), NEH, Abundance, NDP, Rsquared,sigma,CI lower band, CI upper band
TSLMNQYVNK, Yes, 0.29142, 0.969012, 0.021513, 0.072307,  2,   599.30025,  13, 21177118.000000, 9.000000, 0.891128, 0.038058, 0.203658, 0.379183
EAINVEQAFQTIAR, Yes, 0.40928, 0.993729, 0.017394, 0.059661,  2,   795.41772,  36, 9797902.000000, 9.000000, 0.969442, 0.034096, 0.330653, 0.487904
LVTMQIWDTAGQER, Yes, 0.31607, 0.994211, 0.012797, 0.118206,  2,   824.41160,  26, 12956904.000000, 9.000000, 0.980462, 0.021494, 0.266506, 0.365636
NNIPYFETSAK, Yes, 0.02404, 0.794814, 0.023508, 0.138703,  2,   642.31695,  19, 70639472.000000, 9.000000, 0.619535, 0.003801, 0.015273, 0.032805
FQSLGVAFYR, Yes, 0.14766, 0.971987, 0.023512, 0.115494,  2,   594.31402,  18, 25786976.000000, 9.000000, 0.913899, 0.013305, 0.116983, 0.178345


MeanRateConst/CorrCutOff, 0.291108, 0.900000


MedianRateConst/RMSSCutOff, 0.316071, 0.050000
StandDev/NumberPeptides, 0.022562, 4
TotalIonCurrent, 1.66476e+09
