Peptides, PeptideUnique, RateConstants, Correlations, RootMeanRSS, AbsoluteIsotopeError, Charge, m/z(Sequence), NEH, Abundance, NDP, Rsquared,sigma,CI lower band, CI upper band
AITSAYYR, No, 0.55894, -0.238406, 0.106134, 0.499234,  2,   472.74543,  16, 59555400.000000, 4.000000, -4.048968, 0.499222, 0.000000, 2.691361
STIGVEFATR, No, 0.11802, 0.961931, 0.028177, 0.036867,  2,   540.78784,  18, 46121204.000000, 8.000000, 0.900960, 0.016437, 0.079153, 0.156887
HLTYENVER, No, 0.04643, 0.978196, 0.013700, 0.052520,  2,   580.78836,  17, 114051720.000000, 9.000000, 0.952330, 0.002980, 0.039561, 0.053305
DHADSNIVIMLVGNK, No, 0.12770, 0.986225, 0.015832, 0.091163,  3,   542.61537,  24, 19852610.000000, 6.000000, 0.956447, 0.013170, 0.093842, 0.161552


MeanRateConst/CorrCutOff, 0.097384, 0.900000


MedianRateConst/RMSSCutOff, 0.118020, 0.050000
StandDev/NumberPeptides, 0.006827, 3
TotalIonCurrent, 2.95376e+09
