Peptides, PeptideUnique, RateConstants, Correlations, RootMeanRSS, AbsoluteIsotopeError, Charge, m/z(Sequence), NEH, Abundance, NDP, Rsquared,sigma,CI lower band, CI upper band
VAYISFGPH, Yes, 0.10839, 0.538886, 0.084322, 0.341972,  2,   495.75581,  16, 4873943.000000, 12.000000, -0.079505, 0.037508, 0.025834, 0.190944
AAIAAAAAAAAAK, Yes, 0.07016, 0.998116, 0.009274, 0.062694,  2,   521.30616,  45, 53302124.000000, 12.000000, 0.995867, 0.001508, 0.066841, 0.073480
LVAIVDVIDQNR, Yes, 0.04955, 0.888701, 0.057572, 0.325722,  3,   452.26115,  21, 2537028.000000, 11.000000, 0.681309, 0.009409, 0.028585, 0.070515
LVAIVDVIDQNR, Yes, 0.11485, 0.996104, 0.009145, 0.041747,  2,   677.88808,  21, 53719684.000000, 12.000000, 0.990274, 0.004335, 0.105309, 0.124390
cMQLTDFILK, Yes, 0.07931, 0.981082, 0.011101, 0.091620,  2,   634.82251,  11, 34941104.000000, 12.000000, 0.960819, 0.005447, 0.067326, 0.091303


MeanRateConst/CorrCutOff, 0.088108, 0.900000


MedianRateConst/RMSSCutOff, 0.079315, 0.050000
StandDev/NumberPeptides, 0.002785, 3
TotalIonCurrent, 3.44956e+09
