Peptides, PeptideUnique, RateConstants, Correlations, RootMeanRSS, AbsoluteIsotopeError, Charge, m/z(Sequence), NEH, Abundance, NDP, Rsquared,sigma,CI lower band, CI upper band
QGYVIYR, Yes, 2.28478, 0.794074, 0.043317, 0.338249,  2,   449.74270,  11, 36872680.000000, 12.000000, -0.604281, 1.855462, 1.588119, 2.981448
FFEVILIDPFHK, Yes, 0.07962, 0.993412, 0.007599, 0.091232,  3,   502.27814,  15, 24026552.000000, 12.000000, 0.982940, 0.003516, 0.071886, 0.087363
VLNSYWVGEDSTYK, Yes, 0.08863, 0.989300, 0.011001, 0.131749,  2,   830.89630,  18, 22013290.000000, 12.000000, 0.975971, 0.005209, 0.077169, 0.100099
SLQSVAEER, Yes, 2.94664, 0.952291, 0.035083, 0.704389,  2,   509.76181,  25, 51876004.000000, 12.000000, 0.906695, 1.748688, 2.095020, 3.798267


MeanRateConst/CorrCutOff, 0.084129, 0.900000


MedianRateConst/RMSSCutOff, 0.088634, 0.050000
StandDev/NumberPeptides, 0.004198, 2
TotalIonCurrent, 3.74288e+09
