Peptides, PeptideUnique, RateConstants, Correlations, RootMeanRSS, AbsoluteIsotopeError, Charge, m/z(Sequence), NEH, Abundance, NDP, Rsquared,sigma,CI lower band, CI upper band
QWGWTQGR, Yes, 0.06918, 0.898930, 0.038754, 0.064406,  2,   509.74631,  15, 54547980.000000, 12.000000, 0.770265, 0.010869, 0.045258, 0.093105
YSLDPENPTK, Yes, 0.14947, 0.950015, 0.029775, 0.205041,  2,   582.28257,  17, 36740424.000000, 12.000000, 0.893243, 0.019765, 0.105967, 0.192970
GLDVDSLVIEHIQVNK, Yes, 0.08183, 0.995736, 0.008587, 0.107444,  3,   593.65975,  26, 37986108.000000, 12.000000, 0.986979, 0.003144, 0.074907, 0.088748
EQIVPKPEEEVAQK, Yes, 0.07045, 0.994797, 0.011979, 0.141726,  3,   541.95778,  36, 13701491.000000, 12.000000, 0.985826, 0.002948, 0.063957, 0.076936
MSSPcHIEMILTEK, Yes, 0.08651, 0.996778, 0.008075, 0.110991,  3,   559.26658,  25, 13896524.000000, 12.000000, 0.989435, 0.003244, 0.079368, 0.093649


MeanRateConst/CorrCutOff, 0.076991, 0.900000


MedianRateConst/RMSSCutOff, 0.081827, 0.050000
StandDev/NumberPeptides, 0.003783, 4
TotalIonCurrent, 3.4286e+09
