Peptides, PeptideUnique, RateConstants, Correlations, RootMeanRSS, AbsoluteIsotopeError, Charge, m/z(Sequence), NEH, Abundance, NDP, Rsquared,sigma,CI lower band, CI upper band
LPAAGVGDMVMATVK, Yes, 0.16159, 0.974098, 0.021518, 0.148209,  3,   487.25976,  25, 7565263.500000, 12.000000, 0.948560, 0.016115, 0.126120, 0.197058
LPAAGVGDMVMATVK, Yes, 0.00204, 0.363829, 0.042366, 0.500648,  2,   730.38601,  25, 167364288.000000, 12.000000, -0.118222, 0.003319, 0.000000, 2.758892
ISLGLPVGAVINcADNTGAK, Yes, 0.06025, 0.977424, 0.015984, 0.065887,  3,   657.35070,  35, 6978610.000000, 12.000000, 0.951343, 0.004148, 0.051124, 0.069382
ISLGLPVGAVINcADNTGAK, Yes, 0.08627, 0.992148, 0.010230, 0.156597,  2,   985.52241,  35, 16290163.000000, 12.000000, 0.984238, 0.003854, 0.077789, 0.094756
GSAITGPVAK, Yes, 0.03197, 0.982170, 0.013892, 0.143674,  2,   450.76109,  19, 23397066.000000, 12.000000, 0.959216, 0.001612, 0.028419, 0.035517
EcADLWPR, Yes, 0.06080, 0.972779, 0.022783, 0.096828,  2,   523.73983,  18, 9152769.000000, 12.000000, 0.929957, 0.005025, 0.049736, 0.071856


MeanRateConst/CorrCutOff, 0.059823, 0.900000


MedianRateConst/RMSSCutOff, 0.060796, 0.050000
StandDev/NumberPeptides, 0.003031, 4
TotalIonCurrent, 4.74988e+09
