Peptides, PeptideUnique, RateConstants, Correlations, RootMeanRSS, AbsoluteIsotopeError, Charge, m/z(Sequence), NEH, Abundance, NDP, Rsquared,sigma,CI lower band, CI upper band
PLISVYSEK, Yes, 0.09048, 0.983338, 0.016067, 0.091403,  2,   518.28967,  14, 78401656.000000, 12.000000, 0.956585, 0.006399, 0.076394, 0.104561
SNYNLPMHK, Yes, 0.00000, -2.000000, 0.019737, 0.374770,  2,   552.26874,  14, 7313089.500000, 12.000000, -0.115514, 0.001661, 0.000000, 2.510445
SGQGAFGNMcR, Yes, 0.04283, 0.989665, 0.013197, 0.047835,  2,   592.75041,  25, 19849628.000000, 12.000000, 0.975150, 0.001923, 0.038597, 0.047063
NIPGITLLNVSK, Yes, 0.05381, 0.996654, 0.005730, 0.071368,  2,   634.88226,  15, 64266064.000000, 12.000000, 0.992166, 0.001452, 0.050613, 0.057003
FcIWTESAFR, Yes, 0.03245, 0.960881, 0.017409, 0.031765,  2,   658.80825,  17, 23158640.000000, 12.000000, 0.910010, 0.002928, 0.026007, 0.038896
GPcIIYNEDNGIIK, Yes, 0.02428, 0.972477, 0.020850, 0.193450,  2,   803.40069,  22, 7630460.000000, 12.000000, 0.873453, 0.002899, 0.017900, 0.030661
IEEVPELPLVVEDK, Yes, 0.02000, 0.461025, 0.051159, 0.214343,  2,   804.94017,  27, 14006493.000000, 12.000000, -0.100837, 0.005874, 0.007071, 0.032928
YAIcSALAASALPALVMSK, Yes, 0.04737, 0.984302, 0.014519, 0.096965,  2,   969.01535,  41, 9397138.000000, 12.000000, 0.960562, 0.003026, 0.040711, 0.054032
AVSELAGHQTSAESWGTGR, Yes, 0.03083, 0.252845, 0.068547, 0.552831,  3,   648.64505,  45, 1193141.250000, 5.000000, -0.339279, 0.045585, 0.000000, 4.567869
QPYAVSELAGHQTSAESWGTGR, Yes, 0.07059, 0.996972, 0.005832, 0.049398,  3,   778.03660,  52, 28413240.000000, 12.000000, 0.993517, 0.001902, 0.066405, 0.074777
LDELYGTWR, Yes, 0.11482, 0.961443, 0.025136, 0.103546,  2,   576.78783,  13, 18460900.000000, 12.000000, 0.900674, 0.014895, 0.082038, 0.147604
KLDELYGTWR, Yes, 0.01521, 0.961288, 0.008566, 0.165487,  2,   640.83531,  13, 25273450.000000, 12.000000, 0.914082, 0.001166, 0.012645, 0.017780
APIRPDIVNFVHTNLR, Yes, 0.05752, 0.990294, 0.009586, 0.053908,  4,   466.26534,  28, 36442812.000000, 12.000000, 0.978416, 0.002551, 0.051903, 0.063132


MeanRateConst/CorrCutOff, 0.046796, 0.900000


MedianRateConst/RMSSCutOff, 0.047372, 0.050000
StandDev/NumberPeptides, 0.002200, 5
TotalIonCurrent, 8.36813e+09
