Peptides, PeptideUnique, RateConstants, Correlations, RootMeanRSS, AbsoluteIsotopeError, Charge, m/z(Sequence), NEH, Abundance, NDP, Rsquared,sigma,CI lower band, CI upper band
EFNAEVHR, Yes, 0.05028, 0.686904, 0.057409, 0.432435,  2,   501.24359,  20, 1435787.375000, 10.000000, -0.525653, 0.013880, 0.018883, 0.081678
GAVDGGLSIPHSTK, Yes, 0.06795, 0.967201, 0.026931, 0.080552,  3,   446.90526,  25, 44366220.000000, 12.000000, 0.889674, 0.006331, 0.054012, 0.081882
GAVDGGLSIPHSTK, Yes, 0.03589, 0.980102, 0.020181, 0.153139,  2,   669.85425,  25, 3801521.000000, 12.000000, 0.932295, 0.002753, 0.029832, 0.041953
HIMGQNVADYMR, Yes, 0.04790, 0.992492, 0.009199, 0.163055,  3,   478.89207,  24, 24935930.000000, 12.000000, 0.983780, 0.001830, 0.043875, 0.051932
NNVTPDMMEEMYK, Yes, 0.03747, 0.988190, 0.010110, 0.165462,  2,   801.33584,  21, 19667908.000000, 12.000000, 0.967219, 0.002022, 0.033021, 0.041923
QFSQYIK, Yes, 0.04982, 0.983080, 0.012400, 0.024507,  2,   457.24253,  12, 29986158.000000, 12.000000, 0.965111, 0.002843, 0.043559, 0.056075


MeanRateConst/CorrCutOff, 0.042771, 0.900000


MedianRateConst/RMSSCutOff, 0.047903, 0.050000
StandDev/NumberPeptides, 0.002278, 4
TotalIonCurrent, 2.37017e+09
