Peptides, PeptideUnique, RateConstants, Correlations, RootMeanRSS, AbsoluteIsotopeError, Charge, m/z(Sequence), NEH, Abundance, NDP, Rsquared,sigma,CI lower band, CI upper band
HLTDAYFK, Yes, 2.08520, 0.990987, 0.010826, 0.567179,  2,   497.75326,  10, 65964724.000000, 12.000000, 0.966747, 0.430176, 1.138388, 3.032009
YYPTEDVPR, Yes, 0.04581, 0.989998, 0.013124, 0.092379,  2,   570.27202,  16, 195779920.000000, 12.000000, 0.968663, 0.002582, 0.040124, 0.051492
AVPQLQGYLR, Yes, 0.05303, 0.993212, 0.010450, 0.071535,  2,   572.82729,  22, 81348760.000000, 12.000000, 0.985989, 0.001922, 0.048802, 0.057263
HQEGEIFDTEK, Yes, 0.07505, 0.994899, 0.012609, 0.067227,  2,   666.80695,  24, 8257707.500000, 12.000000, 0.984702, 0.003344, 0.067692, 0.082414
SSITPGTVLIILTGR, Yes, 0.04170, 0.996423, 0.005119, 0.130777,  2,   764.45888,  20, 22831378.000000, 12.000000, 0.992600, 0.001008, 0.039480, 0.043916
SSITPGTVLIILTGR, Yes, 0.04338, 0.973864, 0.014545, 0.180415,  3,   509.97501,  20, 17875790.000000, 12.000000, 0.947527, 0.002952, 0.036879, 0.049874
HQEGEIFDTEKEK, Yes, 0.05527, 0.978040, 0.019513, 0.186328,  3,   530.58624,  29, 3832382.250000, 11.000000, 0.946525, 0.004283, 0.045724, 0.064810
QLDSGLLLVTGPLVINR, Yes, 0.07058, 0.996760, 0.006882, 0.084982,  2,   904.53564,  25, 31832470.000000, 12.000000, 0.990706, 0.002273, 0.065572, 0.075579
FVIATSTK, Yes, 0.05126, 0.993332, 0.006939, 0.042592,  2,   433.75274,  9, 49258452.000000, 12.000000, 0.984531, 0.001965, 0.046939, 0.055588
QLDSGLLLVTGPLVINR, Yes, 0.08549, 0.992173, 0.011012, 0.174185,  3,   603.35952,  25, 10340223.000000, 12.000000, 0.979639, 0.004467, 0.075659, 0.095321


MeanRateConst/CorrCutOff, 0.054509, 0.900000


MedianRateConst/RMSSCutOff, 0.053033, 0.050000
StandDev/NumberPeptides, 0.002151, 8
TotalIonCurrent, 6.87355e+09
