Peptides, PeptideUnique, RateConstants, Correlations, RootMeanRSS, AbsoluteIsotopeError, Charge, m/z(Sequence), NEH, Abundance, NDP, Rsquared,sigma,CI lower band, CI upper band
AVTSEIAVLQSR, Yes, 0.04638, 0.954013, 0.048841, 0.139149,  2,   637.35915,  27, 7883457.000000, 9.000000, 0.823413, 0.009906, 0.023532, 0.069220
VTAEVVLVHPGGGSTSR, Yes, 0.04625, 0.957783, 0.030658, 0.128853,  3,   555.96881,  31, 25993364.000000, 9.000000, 0.878497, 0.007367, 0.029266, 0.063243
FPLFGGWK, Yes, 0.00721, 0.489819, 0.006759, 0.103155,  2,   476.25799,  8, 10453581.000000, 9.000000, -0.066931, 0.001137, 0.004589, 0.009834
PVIVAYK, Yes, 0.02614, 0.751852, 0.028258, 0.263550,  2,   395.24708,  9, 2392777.750000, 7.000000, 0.428622, 0.005027, 0.013838, 0.038440


MeanRateConst/CorrCutOff, 0.046315, 0.900000


MedianRateConst/RMSSCutOff, 0.046376, 0.050000
StandDev/NumberPeptides, 0.005198, 2
TotalIonCurrent, 7.22056e+08
