Peptides, PeptideUnique, RateConstants, Correlations, RootMeanRSS, AbsoluteIsotopeError, Charge, m/z(Sequence), NEH, Abundance, NDP, Rsquared,sigma,CI lower band, CI upper band
ALAAFLK, Yes, 0.02947, 0.966267, 0.018667, 0.065953,  2,   367.23397,  14, 22572446.000000, 12.000000, 0.922999, 0.002385, 0.024225, 0.034722
VLQALEGLK, Yes, 0.05117, 0.987525, 0.013572, 0.062096,  2,   485.80021,  16, 62826672.000000, 12.000000, 0.972873, 0.002649, 0.045336, 0.056996
VPEWVDTVK, Yes, 0.13633, 0.990197, 0.015499, 0.067181,  2,   536.78731,  10, 35860096.000000, 12.000000, 0.950482, 0.013170, 0.107342, 0.165317
DVNQQEFVR, Yes, 0.12383, 0.930187, 0.039145, 0.255599,  2,   567.78055,  20, 31548814.000000, 12.000000, 0.842767, 0.018184, 0.083812, 0.163857


MeanRateConst/CorrCutOff, 0.072323, 0.900000


MedianRateConst/RMSSCutOff, 0.051166, 0.050000
StandDev/NumberPeptides, 0.003437, 3
TotalIonCurrent, 2.73312e+09
