Peptides, PeptideUnique, RateConstants, Correlations, RootMeanRSS, AbsoluteIsotopeError, Charge, m/z(Sequence), NEH, Abundance, NDP, Rsquared,sigma,CI lower band, CI upper band
VVTNQDGVFR, Yes, 0.06007, 0.977722, 0.015663, 0.064270,  2,   567.79875,  15, 12797777.000000, 12.000000, 0.954310, 0.003997, 0.051272, 0.068865
QVIINLVNHK, Yes, 0.11224, 0.938147, 0.031383, 0.159264,  3,   393.23990,  14, 3954936.000000, 11.000000, 0.863551, 0.016464, 0.075556, 0.148925
TQLGLLMDGFNSLLR, Yes, 0.04138, 0.981694, 0.013417, 0.135228,  2,   839.45326,  22, 8280172.000000, 12.000000, 0.952903, 0.002817, 0.035176, 0.047578
ATDFDVLSYK, Yes, 0.05396, 0.942241, 0.022719, 0.176653,  2,   579.78750,  13, 4071868.750000, 12.000000, 0.885247, 0.006010, 0.040731, 0.067189
FVWNGHLLR, Yes, 14.67280, 0.949295, 0.027232, 0.422641,  3,   381.21369,  12, 694440.125000, 10.000000, 0.685739, 318703.906250, 12.991089, 16.354509


MeanRateConst/CorrCutOff, 0.051802, 0.900000


MedianRateConst/RMSSCutOff, 0.053960, 0.050000
StandDev/NumberPeptides, 0.003888, 3
TotalIonCurrent, 7.21574e+08
