Peptides, PeptideUnique, RateConstants, Correlations, RootMeanRSS, AbsoluteIsotopeError, Charge, m/z(Sequence), NEH, Abundance, NDP, Rsquared,sigma,CI lower band, CI upper band
IAGNMGLAMK, Yes, 0.08341, 0.934934, 0.036614, 0.114932,  2,   503.26462,  18, 48498624.000000, 12.000000, 0.771536, 0.011643, 0.057787, 0.109040
EATWVVDVK, Yes, 0.20317, 0.997449, 0.005660, 0.068035,  2,   523.77949,  12, 92661080.000000, 12.000000, 0.994794, 0.006689, 0.188444, 0.217888
LQNLQLQPGK, Yes, 0.16879, 0.998664, 0.005536, 0.043389,  2,   569.83257,  20, 115407576.000000, 12.000000, 0.997202, 0.003821, 0.160385, 0.177204
MNPQSAFFQGK, Yes, 0.11760, 0.997506, 0.008348, 0.009713,  2,   627.80042,  23, 83641912.000000, 12.000000, 0.992260, 0.003862, 0.109098, 0.126098
KLEEEGEQFVK, Yes, 0.06218, 0.944403, 0.029377, 0.054625,  2,   668.34316,  24, 24483310.000000, 12.000000, 0.875065, 0.006550, 0.047765, 0.076596
ADcTITMADSDLLALMTGK, Yes, 0.21044, 0.998390, 0.004649, 0.046352,  3,   676.32131,  30, 10580376.000000, 12.000000, 0.996039, 0.005914, 0.197420, 0.223455
ADcTITMADSDLLALMTGK, Yes, 0.23160, 0.997820, 0.006511, 0.067166,  2,  1013.97832,  30, 7204392.000000, 12.000000, 0.992430, 0.009349, 0.211025, 0.252179
KADcTITMADSDLLALMTGK, Yes, 0.19685, 0.996094, 0.006257, 0.096437,  3,   719.01963,  30, 6179474.500000, 12.000000, 0.991822, 0.007903, 0.179456, 0.214244
IGGIFAFK, Yes, 0.11023, 0.991327, 0.010790, 0.051813,  2,   426.75254,  11, 117483352.000000, 12.000000, 0.978888, 0.005972, 0.097080, 0.123371


MeanRateConst/CorrCutOff, 0.176953, 0.900000


MedianRateConst/RMSSCutOff, 0.196850, 0.050000
StandDev/NumberPeptides, 0.005644, 7
TotalIonCurrent, 1.16507e+10
