Peptides, PeptideUnique, RateConstants, Correlations, RootMeanRSS, AbsoluteIsotopeError, Charge, m/z(Sequence), NEH, Abundance, NDP, Rsquared,sigma,CI lower band, CI upper band
LSSLIILMPH, Yes, 0.12325, 0.968999, 0.021920, 0.098936,  2,   562.33082,  15, 4970683.000000, 12.000000, 0.917755, 0.013168, 0.094263, 0.152230
GVVEVTHDLQK, Yes, 0.17866, 0.993540, 0.011422, 0.095783,  2,   612.83278,  17, 11715264.000000, 12.000000, 0.985330, 0.009756, 0.157188, 0.200134
SYTVGVTMMHR, Yes, 0.00000, -2.000000, 0.017987, 0.259331,  2,   641.30756,  15, 1631562.875000, 9.000000, -0.149775, 0.001899, 0.000000, 3.237909
DNQSGSLLFIGR, Yes, 0.29257, 0.984297, 0.022293, 0.060428,  2,   653.84113,  23, 29572082.000000, 12.000000, 0.949819, 0.030876, 0.224613, 0.360529
HLAGLGLTEAIDK, Yes, 0.14641, 0.956595, 0.033970, 0.119156,  3,   446.58562,  24, 7718982.500000, 12.000000, 0.905067, 0.019915, 0.102583, 0.190246
TDGALLVNAMFFK, Yes, 0.05125, 0.960788, 0.017199, 0.257772,  2,   713.87359,  18, 11687317.000000, 12.000000, 0.922332, 0.004308, 0.041768, 0.060734
STGLAFSLYQAMAK, Yes, 13.89989, 0.987593, 0.027359, 0.251780,  2,   744.38176,  27, 7564470.500000, 11.000000, 0.795218, 108723.734375, 12.590701, 15.209086
LYGPSSVSFADDFVR, Yes, 0.20883, 0.987540, 0.015470, 0.055563,  2,   830.40430,  26, 25596184.000000, 12.000000, 0.968964, 0.016641, 0.172207, 0.245462
SALQSINEWASQTTDGK, Yes, 0.11181, 0.943346, 0.034396, 0.172538,  2,   918.44213,  36, 6831764.500000, 12.000000, 0.863559, 0.015550, 0.077583, 0.146033
DQAVENILLSPLVVASSLGLVSLGGK, Yes, 0.22088, 0.977996, 0.015235, 0.115208,  3,   860.49333,  46, 3304366.750000, 12.000000, 0.951286, 0.023402, 0.169376, 0.272392
LFYADHPFIFLVR, Yes, 0.17948, 0.994835, 0.007959, 0.068810,  3,   546.63280,  18, 12446809.000000, 12.000000, 0.985438, 0.009313, 0.158978, 0.199975
LSSLIILMPHHVEPLER, Yes, 0.05287, 0.947926, 0.021467, 0.216604,  4,   496.78166,  33, 5893449.500000, 11.000000, 0.830352, 0.004807, 0.042162, 0.063582
GVVEVTHDLQK, Yes, 0.67845, 0.960672, 0.024340, 0.152642,  3,   408.89095,  17, 24130662.000000, 12.000000, 0.912548, 0.112023, 0.431886, 0.925010
SYTVGVTMMHR, Yes, 0.06802, 0.982302, 0.018812, 0.315451,  3,   427.87413,  15, 9081027.000000, 12.000000, 0.935711, 0.006376, 0.053989, 0.082056


MeanRateConst/CorrCutOff, 0.145205, 0.900000


MedianRateConst/RMSSCutOff, 0.178661, 0.050000
StandDev/NumberPeptides, 0.009101, 8
TotalIonCurrent, 4.04215e+09
