Peptides, PeptideUnique, RateConstants, Correlations, RootMeanRSS, AbsoluteIsotopeError, Charge, m/z(Sequence), NEH, Abundance, NDP, Rsquared,sigma,CI lower band, CI upper band
ALDLDSScK, Yes, 0.19250, 0.978978, 0.023850, 0.070649,  2,   504.73695,  16, 5952956.500000, 12.000000, 0.953855, 0.020171, 0.148108, 0.236898
cMMAQYNR, Yes, 0.03899, 0.961792, 0.021690, 0.155250,  2,   537.21988,  17, 3379945.500000, 11.000000, 0.890489, 0.003390, 0.031436, 0.046541
LMDVGLIAIR, Yes, 0.09313, 0.984651, 0.014724, 0.080194,  2,   550.82844,  16, 46439888.000000, 12.000000, 0.969327, 0.005925, 0.080090, 0.106172
LDPQNHVLYSNR, Yes, 0.03813, 0.883108, 0.033060, 0.528295,  2,   728.37058,  23, 1328683.375000, 12.000000, 0.736177, 0.005322, 0.026414, 0.049840
LAYINPDLALEEK, Yes, 0.26427, 0.650365, 0.086304, 0.121112,  2,   744.90083,  26, 25394326.000000, 12.000000, -0.335784, 0.112681, 0.016257, 0.512276
FMNPFNLPNLYQK, Yes, 7.67101, 0.984932, 0.014511, 1.160622,  2,   813.41086,  18, 5362308.000000, 11.000000, 0.941045, 160.169601, 5.758212, 9.583814
ALSAGNIDDALQcYSEAIK, Yes, 0.11789, 0.996219, 0.008706, 0.073298,  2,  1019.99112,  42, 4554028.000000, 12.000000, 0.989798, 0.004526, 0.107928, 0.127851
ELDPTNMTYITNQAAVHFEK, Yes, 0.07739, 0.987456, 0.012870, 0.173641,  3,   774.70720,  36, 10111275.000000, 12.000000, 0.961428, 0.005460, 0.065374, 0.089409
HEANNLQLK, Yes, 0.14681, 0.983314, 0.020459, 0.116280,  2,   533.78561,  20, 2411995.250000, 12.000000, 0.965044, 0.011235, 0.122085, 0.171542
ELIEQLQNKPSDLGTK, Yes, 0.13681, 0.992573, 0.011063, 0.205390,  3,   604.99490,  30, 9545236.000000, 12.000000, 0.984734, 0.006900, 0.121622, 0.151994


MeanRateConst/CorrCutOff, 0.114407, 0.900000


MedianRateConst/RMSSCutOff, 0.117890, 0.050000
StandDev/NumberPeptides, 0.006197, 5
TotalIonCurrent, 2.95884e+09
