Peptides, PeptideUnique, RateConstants, Correlations, RootMeanRSS, AbsoluteIsotopeError, Charge, m/z(Sequence), NEH, Abundance, NDP, Rsquared,sigma,CI lower band, CI upper band
GVVVVGVEDR, Yes, 0.12061, 0.996191, 0.009766, 0.024012,  2,   514.79039,  16, 975362112.000000, 12.000000, 0.990552, 0.004790, 0.110066, 0.131152
FIcDASSLHQVR, Yes, 0.04101, 0.984025, 0.012541, 0.071721,  3,   478.23824,  25, 32330130.000000, 12.000000, 0.968018, 0.002022, 0.036563, 0.045466
GPGGSSLLIEALSNSGPK, Yes, 0.05762, 0.990696, 0.011985, 0.077603,  3,   561.96857,  37, 9252309.000000, 12.000000, 0.980021, 0.002447, 0.052236, 0.063009
GPGGSSLLIEALSNSGPK, Yes, 0.03921, 0.962640, 0.024205, 0.329299,  2,   842.44922,  37, 29042202.000000, 12.000000, 0.912565, 0.003586, 0.031313, 0.047098
GIYLLYEGR, Yes, 0.06119, 0.995346, 0.006912, 0.089723,  2,   542.29529,  14, 39179256.000000, 12.000000, 0.990317, 0.001896, 0.057016, 0.065361


MeanRateConst/CorrCutOff, 0.070109, 0.900000


MedianRateConst/RMSSCutOff, 0.061188, 0.050000
StandDev/NumberPeptides, 0.002440, 4
TotalIonCurrent, 1.90335e+10
