Peptides, PeptideUnique, RateConstants, Correlations, RootMeanRSS, AbsoluteIsotopeError, Charge, m/z(Sequence), NEH, Abundance, NDP, Rsquared,sigma,CI lower band, CI upper band
VIDPATATSVDLR, Yes, 0.11690, 0.982590, 0.021008, 0.105139,  2,   679.36973,  23, 11928956.000000, 12.000000, 0.952221, 0.009554, 0.095873, 0.137929
DALSDLALHFLNK, Yes, 0.09139, 0.954671, 0.026699, 0.134048,  3,   486.26466,  22, 5313365.500000, 12.000000, 0.904744, 0.010248, 0.068829, 0.113942
ETLLNSATTSLNSK, Yes, 0.08848, 0.969193, 0.028448, 0.101599,  2,   739.88846,  22, 7494482.500000, 12.000000, 0.891596, 0.010082, 0.066288, 0.110670
ALIAGGGAPEIELALR, Yes, 0.10608, 0.994991, 0.014670, 0.142982,  2,   775.94865,  39, 9285523.000000, 12.000000, 0.983806, 0.005365, 0.094266, 0.117885
AFADAMEVIPSTLAENAGLNPISTVTELR, Yes, 0.02192, 0.845990, 0.014228, 0.265548,  3,  1010.85325,  60, 1115891.375000, 12.000000, 0.698143, 0.002944, 0.015444, 0.028402
SIHDALcVIR, Yes, 0.09616, 0.926627, 0.036442, 0.083114,  3,   395.21325,  19, 21605662.000000, 12.000000, 0.824126, 0.013582, 0.066269, 0.126056


MeanRateConst/CorrCutOff, 0.095526, 0.900000


MedianRateConst/RMSSCutOff, 0.096163, 0.050000
StandDev/NumberPeptides, 0.008757, 4
TotalIonCurrent, 1.17509e+09
