Peptides, PeptideUnique, RateConstants, Correlations, RootMeanRSS, AbsoluteIsotopeError, Charge, m/z(Sequence), NEH, Abundance, NDP, Rsquared,sigma,CI lower band, CI upper band
ATLNLSLLK, Yes, 0.01780, 0.928787, 0.017953, 0.127422,  2,   486.80803,  11, 17241446.000000, 12.000000, 0.796951, 0.002415, 0.012485, 0.023116
VLDASWYSPGTR, Yes, 0.00228, 0.580220, 0.006973, 0.085192,  2,   676.33568,  21, 60557920.000000, 12.000000, 0.218146, 0.000534, 0.001105, 0.003456
GSVNMPFMDFLTK, Yes, 0.04380, 0.993962, 0.006472, 0.051296,  2,   743.85708,  15, 27519494.000000, 12.000000, 0.982905, 0.001710, 0.040032, 0.047558
YLGTQPEPDIVGLDSGHIR, Yes, 0.02341, 0.990550, 0.005964, 0.221099,  3,   689.68837,  36, 22193470.000000, 12.000000, 0.977581, 0.000833, 0.021579, 0.025244
PDVAVYDGSWSEWFR, Yes, 0.01403, 0.924416, 0.015615, 0.188346,  2,   907.41266,  27, 3905250.750000, 12.000000, 0.811487, 0.001832, 0.010000, 0.018064


MeanRateConst/CorrCutOff, 0.014381, 0.900000


MedianRateConst/RMSSCutOff, 0.017801, 0.050000
StandDev/NumberPeptides, 0.000992, 4
TotalIonCurrent, 3.18723e+09
