Peptides, PeptideUnique, RateConstants, Correlations, RootMeanRSS, AbsoluteIsotopeError, Charge, m/z(Sequence), NEH, Abundance, NDP, Rsquared,sigma,CI lower band, CI upper band
LDGAWWFLR, Yes, 0.05376, 0.996293, 0.005127, 0.082693,  2,   582.30346,  13, 19653258.000000, 12.000000, 0.992160, 0.001424, 0.050624, 0.056895
IYPVFGTYWDNcNR, Yes, 0.00000, -2.000000, 0.000717, 0.185830,  2,   902.90922,  18, 11550819.000000, 12.000000, -9.275172, 0.000077, 0.000000, 3.180520
YWTAANSWGPWWGER, Yes, 0.07562, 0.990252, 0.011951, 0.212934,  2,   933.92097,  27, 2537515.500000, 11.000000, 0.971193, 0.004638, 0.065286, 0.085953
GTNEcDIETFVLGVWGR, Yes, 0.04980, 0.858040, 0.035686, 0.147390,  3,   651.64389,  26, 3401034.750000, 12.000000, 0.732151, 0.008953, 0.030090, 0.069501
GTNEcDIETFVLGVWGR, Yes, 0.03234, 0.982937, 0.011974, 0.315901,  2,   976.96219,  26, 13502565.000000, 12.000000, 0.950304, 0.002179, 0.027541, 0.037135
ITGWGEETLPDGR, Yes, 0.15382, 0.954046, 0.032805, 0.619707,  2,   715.84916,  24, 9044765.000000, 12.000000, 0.908837, 0.021330, 0.106877, 0.200771


MeanRateConst/CorrCutOff, 0.059725, 0.900000


MedianRateConst/RMSSCutOff, 0.053760, 0.050000
StandDev/NumberPeptides, 0.002915, 3
TotalIonCurrent, 1.62845e+09
