Peptides, PeptideUnique, RateConstants, Correlations, RootMeanRSS, AbsoluteIsotopeError, Charge, m/z(Sequence), NEH, Abundance, NDP, Rsquared,sigma,CI lower band, CI upper band
VLELLLPIR, Yes, 0.06025, 0.984049, 0.013559, 0.098221,  2,   533.35515,  13, 12431213.000000, 12.000000, 0.964120, 0.003854, 0.051765, 0.068728
LFDATLTQYVK, Yes, 0.10074, 0.974539, 0.016271, 0.072684,  2,   649.85318,  13, 13846181.000000, 12.000000, 0.945767, 0.009112, 0.080684, 0.120796
AcDLWEQILR, Yes, 0.10344, 0.980360, 0.018684, 0.216136,  2,   652.32679,  21, 5352396.500000, 12.000000, 0.956197, 0.007749, 0.086384, 0.120493
NAGLPLSTTSNEAcK, Yes, 0.26598, 0.978353, 0.022090, 0.130195,  2,   781.87758,  29, 4926889.000000, 11.000000, 0.948115, 0.027101, 0.205595, 0.326363
DHILLFNDAHFLMASLGAR, Yes, 0.00000, -2.000000, 0.000977, 0.161655,  3,   714.37020,  36, 11993152.000000, 12.000000, -2193.635742, 0.000091, 0.000000, 3.106672
IVQIGGSNAQR, Yes, 0.05067, 0.982990, 0.020045, 0.128162,  2,   571.81746,  26, 4179345.000000, 12.000000, 0.960792, 0.003097, 0.043850, 0.057484


MeanRateConst/CorrCutOff, 0.078773, 0.900000


MedianRateConst/RMSSCutOff, 0.100740, 0.050000
StandDev/NumberPeptides, 0.004871, 4
TotalIonCurrent, 1.47629e+09
