Peptides, PeptideUnique, RateConstants, Correlations, RootMeanRSS, AbsoluteIsotopeError, Charge, m/z(Sequence), NEH, Abundance, NDP, Rsquared,sigma,CI lower band, CI upper band
IAPAFSSMSNK, Yes, 0.04848, 0.977736, 0.018764, 0.116877,  2,   576.78951,  23, 15285452.000000, 12.000000, 0.935479, 0.003193, 0.041456, 0.055512
IGTPVQATNMNDFK, Yes, 0.14857, 0.932643, 0.030727, 0.261162,  2,   768.37977,  22, 3306126.500000, 10.000000, 0.818227, 0.021347, 0.100275, 0.196856
IDQYQGADAVGLEEK, Yes, 0.17004, 0.990186, 0.015877, 0.204220,  2,   818.39666,  34, 5769973.500000, 10.000000, 0.978156, 0.011064, 0.145013, 0.195068
QHLENDPGSNEDADIPK, Yes, 0.30816, 0.859440, 0.051217, 0.160238,  3,   626.95365,  40, 1884879.500000, 11.000000, 0.681634, 0.079228, 0.131631, 0.484691
SMDFEEAER, Yes, 0.09666, 0.994075, 0.014383, 0.176136,  2,   557.22948,  25, 5150599.500000, 12.000000, 0.983755, 0.004450, 0.086869, 0.106460


MeanRateConst/CorrCutOff, 0.155838, 0.900000


MedianRateConst/RMSSCutOff, 0.170041, 0.050000
StandDev/NumberPeptides, 0.006241, 4
TotalIonCurrent, 7.6046e+08
