Peptides, PeptideUnique, RateConstants, Correlations, RootMeanRSS, AbsoluteIsotopeError, Charge, m/z(Sequence), NEH, Abundance, NDP, Rsquared,sigma,CI lower band, CI upper band
HFHNTLEHLR, Yes, 0.02508, 0.943222, 0.017927, 0.115357,  3,   435.22666,  19, 6751370.500000, 12.000000, 0.802665, 0.002332, 0.019943, 0.030207
IPVDTYNNILTVLK, Yes, 0.05884, 0.986661, 0.008762, 0.094427,  2,   801.95870,  13, 27102458.000000, 12.000000, 0.971149, 0.003294, 0.051586, 0.066086
QIVLTGILEQVVNcR, Yes, 0.07137, 0.933938, 0.031149, 0.060651,  3,   581.32582,  25, 2669894.750000, 12.000000, 0.867140, 0.009909, 0.049560, 0.093180
SDDPDQQYLILNTAR, Yes, 0.04981, 0.997705, 0.005047, 0.066123,  2,   874.92611,  30, 99963576.000000, 12.000000, 0.995028, 0.001016, 0.047578, 0.052050
ENDAVTIQVLNQLIQK, Yes, 0.07494, 0.987866, 0.014458, 0.176291,  2,   913.50453,  30, 2601556.750000, 12.000000, 0.970559, 0.004576, 0.064865, 0.085006
VADLYELVQYAGNIIPR, Yes, 0.08035, 0.997298, 0.008575, 0.122059,  3,   645.35090,  32, 2646242.250000, 12.000000, 0.988655, 0.003169, 0.073371, 0.087320
LLDEAIQAVK, Yes, 0.08704, 0.990237, 0.014419, 0.182501,  2,   550.32150,  21, 26997142.000000, 12.000000, 0.980230, 0.004321, 0.077529, 0.096552
VLETTVEIFNK, Yes, 0.00855, 0.615159, 0.020181, 0.068778,  2,   646.85846,  13, 39188236.000000, 12.000000, 0.275777, 0.002369, 0.003336, 0.013763
LNLEHIATSSAVSK, Yes, 0.09976, 0.977620, 0.023934, 0.255392,  3,   490.60345,  28, 12796404.000000, 12.000000, 0.951595, 0.008726, 0.080553, 0.118966


MeanRateConst/CorrCutOff, 0.070390, 0.900000


MedianRateConst/RMSSCutOff, 0.074935, 0.050000
StandDev/NumberPeptides, 0.002785, 6
TotalIonCurrent, 6.41038e+09
