RIA,RIA.ExperimentName,RIA.PeptideSeq,RIA.Charge,RIA.Time,RIA.I0,RIA.IonScore,RIA.RIA_value,RIA.I0_t_fromA1A0,RIA.I0_t_fromA2A0,RIA.I0_t_fromA2A1
v2.Model.RIA,"",ENIIDLTNANR,2,0,"","",0.480543317118226,0.486336360628629,0.470590505610584,0.449267629644903
v2.Model.RIA,"",ENIIDLTNANR,2,1,"","",0.220333418351553,0.220177117153229,0.217939871049239,0.215572316696743
v2.Model.RIA,"",ENIIDLTNANR,2,2,"","",0.23040365541917,0.226464846071311,0.229153233072419,0.23166259271354
v2.Model.RIA,"",ENIIDLTNANR,2,3,"","",0.207459432541904,0.202613494673703,0.208159648159318,0.213695930215219
v2.Model.RIA,"",ENIIDLTNANR,2,6,"","",0.187764532146496,0.181456833832366,0.183676036078436,0.186527898129121
v2.Model.RIA,"",ENIIDLTNANR,2,7,"","",0.209583766243505,0.21020532388613,0.203204949753595,0.196198186596885
v2.Model.RIA,"",ENIIDLTNANR,2,9,"","",0.185293491625648,0.193983448161421,0.178489536618401,0.168904957726857
v2.Model.RIA,"",ENIIDLTNANR,2,13,"","",0.200455633371301,0.207127115451591,0.199234852844915,0.190256580455123
v2.Model.RIA,"",ENIIDLTNANR,2,16,"","",0.193097705554675,0.201474343090393,0.193630462418755,0.18570880605434
v2.Model.RIA,"",ENIIDLTNANR,2,21,"","",0.197404095345761,0.187848899567106,0.197061277473962,0.207250319175371
v2.Model.RIA,"",ENIIDLTNANR,2,24,"","",0.208245024363535,0.207587358005392,0.204993518829496,0.201873286737026
v2.Model.RIA,"",ENIIDLTNANR,2,31,"","",0.16959186214885,0.160053815388774,0.169653313613468,0.180467617209408
