Peptides, PeptideUnique, RateConstants, Correlations, RootMeanRSS, AbsoluteIsotopeError, Charge, m/z(Sequence), NEH, Abundance, NDP, Rsquared,sigma,CI lower band, CI upper band
TILSLmTR, Yes, 0.04872, 0.876659, 0.020026, 0.148546,  2,   475.77060,  9, 1780517.750000, 6.000000, 0.569526, 0.014712, 0.010904, 0.086542
DGVYILDLAAK, Yes, 0.49619, 0.973851, 0.019941, 0.043693,  2,   589.32679,  17, 1311555.000000, 6.000000, 0.953657, 0.130178, 0.161556, 0.830822
YIcTTSAIQNR, Yes, 0.07376, 0.939127, 0.019307, 0.117589,  2,   663.82716,  20, 1132980.750000, 6.000000, 0.752030, 0.014440, 0.036639, 0.110879
LYRPGSVAYVSR, Yes, 0.13367, 0.982623, 0.015977, 0.034671,  3,   456.58585,  23, 3057956.250000, 6.000000, 0.932956, 0.016629, 0.090923, 0.176415
SGGmSNELNNIISR, Yes, 0.11633, 0.957050, 0.024495, 0.079416,  2,   754.36209,  28, 1206271.250000, 6.000000, 0.853800, 0.019106, 0.067217, 0.165442
DLVSSLTSGLLTIGDR, Yes, 0.40817, 0.951997, 0.036508, 0.069388,  2,   823.95161,  23, 300634.218750, 6.000000, 0.745323, 0.188634, 0.035040, 0.781294
EAYPEEAYIADLDAK, Yes, 0.39354, 0.959667, 0.027898, 0.224573,  2,   849.39885,  37, 471968.187500, 6.000000, 0.789972, 0.167928, 0.003117, 0.783958
KHPEVDVLINFASLR, Yes, 0.11256, 0.977941, 0.015701, 0.158820,  3,   579.99305,  27, 317604.000000, 5.000000, 0.928198, 0.017489, 0.063999, 0.161115
SAYDSTmETmNYAQIR, Yes, 0.19977, 0.990577, 0.013428, 0.127310,  2,   956.90620,  32, 714293.187500, 5.000000, 0.956604, 0.035752, 0.100504, 0.299029
QHFPATPLLDYALEVEK, Yes, 0.25134, 0.991498, 0.010688, 0.268203,  3,   657.67891,  33, 700743.312500, 6.000000, 0.965895, 0.032816, 0.166988, 0.335698
LTLLNPK, Yes, 0.26553, 0.763619, 0.038838, 0.040872,  2,   399.75781,  7, 3381235.250000, 5.000000, 0.001832, 0.288688, 0.000000, 1.167269
LNTEDIKR, Yes, 0.16540, 0.958023, 0.022596, 0.101104,  2,   494.77472,  13, 1769723.000000, 6.000000, 0.768157, 0.040688, 0.060803, 0.269988


MeanRateConst/CorrCutOff, 0.131988, 0.900000


MedianRateConst/RMSSCutOff, 0.116329, 0.050000
StandDev/NumberPeptides, 0.020594, 4
TotalIonCurrent, 4.16269e+08
