Peptides, PeptideUnique, RateConstants, Correlations, RootMeanRSS, AbsoluteIsotopeError, Charge, m/z(Sequence), NEH, Abundance, NDP, Rsquared,sigma,CI lower band, CI upper band
DLTDYLmK, Yes, 0.12845, 0.953433, 0.010218, 0.127491,  2,   507.74424,  7, 1770281.500000, 6.000000, 0.835521, 0.023881, 0.067062, 0.189837
SYELPDGQVITIGNER, Yes, 0.05897, 0.904098, 0.026662, 0.190280,  2,   895.94959,  32, 1376889.875000, 6.000000, 0.166520, 0.019020, 0.010078, 0.107864
DLYANTVLSGGTTmYPGIADR, Yes, 0.04209, 0.829941, 0.036724, 0.406462,  2,  1116.03608,  33, 169047.140625, 5.000000, 0.355360, 0.020249, 0.000000, 1.258191
AVFPSIVGRPR, No, 0.06592, 0.966758, 0.024191, 0.141362,  3,   400.24002,  23, 2252770.500000, 5.000000, 0.645090, 0.013716, 0.027835, 0.103997
QEYDESGPSIVHR, Yes, 0.06386, 0.961437, 0.026043, 0.060383,  3,   506.23907,  31, 534333.812500, 6.000000, 0.715195, 0.019229, 0.014431, 0.113289
DLTDYLMK, Yes, 0.04107, 0.622952, 0.023893, 0.117509,  2,   499.74679,  7, 376705.406250, 6.000000, 0.075996, 0.031081, 0.000000, 1.611657
IIAPPER, Yes, 0.04015, 0.963043, 0.014198, 0.571826,  2,   398.23978,  18, 3403645.000000, 6.000000, 0.924469, 0.003930, 0.030047, 0.050251
AVFPSIVGR, Yes, 0.06925, 0.976547, 0.016389, 0.089689,  2,   473.27945,  17, 904188.750000, 6.000000, 0.662378, 0.013777, 0.033832, 0.104661


MeanRateConst/CorrCutOff, 0.064498, 0.900000


MedianRateConst/RMSSCutOff, 0.063860, 0.050000
StandDev/NumberPeptides, 0.015995, 4
TotalIonCurrent, 2.75823e+08
