Peptides, PeptideUnique, RateConstants, Correlations, RootMeanRSS, AbsoluteIsotopeError, Charge, m/z(Sequence), NEH, Abundance, NDP, Rsquared,sigma,CI lower band, CI upper band
VPmTPGVK, Yes, 0.25076, 0.920245, 0.025755, 0.043998,  2,   422.73350,  10, 2507514.250000, 6.000000, 0.874568, 0.069317, 0.072571, 0.428940
EFDELSPSAQR, Yes, 0.30543, 0.984738, 0.022796, 0.054746,  2,   639.80166,  29, 2914018.250000, 6.000000, 0.958669, 0.057349, 0.158014, 0.452855
NmLFSGTNIAAGK, Yes, 0.08294, 0.992539, 0.008838, 0.134887,  2,   670.33736,  22, 2066663.375000, 4.000000, 0.980028, 0.006885, 0.061026, 0.104849
TGTLTTNQmSVcR, Yes, 0.12134, 0.995139, 0.014639, 0.115138,  2,   742.84524,  18, 1226465.750000, 6.000000, 0.899216, 0.020166, 0.069507, 0.173182
IRDEmVATEQER, Yes, 0.09121, 0.953172, 0.021747, 0.204770,  3,   498.24019,  31, 712457.687500, 6.000000, 0.801353, 0.023183, 0.031612, 0.150800
AmGVVVATGVNTEIGK, Yes, 0.22301, 0.975148, 0.015557, 0.173206,  2,   781.41636,  25, 772301.250000, 6.000000, 0.956560, 0.034121, 0.135302, 0.310721
VDQSILTGESVSVIK, Yes, 0.15230, 0.999045, 0.003760, 0.082169,  2,   787.93543,  24, 1556673.625000, 4.000000, 0.996422, 0.009783, 0.121167, 0.183436
VSFYQLSHFLQcK, Yes, 0.00000, -2.000000, 0.159144, 0.080755,  3,   552.94494,  20, 553443.625000, 6.000000, -0.020262, 0.031012, 0.000000, 2.102833
SLPSVETLGcTSVIcSDK, Yes, 0.01790, 0.923911, 0.025452, 0.163844,  2,   976.96882,  28, 497261.656250, 5.000000, 0.689743, 0.005440, 0.002797, 0.033005
EWGSGSDTLR, Yes, 0.09216, 0.563726, 0.060361, 0.077129,  2,   554.25690,  19, 2018283.625000, 6.000000, -0.057534, 0.040625, 0.000000, 0.907886


MeanRateConst/CorrCutOff, 0.111947, 0.900000


MedianRateConst/RMSSCutOff, 0.091206, 0.050000
StandDev/NumberPeptides, 0.011758, 4
TotalIonCurrent, 3.44749e+08
