Peptides, PeptideUnique, RateConstants, Correlations, RootMeanRSS, AbsoluteIsotopeError, Charge, m/z(Sequence), NEH, Abundance, NDP, Rsquared,sigma,CI lower band, CI upper band
EFFLELTmGR, No, 0.16112, 0.999463, 0.002573, 0.076509,  2,   629.81045,  16, 956232.625000, 4.000000, 0.997958, 0.008613, 0.133710, 0.188532
EANHNVSAPYGR, No, 0.13758, 0.955190, 0.027067, 0.108637,  3,   438.87769,  30, 1026948.500000, 6.000000, 0.890676, 0.022005, 0.081015, 0.194147
EANHNVSAPYGR, No, 0.10316, 0.960402, 0.033348, 0.110513,  2,   657.81289,  30, 640300.000000, 6.000000, 0.542779, 0.033732, 0.016454, 0.189874
SLLQGTILQYVK, No, 0.11565, 0.957965, 0.026130, 0.102574,  2,   681.90320,  17, 971019.687500, 4.000000, 0.894617, 0.044393, 0.000000, 0.696407
YAPLHLVPLIER, No, 0.19082, 0.995177, 0.012898, 0.038959,  3,   474.28187,  23, 1526041.625000, 4.000000, 0.961264, 0.042130, 0.056742, 0.324894
ALNLAYSSIYGSYR, Yes, 0.00000, -2.000000, 0.074155, 0.029473,  2,   789.40153,  26, 1227300.000000, 6.000000, -0.169832, 0.012603, 0.000000, 1.994333


MeanRateConst/CorrCutOff, 0.129379, 0.900000


MedianRateConst/RMSSCutOff, 0.137581, 0.050000
StandDev/NumberPeptides, 0.018716, 4
TotalIonCurrent, 1.27615e+08
