Peptides, PeptideUnique, RateConstants, Correlations, RootMeanRSS, AbsoluteIsotopeError, Charge, m/z(Sequence), NEH, Abundance, NDP, Rsquared,sigma,CI lower band, CI upper band
GIAISFAR, Yes, 0.21705, 0.942462, 0.038875, 0.063950,  2,   417.74524,  18, 1295239.750000, 5.000000, 0.793735, 0.076379, 0.004987, 0.429111
IITSTLEK, Yes, 0.11292, 0.973188, 0.030002, 0.075861,  2,   452.77112,  10, 2592856.000000, 5.000000, 0.358023, 0.076321, 0.000000, 0.556573
LLEVIPSR, Yes, 0.09291, 0.972965, 0.021366, 0.044562,  2,   463.78710,  15, 5542634.000000, 6.000000, 0.817370, 0.016154, 0.051385, 0.134436
LGILDVVVK, Yes, 0.10887, 0.954331, 0.015446, 0.056906,  2,   478.31296,  8, 2984103.750000, 5.000000, 0.750169, 0.032183, 0.019520, 0.198230
ALQYAFFAEK, Yes, 0.36835, 0.992604, 0.010041, 0.029344,  2,   594.30839,  22, 1766437.625000, 6.000000, 0.987087, 0.038781, 0.268661, 0.468040
VGIPVVAVESDPK, Yes, 0.41404, 0.987257, 0.013937, 0.035497,  2,   655.37174,  23, 2870508.750000, 6.000000, 0.963632, 0.076078, 0.218479, 0.609607
FAQTVIGKPIEPR, Yes, 0.18145, 0.955561, 0.024253, 0.095830,  2,   728.41955,  26, 438355.062500, 6.000000, 0.873165, 0.037749, 0.084410, 0.278485
VVGVPVALDLITSGR, Yes, 0.23894, 0.981234, 0.016997, 0.047633,  2,   748.44578,  23, 3021415.000000, 6.000000, 0.915785, 0.046267, 0.120011, 0.357877
VGFPEVmLGILPGAR, Yes, 0.10328, 0.956900, 0.019710, 0.099909,  2,   786.43435,  27, 653068.812500, 6.000000, 0.880903, 0.015352, 0.063811, 0.142739
SPTGLTLGSLVDEIQR, Yes, 0.25869, 0.992333, 0.040432, 0.154564,  2,   843.45706,  28, 991180.000000, 5.000000, 0.497190, 0.219016, 0.000000, 0.938364
LcNPPVNAISPTVITEVR, Yes, 0.12412, 0.924201, 0.024333, 0.329332,  2,   990.53277,  31, 388879.750000, 5.000000, 0.815487, 0.031128, 0.037696, 0.210544
FAQTVIGKPIEPR, Yes, 0.21590, 0.972555, 0.027788, 0.051295,  3,   485.94879,  26, 1660562.500000, 5.000000, 0.922646, 0.044840, 0.091402, 0.340396
YSSPTTIATVmSLSK, Yes, 0.29014, 0.937817, 0.026189, 0.123164,  2,   801.40819,  21, 663552.625000, 6.000000, 0.913840, 0.076619, 0.093185, 0.487094
IHKPDPWLSEFLSQYR, Yes, 0.39686, 0.982965, 0.043062, 0.296760,  3,   672.68277,  30, 374012.000000, 4.000000, 0.124571, 0.520598, 0.000000, 1.601686


MeanRateConst/CorrCutOff, 0.165413, 0.900000


MedianRateConst/RMSSCutOff, 0.181448, 0.050000
StandDev/NumberPeptides, 0.034316, 10
TotalIonCurrent, 6.74569e+08
