Peptides, PeptideUnique, RateConstants, Correlations, RootMeanRSS, AbsoluteIsotopeError, Charge, m/z(Sequence), NEH, Abundance, NDP, Rsquared,sigma,CI lower band, CI upper band
VLALDAAAFLK, Yes, 0.31991, 0.988542, 0.018830, 0.062125,  2,   566.34224,  21, 1658087.250000, 4.000000, 0.992685, 0.036445, 0.203927, 0.435895
AQLEEQLQEVR, Yes, 0.10322, 0.946986, 0.037394, 0.222663,  2,   671.85168,  32, 1066972.000000, 6.000000, 0.502179, 0.038828, 0.003414, 0.203034
DQFALAFHLINQK, Yes, 0.33373, 0.956832, 0.027773, 0.163677,  2,   772.91462,  25, 377892.500000, 4.000000, 0.988474, 0.047360, 0.183011, 0.484455
TSEVQDLQDEVQR, Yes, 4.39001, 0.987360, 0.015554, 0.077715,  2,   773.87082,  31, 546919.312500, 6.000000, 0.980462, 10062.333008, 3.976695, 4.803317
TDKDmDGYVSGLEVR, Yes, 0.33023, 0.972745, 0.015808, 0.091468,  3,   567.59805,  23, 582292.562500, 6.000000, 0.944632, 0.068397, 0.154409, 0.506050
LQQETAQLEESVESGK, Yes, 0.30540, 0.956230, 0.027383, 0.065257,  2,   888.43651,  41, 663425.375000, 6.000000, 0.908311, 0.074348, 0.114280, 0.496514
AAAAQLSLTQLSSGNPVYEK, Yes, 0.16710, 0.997202, 0.008922, 0.189949,  2,  1045.54183,  45, 360415.343750, 4.000000, 0.988382, 0.020651, 0.101383, 0.232826
AEITSQESQISSYEEELLK, Yes, 0.26509, 0.921386, 0.046947, 0.139267,  2,  1092.53132,  46, 478582.781250, 5.000000, -0.068673, 0.269546, 0.000000, 1.288261
LPVEILGR, Yes, 0.12359, 0.989333, 0.011244, 0.070547,  2,   448.78182,  14, 2649132.250000, 6.000000, 0.954637, 0.012453, 0.091578, 0.155602
IDPFGGDPFK, Yes, 0.23334, 0.982181, 0.016912, 0.156871,  2,   546.77166,  15, 1480704.125000, 4.000000, 0.675943, 0.083533, 0.000000, 0.813419


MeanRateConst/CorrCutOff, 0.279257, 0.900000


MedianRateConst/RMSSCutOff, 0.305397, 0.050000
StandDev/NumberPeptides, 0.049741, 7
TotalIonCurrent, 2.29265e+08
