Peptides, PeptideUnique, RateConstants, Correlations, RootMeanRSS, AbsoluteIsotopeError, Charge, m/z(Sequence), NEH, Abundance, NDP, Rsquared,sigma,CI lower band, CI upper band
GNIYSLNEGYAK, Yes, 4.61527, 0.964343, 0.021524, 0.477114,  2,   664.82767,  21, 1807807.750000, 6.000000, 0.892958, 44797.113281, 4.143785, 5.086758
QAGIAQLYGIAGSTNVTGDQVK, Yes, 0.03229, 0.602938, 0.057539, 0.267138,  2,  1096.07131,  43, 359280.812500, 5.000000, -0.451460, 0.030366, 0.000000, 1.701226
AGGLATTGDKDILDIVPTEIHQK, Yes, 0.19648, 0.982552, 0.012298, 0.080648,  3,   798.09546,  39, 511371.281250, 4.000000, 0.946491, 0.029948, 0.101175, 0.291791


MeanRateConst/CorrCutOff, 1.614680, 0.900000


MedianRateConst/RMSSCutOff, 0.196483, 0.050000
StandDev/NumberPeptides, 0.045234, 2
TotalIonCurrent, 7.07708e+07
