Peptides, PeptideUnique, RateConstants, Correlations, RootMeanRSS, AbsoluteIsotopeError, Charge, m/z(Sequence), NEH, Abundance, NDP, Rsquared,sigma,CI lower band, CI upper band
VLEALLPLK, Yes, 0.22065, 0.951768, 0.019806, 0.126279,  2,   498.32860,  14, 614703.875000, 6.000000, 0.720360, 0.071277, 0.037422, 0.403870
SDEAVKPLGVK, Yes, 0.36711, 0.995560, 0.007775, 0.069662,  2,   571.82441,  19, 948935.187500, 6.000000, 0.986582, 0.038831, 0.267289, 0.466925
VYLWEDPNSK, Yes, 0.24521, 0.901921, 0.030781, 0.065346,  2,   625.80622,  15, 1301116.125000, 6.000000, 0.696536, 0.098851, 0.000000, 0.654372
VQEVQQVSTNK, Yes, 0.35319, 0.995357, 0.008682, 0.101786,  2,   630.33314,  22, 1124260.750000, 6.000000, 0.992470, 0.028620, 0.279626, 0.426764


MeanRateConst/CorrCutOff, 0.296541, 0.900000


MedianRateConst/RMSSCutOff, 0.353195, 0.050000
StandDev/NumberPeptides, 0.047148, 4
TotalIonCurrent, 8.66819e+07
