Peptides, PeptideUnique, RateConstants, Correlations, RootMeanRSS, AbsoluteIsotopeError, Charge, m/z(Sequence), NEH, Abundance, NDP, Rsquared,sigma,CI lower band, CI upper band
ALLFIPR, Yes, 0.06589, 0.955491, 0.018319, 0.054875,  2,   415.26835,  12, 6764564.500000, 6.000000, 0.755027, 0.010884, 0.037914, 0.093870
LGIHEDSTNR, Yes, 0.13138, 0.966553, 0.020192, 0.021067,  3,   381.19139,  20, 1892333.000000, 6.000000, 0.886459, 0.020780, 0.077963, 0.184796
IDIIPNPQER, Yes, 0.09449, 0.956031, 0.026573, 0.085342,  2,   597.82748,  23, 2739989.000000, 6.000000, 0.739866, 0.021219, 0.039948, 0.149039
EQVANSAFVER, Yes, 0.16084, 0.957399, 0.031011, 0.062412,  2,   625.31220,  29, 7422928.500000, 6.000000, 0.855145, 0.031394, 0.080138, 0.241540
SLTNDWEDHLAVK, Yes, 0.28949, 0.996341, 0.006222, 0.053874,  3,   509.91945,  21, 1190956.625000, 6.000000, 0.988397, 0.024929, 0.225408, 0.353573
HSQFIGYPITLYLEK, Yes, 0.15466, 0.970143, 0.015563, 0.077820,  3,   603.65756,  23, 700026.437500, 6.000000, 0.873510, 0.027475, 0.084032, 0.225286
NPDDITQEEYGEFYK, Yes, 0.14209, 0.971386, 0.018575, 0.080552,  2,   924.40214,  29, 1869966.500000, 6.000000, 0.844287, 0.032389, 0.058834, 0.225349
SIYYITGESK, Yes, 1.49338, 0.995056, 0.011017, 0.279619,  2,   580.79532,  14, 3778763.000000, 6.000000, 0.471238, 10.100690, 0.808152, 2.178605
YHTSQSGDEmTSLSEYVSR, Yes, 0.26065, 0.991380, 0.011034, 0.115146,  3,   731.65154,  38, 1476440.125000, 6.000000, 0.966613, 0.034440, 0.172119, 0.349183


MeanRateConst/CorrCutOff, 0.136692, 0.900000


MedianRateConst/RMSSCutOff, 0.142091, 0.050000
StandDev/NumberPeptides, 0.025723, 5
TotalIonCurrent, 9.26713e+08
