Peptides, PeptideUnique, RateConstants, Correlations, RootMeanRSS, AbsoluteIsotopeError, Charge, m/z(Sequence), NEH, Abundance, NDP, Rsquared,sigma,CI lower band, CI upper band
DAGTIAGLNVLR, Yes, 0.09811, 0.977396, 0.022607, 0.095911,  2,   600.34076,  22, 1074354.250000, 6.000000, 0.704497, 0.022865, 0.039335, 0.156887
TTPSYVAFTDTER, Yes, 0.40798, 0.971485, 0.021801, 0.068383,  2,   744.35428,  20, 1959652.625000, 5.000000, 0.862539, 0.167501, 0.000000, 0.825435
NQVAmNPTNTVFDAK, Yes, 0.03749, 0.259776, 0.058542, 0.103251,  2,   833.39869,  25, 1184122.375000, 6.000000, -0.303125, 0.015730, 0.000000, 1.179404
IINEPTAAAIAYGLDKK, Yes, 0.04561, 0.993782, 0.013226, 0.161178,  3,   596.66823,  33, 1800253.625000, 5.000000, 0.708023, 0.008907, 0.020877, 0.070336
VQVEYKGETK, Yes, 0.44438, 0.980032, 0.022833, 0.334598,  2,   590.81405,  16, 590450.312500, 6.000000, 0.976739, 0.074505, 0.252855, 0.635899
NSLESYAFNmK, Yes, 0.06412, 0.999156, 0.049126, 0.268026,  2,   660.30044,  19, 450441.437500, 4.000000, 0.572935, 0.023535, 0.000000, 18.970060


MeanRateConst/CorrCutOff, 0.212039, 0.900000


MedianRateConst/RMSSCutOff, 0.098111, 0.050000
StandDev/NumberPeptides, 0.022948, 5
TotalIonCurrent, 1.93034e+08
