Peptides, PeptideUnique, RateConstants, Correlations, RootMeanRSS, AbsoluteIsotopeError, Charge, m/z(Sequence), NEH, Abundance, NDP, Rsquared,sigma,CI lower band, CI upper band
LAADDFR, No, 0.00000, -2.000000, 0.018621, 0.073438,  2,   404.20340,  16, 18523114.000000, 4.000000, -2.472324, 0.003887, 0.000000, 2.029905
VTMQNLNDR, No, 0.02765, 0.707681, 0.029508, 0.038868,  2,   545.76912,  15, 31775508.000000, 6.000000, 0.249869, 0.009527, 0.003159, 0.052137
VTmQNLNDR, No, 0.06373, 0.832114, 0.061212, 0.108983,  2,   553.76658,  15, 2860997.000000, 6.000000, 0.156467, 0.034688, 0.000000, 1.339483
EVATNSELVQSGK, No, 0.41461, 0.995729, 0.009701, 0.057625,  2,   681.34898,  27, 13724633.000000, 6.000000, 0.985367, 0.048295, 0.290463, 0.538758
GQVGGDVNVEmDAAPGVDLSR, Yes, 0.00000, -2.000000, 0.066865, 0.346802,  2,  1051.49459,  44, 177084.734375, 6.000000, -0.616781, 0.011821, 0.000000, 2.031898


MeanRateConst/CorrCutOff, 0.207306, 0.900000


MedianRateConst/RMSSCutOff, 0.414610, 0.050000
StandDev/NumberPeptides, 0.007195, 2
TotalIonCurrent, 1.44073e+09
