Peptides, PeptideUnique, RateConstants, Correlations, RootMeanRSS, AbsoluteIsotopeError, Charge, m/z(Sequence), NEH, Abundance, NDP, Rsquared,sigma,CI lower band, CI upper band
VGVIDLSPFGK, Yes, 0.06550, 0.947162, 0.017828, 0.048472,  2,   566.32406,  14, 1680587.625000, 6.000000, 0.716156, 0.014157, 0.029105, 0.101889
WTTTQYTEAK, Yes, 0.01922, 0.442091, 0.034294, 0.714524,  2,   614.79586,  13, 486781.093750, 6.000000, -0.773723, 0.015480, 0.000000, 1.554367
SFNISDIPVTAIR, Yes, 0.05797, 0.972681, 0.013247, 0.190219,  2,   716.89336,  23, 1099666.500000, 6.000000, 0.913569, 0.005967, 0.042631, 0.073308
VGFTNISHmLTPR, Yes, 0.07721, 0.757184, 0.047878, 0.065916,  3,   496.92577,  19, 1119222.625000, 6.000000, 0.272336, 0.037931, 0.000000, 0.794876
ISYTGELGWELYHR, Yes, 0.16986, 0.721645, 0.047265, 0.398025,  3,   575.28613,  24, 616847.562500, 6.000000, 0.065880, 0.093689, 0.000000, 0.845218
LEEETGQVVGFHQPGSIR, Yes, 0.12717, 0.995547, 0.007240, 0.215010,  3,   661.66920,  40, 1436312.375000, 5.000000, 0.990010, 0.008553, 0.103425, 0.150921
IHYDSIK, Yes, 5.34706, 0.954642, 0.093887, 0.969336,  2,   438.23470,  10, 497312.593750, 6.000000, 0.314582, 1814594.375000, 4.093673, 6.600445
LTSEDLSDDAFK, Yes, 0.13794, 0.963615, 0.025461, 0.060257,  2,   670.81444,  21, 1487208.500000, 5.000000, 0.843893, 0.036344, 0.037037, 0.238853
VVGNTTSGSYSYSIQK, Yes, 0.04332, 0.991905, 0.009670, 0.122766,  2,   845.91777,  24, 872458.500000, 6.000000, 0.864552, 0.006590, 0.026382, 0.060263


MeanRateConst/CorrCutOff, 0.086382, 0.900000


MedianRateConst/RMSSCutOff, 0.065497, 0.050000
StandDev/NumberPeptides, 0.009356, 5
TotalIonCurrent, 2.50132e+08
