Peptides, PeptideUnique, RateConstants, Correlations, RootMeanRSS, AbsoluteIsotopeError, Charge, m/z(Sequence), NEH, Abundance, NDP, Rsquared,sigma,CI lower band, CI upper band
ATLLLESGIR, Yes, 0.25632, 0.966542, 0.025460, 0.083316,  2,   536.82167,  19, 1498775.875000, 5.000000, 0.932139, 0.062840, 0.081845, 0.430786
EVQTVTSIQK, Yes, 0.34610, 0.960095, 0.019398, 0.057934,  2,   566.81405,  17, 1782043.000000, 6.000000, 0.927401, 0.079172, 0.142579, 0.549615
SALANQIDWTEIGVIVK, Yes, 0.50900, 0.966834, 0.018436, 0.184323,  2,   929.00945,  29, 231929.859375, 5.000000, 0.925816, 0.169363, 0.038769, 0.979224
FSTVDLR, Yes, 0.35566, 0.630765, 0.090438, 0.024723,  2,   419.22689,  9, 56147760.000000, 6.000000, 0.224129, 0.752715, 0.000000, 1.910749
ERYPIDHAR, Yes, 0.23718, 0.984747, 0.019159, 0.019260,  3,   386.20010,  23, 1774067.125000, 6.000000, 0.923561, 0.043456, 0.125476, 0.348888


MeanRateConst/CorrCutOff, 0.337148, 0.900000


MedianRateConst/RMSSCutOff, 0.346097, 0.050000
StandDev/NumberPeptides, 0.069613, 4
TotalIonCurrent, 1.1894e+09
