Peptides, PeptideUnique, RateConstants, Correlations, RootMeanRSS, AbsoluteIsotopeError, Charge, m/z(Sequence), NEH, Abundance, NDP, Rsquared,sigma,CI lower band, CI upper band
HGSLGFLPR, Yes, 0.05855, 0.845083, 0.033877, 0.042001,  2,   492.27470,  17, 6870969.500000, 6.000000, 0.788190, 0.009674, 0.033679, 0.083415
NNASTDYDLSDK, Yes, 0.07633, 0.985996, 0.010386, 0.030020,  2,   671.79149,  20, 9842253.000000, 6.000000, 0.969148, 0.005858, 0.061272, 0.091387
AHLmEIQVNGGTVAEK, Yes, 0.06679, 0.976469, 0.054248, 0.123921,  3,   571.62605,  33, 487928.156250, 6.000000, -0.205980, 0.051052, 0.000000, 1.448086
ERLEQQVPVNQVFGQDEmIDVIGVTK, Yes, 0.04921, 0.965631, 0.009958, 0.083724,  3,   996.50961,  51, 444750.156250, 6.000000, 0.868336, 0.007039, 0.031115, 0.067304
IGQGYLIK, Yes, 0.04772, 0.958830, 0.011866, 0.038417,  2,   446.26854,  11, 7692712.000000, 5.000000, 0.895624, 0.007599, 0.026619, 0.068814
SINPLGGFVHYGEVTNDFImLK, Yes, 0.04834, 0.973389, 0.010032, 0.093355,  3,   823.08239,  31, 567755.375000, 5.000000, 0.378390, 0.012182, 0.014517, 0.082160


MeanRateConst/CorrCutOff, 0.055398, 0.900000


MedianRateConst/RMSSCutOff, 0.049209, 0.050000
StandDev/NumberPeptides, 0.007598, 4
TotalIonCurrent, 6.44889e+08
