Peptides, PeptideUnique, RateConstants, Correlations, RootMeanRSS, AbsoluteIsotopeError, Charge, m/z(Sequence), NEH, Abundance, NDP, Rsquared,sigma,CI lower band, CI upper band
VSYDVTSAR, Yes, 0.47597, 0.960075, 0.035798, 0.091658,  2,   499.25109,  16, 2593905.250000, 6.000000, 0.894908, 0.199479, 0.271205, 0.680732
ITSLQEEVK, Yes, 0.23590, 0.992938, 0.010462, 0.055424,  2,   523.79004,  17, 2097362.750000, 6.000000, 0.971112, 0.028094, 0.163681, 0.308119
LADFGTcmK, No, 0.21287, 0.966826, 0.015615, 0.131966,  2,   529.73591,  12, 1578462.500000, 6.000000, 0.926976, 0.045868, 0.094966, 0.330779
GAFGEVQLVR, No, 0.24196, 0.993080, 0.011482, 0.067589,  2,   538.29838,  21, 4943298.000000, 5.000000, 0.985303, 0.030998, 0.155897, 0.328026
QEINTLLEAK, Yes, 0.33334, 0.973309, 0.027096, 0.138812,  2,   579.82186,  20, 722026.812500, 6.000000, 0.937255, 0.085892, 0.112543, 0.554128
SDSAFFWEER, No, 0.29405, 0.994552, 0.012005, 0.047498,  2,   637.27783,  23, 956057.000000, 6.000000, 0.969134, 0.039559, 0.192362, 0.395744
LLEFELAQLTK, Yes, 0.28487, 0.984894, 0.015714, 0.193476,  2,   652.87664,  19, 864735.250000, 6.000000, 0.966121, 0.045900, 0.166878, 0.402857
NSLTFPDDNDISK, Yes, 0.04839, 0.460389, 0.043630, 0.201992,  2,   733.34390,  19, 1569315.250000, 6.000000, -1.175562, 0.022295, 0.000000, 1.129191
NRQEITDKDHTVSR, Yes, 0.26910, 0.996964, 0.008757, 0.058083,  4,   425.46840,  28, 1233076.875000, 6.000000, 0.980047, 0.028375, 0.196157, 0.342037
GILEEQYFELTQESK, Yes, 0.00619, 0.328242, 0.109004, 0.360142,  2,   907.44634,  32, 499480.656250, 6.000000, 0.013539, 0.014538, 0.000000, 1.593166
NDQWAWETLR, Yes, 0.37478, 0.989621, 0.011715, 0.079225,  2,   659.81237,  20, 411526.531250, 6.000000, 0.965255, 0.062966, 0.212916, 0.536637
ELQDQLEAEQYFSTLYK, No, 0.13742, 0.945302, 0.034112, 0.107796,  2,  1053.00729,  35, 301287.312500, 5.000000, 0.493503, 0.082782, 0.000000, 0.887233
NIDNFLSR, Yes, 0.22006, 0.695710, 0.174371, 0.107357,  2,   489.75379,  13, 1403824.500000, 5.000000, 0.658285, 0.149957, 0.000000, 0.956576


MeanRateConst/CorrCutOff, 0.280858, 0.900000


MedianRateConst/RMSSCutOff, 0.269097, 0.050000
StandDev/NumberPeptides, 0.040103, 8
TotalIonCurrent, 5.01637e+08
