Peptides, PeptideUnique, RateConstants, Correlations, RootMeanRSS, AbsoluteIsotopeError, Charge, m/z(Sequence), NEH, Abundance, NDP, Rsquared,sigma,CI lower band, CI upper band
VSAIDFR, Yes, 0.36519, 0.975410, 0.025923, 0.450942,  2,   404.22160,  13, 2942813.250000, 6.000000, 0.782607, 0.168104, 0.044133, 0.686247
VSALSVVR, Yes, 0.05808, 0.965974, 0.014712, 0.065212,  2,   415.75835,  14, 2145271.250000, 6.000000, 0.898085, 0.006193, 0.042164, 0.074003
DLGFFGIYK, Yes, 0.05434, 0.951035, 0.033654, 0.158235,  2,   530.27912,  9, 1936843.000000, 6.000000, 0.640844, 0.020719, 0.001081, 0.107601
KIYSTLAGNR, Yes, 0.13537, 0.783462, 0.071980, 0.083852,  2,   561.81691,  16, 639334.375000, 6.000000, 0.525562, 0.083014, 0.000000, 0.955513
LAVATFAGIENK, Yes, 0.06963, 0.959704, 0.018426, 0.112790,  2,   617.34551,  23, 1741836.000000, 6.000000, 0.913942, 0.008541, 0.047671, 0.091582
YLNIFGESQPNPK, Yes, 0.06682, 0.996036, 0.005067, 0.116786,  2,   753.88299,  24, 1766130.375000, 6.000000, 0.991584, 0.002489, 0.060423, 0.073221
FGLYLPLFKPSASTSK, Yes, 0.12066, 0.950615, 0.021435, 0.047802,  3,   585.99417,  23, 688649.375000, 5.000000, 0.712747, 0.041637, 0.005052, 0.236259
SSPQFGVTLLTYELLQR, Yes, 0.10316, 0.994283, 0.012030, 0.048163,  3,   651.35443,  29, 185342.765625, 6.000000, 0.801551, 0.019417, 0.053247, 0.153075
SSPQFGVTLLTYELLQR, Yes, 0.00910, 0.828669, 0.058932, 0.176373,  2,   976.52801,  29, 203432.750000, 6.000000, 0.138253, 0.012771, 0.000000, 1.630059
ASGDAARPFLLQLAESAYR, Yes, 0.06308, 0.984314, 0.011240, 0.078894,  3,   679.35682,  49, 755904.250000, 5.000000, 0.967608, 0.005499, 0.047809, 0.078347
LQVAGEITTGPR, Yes, 0.11682, 0.984547, 0.014933, 0.040871,  2,   621.34605,  24, 1703549.750000, 6.000000, 0.961953, 0.011028, 0.088473, 0.145170
YEGFFGLYR, Yes, 0.09106, 0.951151, 0.039433, 0.155992,  2,   576.27965,  13, 1018553.187500, 4.000000, 0.535775, 0.040322, 0.000000, 18.016870


MeanRateConst/CorrCutOff, 0.082628, 0.900000


MedianRateConst/RMSSCutOff, 0.069626, 0.050000
StandDev/NumberPeptides, 0.008172, 9
TotalIonCurrent, 3.84142e+08
