Peptides, PeptideUnique, RateConstants, Correlations, RootMeanRSS, AbsoluteIsotopeError, Charge, m/z(Sequence), NEH, Abundance, NDP, Rsquared,sigma,CI lower band, CI upper band
QVIIQGFR, Yes, 0.16637, 0.961367, 0.020961, 0.061211,  2,   480.78490,  16, 1448510.000000, 5.000000, 0.943100, 0.027436, 0.090198, 0.242549
NFSEVFQK, Yes, 0.35128, 0.916611, 0.028869, 0.062396,  2,   499.75072,  14, 1091392.375000, 6.000000, 0.634523, 0.275950, 0.000000, 0.947494
VDALNDEIR, Yes, 0.64152, 0.917908, 0.069898, 0.185195,  2,   522.76964,  19, 865540.437500, 6.000000, 0.681176, 0.699709, 0.081187, 1.201852
KEESISLmK, Yes, 2.52148, 0.657622, 0.187541, 0.050531,  2,   540.78389,  16, 1242085.750000, 6.000000, 0.268468, 460.959991, 1.330522, 3.712443
AILNGIDSINK, Yes, 0.11307, 0.988567, 0.014727, 0.102030,  2,   579.32985,  18, 613853.875000, 4.000000, 0.954228, 0.020482, 0.047884, 0.178250
GALTGGYYDTR, Yes, 0.45440, 0.926271, 0.044918, 0.027162,  2,   587.28038,  17, 1543773.250000, 6.000000, 0.737017, 0.332401, 0.000000, 0.938498
EENAEQQALAAK, Yes, 0.44183, 0.904074, 0.053648, 0.137294,  2,   651.32020,  38, 1372245.000000, 6.000000, 0.758064, 0.201869, 0.063194, 0.820458
KAEEELGELEAK, Yes, 0.07393, 0.984006, 0.016671, 0.067487,  2,   673.34588,  32, 2059544.500000, 6.000000, 0.658431, 0.017518, 0.028904, 0.118966
LFYHIVDSDEVSTK, Yes, 0.40908, 0.796740, 0.038989, 0.057971,  3,   551.61040,  20, 848218.937500, 6.000000, 0.026153, 0.364657, 0.000000, 1.029640


MeanRateConst/CorrCutOff, 0.176164, 0.900000


MedianRateConst/RMSSCutOff, 0.166374, 0.050000
StandDev/NumberPeptides, 0.027401, 4
TotalIonCurrent, 2.82659e+08
