Peptides, PeptideUnique, RateConstants, Correlations, RootMeanRSS, AbsoluteIsotopeError, Charge, m/z(Sequence), NEH, Abundance, NDP, Rsquared,sigma,CI lower band, CI upper band
IEISELNR, No, 0.00000, -2.000000, 0.012500, 0.053068,  2,   487.26926,  18, 19341798.000000, 6.000000, -0.146417, 0.002058, 0.000000, 1.640590
AQYEEIAQR, Yes, 0.00575, 0.843488, 0.012599, 0.055285,  2,   554.27508,  28, 12241244.000000, 6.000000, -0.619101, 0.002543, 0.000000, 1.548335
STSSFScLSR, Yes, 0.07263, 0.276389, 0.196392, 0.306810,  2,   566.25859,  19, 1232063.250000, 5.000000, -0.502260, 0.067790, 0.000000, 1.500791
HGGGGGGFGGGGFGSR, Yes, 0.00000, -2.000000, 0.043030, 0.142386,  3,   440.86581,  32, 21284520.000000, 6.000000, -1.178055, 0.005813, 0.000000, 1.829009
SKEEAEALYHSK, Yes, 0.00000, -2.000000, 0.042644, 0.072784,  2,   696.34368,  30, 1011152.000000, 6.000000, -0.801477, 0.004389, 0.000000, 1.740612
VDLLNQEIEFLK, Yes, 0.00086, 0.258080, 0.023381, 0.071923,  2,   730.90339,  19, 1640305.625000, 6.000000, -0.066476, 0.004962, 0.000000, 1.652296
GGSGGGGSISGGGYGSGGGSGGR, Yes, 0.00000, -2.000000, 0.032734, 0.159333,  2,   871.37789,  48, 2169253.250000, 6.000000, -2.651670, 0.004233, 0.000000, 1.782578
SISISVAGGGGGFGAAGGFGGR, Yes, 0.00000, -2.000000, 0.039411, 0.076778,  2,   919.96085,  47, 7834494.000000, 5.000000, -1.421121, 0.007160, 0.000000, 1.971570
HGGGGGGFGGGGFGSR, Yes, 0.00833, 0.070189, 0.106611, 0.095533,  2,   660.79508,  32, 21661904.000000, 6.000000, -0.459943, 0.008028, 0.000000, 1.606754
NVQDAIADAEQR, Yes, 0.06832, 0.997458, 0.020823, 0.392767,  2,   665.32329,  34, 1669154.375000, 5.000000, 0.557607, 0.020067, 0.012608, 0.124039
TAAENDFVTLKK, Yes, 0.02594, 0.653906, 0.056541, 0.112232,  2,   668.85898,  18, 1731999.000000, 6.000000, -0.214522, 0.019054, 0.000000, 1.554937
LNDLEEALQQAK, Yes, 0.00820, 0.411812, 0.119377, 0.162442,  2,   686.35933,  29, 204994.734375, 6.000000, -0.056185, 0.015230, 0.000000, 1.776032
GSSSGGGYSSGSSSYGSGGR, Yes, 0.00000, -2.000000, 0.046100, 0.153844,  2,   870.85644,  44, 4404372.000000, 6.000000, -2.479368, 0.005837, 0.000000, 1.859015
FLEQQNQVLQTK, No, 0.68415, -2.000000, 0.216214, 0.019790,  2,   738.39627,  24, 17137314.000000, 1.000000, 0.000000, inf, 0.684153, 0.684153


MeanRateConst/CorrCutOff, 0.000001, 0.900000


MedianRateConst/RMSSCutOff, 0.000000, 0.050000
StandDev/NumberPeptides, 0.005279, 5
TotalIonCurrent, 2.26379e+09
