Peptides, PeptideUnique, RateConstants, Correlations, RootMeanRSS, AbsoluteIsotopeError, Charge, m/z(Sequence), NEH, Abundance, NDP, Rsquared,sigma,CI lower band, CI upper band
AAVEQLLK, Yes, 0.53448, 0.803531, 0.087496, 0.118636,  2,   436.26600,  18, 1308709.500000, 6.000000, 0.422401, 0.831149, 0.000000, 1.435076
VWEGFIK, Yes, 0.44580, 0.999962, 0.001776, 0.070009,  2,   439.74217,  8, 655476.437500, 4.000000, 0.989780, 0.057724, 0.262095, 0.629502
VVDLLNQAALITNDSK, Yes, 4.09920, 0.971863, 0.036283, 0.112017,  2,   857.47270,  26, 366672.562500, 6.000000, 0.861347, 13002.479492, 3.613558, 4.584843
ATNLcFAER, Yes, 0.03752, 0.377062, 0.055196, 0.476031,  2,   541.25838,  20, 360053.062500, 5.000000, -6.638623, 0.018886, 0.000000, 2.347725
SQALLFIK, Yes, 0.27533, 0.975750, 0.024476, 0.088743,  2,   460.28419,  13, 1544298.625000, 4.000000, 0.790916, 0.128521, 0.000000, 0.671529


MeanRateConst/CorrCutOff, 1.606775, 0.900000


MedianRateConst/RMSSCutOff, 0.445798, 0.050000
StandDev/NumberPeptides, 0.119499, 3
TotalIonCurrent, 7.12465e+07
