Peptides, PeptideUnique, RateConstants, Correlations, RootMeanRSS, AbsoluteIsotopeError, Charge, m/z(Sequence), NEH, Abundance, NDP, Rsquared,sigma,CI lower band, CI upper band
GDIFLVR, Yes, 0.04470, 0.688239, 0.059070, 0.135817,  2,   410.23980,  9, 369976.000000, 5.000000, 0.546222, 0.021024, 0.000000, 0.449901
GILLYGPPGTGK, Yes, 0.07149, 0.995191, 0.010475, 0.174472,  2,   586.83733,  16, 1126306.250000, 5.000000, 0.741467, 0.016321, 0.026173, 0.116802
EVDIGIPDATGR, Yes, 0.19148, 0.964372, 0.024645, 0.262553,  2,   621.81987,  24, 1095605.375000, 6.000000, 0.867018, 0.039814, 0.089135, 0.293827
WALSQSNPSALR, Yes, 0.07064, 0.961126, 0.027265, 0.045926,  2,   665.34911,  28, 667809.062500, 6.000000, 0.743898, 0.013119, 0.036919, 0.104366
KYEmFAQTLQQSR, Yes, 0.07056, 0.965192, 0.028134, 0.381317,  3,   549.27160,  29, 291960.968750, 5.000000, 0.805618, 0.021059, 0.012095, 0.129033


MeanRateConst/CorrCutOff, 0.101044, 0.900000


MedianRateConst/RMSSCutOff, 0.071487, 0.050000
StandDev/NumberPeptides, 0.019039, 4
TotalIonCurrent, 8.95377e+07
