Peptides, PeptideUnique, RateConstants, Correlations, RootMeanRSS, AbsoluteIsotopeError, Charge, m/z(Sequence), NEH, Abundance, NDP, Rsquared,sigma,CI lower band, CI upper band
ALQSIEK, Yes, 0.38770, 0.870896, 0.084006, 0.235673,  2,   394.72925,  16, 8376805.500000, 6.000000, 0.606051, 0.337660, 0.000000, 0.986081
HTFGLVQSK, Yes, 0.21742, 0.978448, 0.013212, 0.055766,  2,   508.77982,  13, 10354876.000000, 6.000000, 0.938384, 0.037104, 0.122042, 0.312800
GLGTEVPGNFQGPDPYR, Yes, 0.20000, 0.977250, 0.016606, 0.034927,  2,   902.43667,  33, 7771705.000000, 6.000000, 0.930192, 0.032279, 0.117028, 0.282981
ALQSIEKER, Yes, 0.75422, 0.892880, 0.051433, 0.021837,  2,   537.30109,  24, 2673457.250000, 6.000000, 0.252763, 1.425855, 0.000000, 38.386105


MeanRateConst/CorrCutOff, 0.208713, 0.900000


MedianRateConst/RMSSCutOff, 0.217421, 0.050000
StandDev/NumberPeptides, 0.034524, 2
TotalIonCurrent, 5.68559e+08
