Peptides, PeptideUnique, RateConstants, Correlations, RootMeanRSS, AbsoluteIsotopeError, Charge, m/z(Sequence), NEH, Abundance, NDP, Rsquared,sigma,CI lower band, CI upper band
VTVVDVNEAR, Yes, 0.02272, 0.252223, 0.169094, 0.599737,  2,   551.29857,  17, 3111935.750000, 6.000000, -0.046495, 0.039074, 0.000000, 1.916291
ILTTNTWSSELSK, Yes, 0.07743, 0.791123, 0.034311, 0.308578,  2,   740.38810,  17, 575133.375000, 6.000000, -0.054357, 0.025304, 0.012380, 0.142472
IAILGFAFK, Yes, 0.06927, 0.954354, 0.021303, 0.222869,  2,   490.30239,  13, 637770.562500, 4.000000, 0.281354, 0.026813, 0.000000, 0.977389
LAANAFLAQR, Yes, 0.18878, 0.995543, 0.030437, 0.084849,  2,   537.80635,  26, 793183.937500, 6.000000, 0.700753, 0.086198, 0.000000, 0.601318


MeanRateConst/CorrCutOff, 0.129028, 0.900000


MedianRateConst/RMSSCutOff, 0.188782, 0.050000
StandDev/NumberPeptides, 0.040903, 2
TotalIonCurrent, 8.23344e+07
