Peptides, PeptideUnique, RateConstants, Correlations, RootMeanRSS, AbsoluteIsotopeError, Charge, m/z(Sequence), NEH, Abundance, NDP, Rsquared,sigma,CI lower band, CI upper band
LAQIHIPR, Yes, 0.17961, 0.953789, 0.060657, 0.036787,  2,   474.29288,  19, 429922592.000000, 8.000000, 0.539493, 0.056513, 0.045979, 0.313242
KPFDPENTK, Yes, 0.17194, 0.977215, 0.047904, 0.027641,  2,   538.27456,  14, 79271488.000000, 7.000000, 0.476861, 0.067146, 0.007639, 0.336240
QAEFHVDESTTVK, Yes, 0.60326, 0.993815, 0.014580, 0.084084,  2,   745.85972,  25, 25491632.000000, 6.000000, 0.983789, 0.057994, 0.454186, 0.752342
IFNSGADLSGITEENAPLK, Yes, 0.60517, 0.993899, 0.017741, 0.023508,  3,   659.33721,  37, 47301580.000000, 6.000000, 0.966074, 0.079241, 0.401471, 0.808860
IFNSGADLSGITEENAPLK, Yes, 0.42309, 0.954778, 0.032951, 0.021501,  2,   988.50218,  37, 322967520.000000, 8.000000, 0.857365, 0.093393, 0.202248, 0.643928


MeanRateConst/CorrCutOff, 0.450864, 0.900000


MedianRateConst/RMSSCutOff, 0.603264, 0.050000
StandDev/NumberPeptides, 0.072120, 4
TotalIonCurrent, 2.87591e+10
