Peptides, PeptideUnique, RateConstants, Correlations, RootMeanRSS, AbsoluteIsotopeError, Charge, m/z(Sequence), NEH, Abundance, NDP, Rsquared,sigma,CI lower band, CI upper band
YTSFEYPK, Yes, 0.92091, 0.963907, 0.034140, 0.034936,  2,   517.74510,  11, 76805384.000000, 8.000000, 0.744092, 0.268868, 0.285138, 1.556683
ITcPPPPVPK, Yes, 0.08489, 0.842572, 0.046565, 0.065859,  2,   553.30736,  16, 113340528.000000, 8.000000, -0.323656, 0.033557, 0.005542, 0.164242
LDGPEEAEcTK, Yes, 3.10806, 0.978445, 0.032326, 0.069045,  2,   624.77426,  25, 29347610.000000, 6.000000, 0.954467, 0.712714, 1.275967, 4.940148
TGTWSFLPTcR, Yes, 0.64408, 0.952468, 0.030569, 0.034659,  2,   663.31899,  13, 104749568.000000, 8.000000, 0.735318, 0.176369, 0.227032, 1.061126
VcPFAGILENGIVR, Yes, 0.30245, 0.901310, 0.065494, 0.030658,  2,   772.91632,  25, 11276890.000000, 8.000000, 0.087833, 0.133511, 0.000000, 1.089506
VcPFAGILENGIVR, Yes, 1.21345, 0.957939, 0.038342, 0.083281,  3,   515.61330,  25, 4247980.500000, 7.000000, 0.699968, 0.405978, 0.220056, 2.206842


MeanRateConst/CorrCutOff, 1.471624, 0.900000


MedianRateConst/RMSSCutOff, 1.213449, 0.050000
StandDev/NumberPeptides, 0.301762, 4
TotalIonCurrent, 7.54096e+09
