Peptides, PeptideUnique, RateConstants, Correlations, RootMeanRSS, AbsoluteIsotopeError, Charge, m/z(Sequence), NEH, Abundance, NDP, Rsquared,sigma,CI lower band, CI upper band
TGAQELLK, Yes, 0.37929, 0.979281, 0.056624, 0.038481,  2,   430.24781,  15, 72509320.000000, 8.000000, 0.521323, 0.139070, 0.050439, 0.708137
EPGLQIWR, Yes, 0.97706, 0.972199, 0.040840, 0.041657,  2,   499.77453,  17, 43272108.000000, 8.000000, 0.835129, 0.227977, 0.437982, 1.516142
AGKEPGLQIWR, Yes, 0.54880, 0.975380, 0.030179, 0.198232,  3,   418.90329,  24, 3014198.250000, 7.000000, 0.842827, 0.159387, 0.158794, 0.938805
HVVPNEVVVQR, Yes, 0.07043, 0.938513, 0.038574, 0.133165,  3,   425.91045,  21, 5396871.000000, 7.000000, 0.693942, 0.023852, 0.012063, 0.128789
HVVPNEVVVQR, Yes, 0.16819, 0.920149, 0.055762, 0.097006,  2,   638.36204,  21, 8906896.000000, 8.000000, 0.244346, 0.071015, 0.000264, 0.336113
SGALNSNDAFVLK, Yes, 0.76211, 0.968553, 0.044425, 0.050332,  2,   668.34878,  23, 36655184.000000, 8.000000, 0.800947, 0.186897, 0.320168, 1.204048
SEDcFILDHGR, Yes, 0.09557, 0.855378, 0.063170, 0.093515,  3,   450.20319,  22, 23699054.000000, 8.000000, 0.104901, 0.048904, 0.000000, 1.425423
EVQGFESSTFSGYFK, Yes, 1.14562, 0.997519, 0.010492, 0.073981,  2,   856.89377,  26, 11794968.000000, 6.000000, 0.987649, 0.093954, 0.904108, 1.387141
DPDQTDGPGLGYLSSHIANVER, Yes, 0.18811, 0.990801, 0.054769, 0.079364,  3,   781.04002,  45, 4706195.000000, 5.000000, 0.441320, 0.146347, 0.000000, 1.793429


MeanRateConst/CorrCutOff, 0.858398, 0.900000


MedianRateConst/RMSSCutOff, 0.762108, 0.050000
StandDev/NumberPeptides, 0.150068, 4
TotalIonCurrent, 4.05893e+09
