Peptides, PeptideUnique, RateConstants, Correlations, RootMeanRSS, AbsoluteIsotopeError, Charge, m/z(Sequence), NEH, Abundance, NDP, Rsquared,sigma,CI lower band, CI upper band
DLPSPIER, Yes, 0.11733, 0.963172, 0.031385, 0.106185,  2,   463.75071,  18, 115837448.000000, 7.000000, 0.820524, 0.034274, 0.033461, 0.201194
TDSFScNVR, Yes, 0.04967, 0.968224, 0.021883, 0.044167,  2,   543.23766,  15, 121071824.000000, 7.000000, 0.893366, 0.010034, 0.025116, 0.074222
DVLMISLTPK, Yes, 0.08771, 0.940323, 0.068357, 0.082322,  2,   558.82029,  11, 12539678.000000, 7.000000, 0.468713, 0.073713, 0.000000, 2.319238
APQVYILPPPAEQLSR, Yes, 0.13757, 0.993866, 0.012732, 0.033440,  2,   889.99360,  39, 55051272.000000, 7.000000, 0.978778, 0.012218, 0.107668, 0.167463
LEPSGPISTINPcPPcK, Yes, 0.06773, 0.988287, 0.031476, 0.085173,  2,   933.95805,  32, 36188196.000000, 7.000000, 0.855728, 0.015432, 0.029966, 0.105488
cPAPNLEGGPSVFIFPPNIK, Yes, 0.09055, 0.990221, 0.014409, 0.072922,  2,  1077.55625,  37, 16309116.000000, 6.000000, 0.957996, 0.015407, 0.050943, 0.130152
TTPPSVYPLAPGcGDTTGSSVTLGcLVK, Yes, 0.08186, 0.980714, 0.012575, 0.039249,  3,   945.80164,  41, 23338376.000000, 6.000000, 0.961673, 0.013879, 0.046182, 0.117536
DTAPVLDSDGSYFIYSK, Yes, 0.11365, 0.984952, 0.017435, 0.061461,  2,   939.44381,  26, 12946679.000000, 6.000000, 0.939863, 0.022164, 0.056680, 0.170626


MeanRateConst/CorrCutOff, 0.094223, 0.900000


MedianRateConst/RMSSCutOff, 0.090548, 0.050000
StandDev/NumberPeptides, 0.018112, 5
TotalIonCurrent, 8.79808e+09
