Peptides, PeptideUnique, RateConstants, Correlations, RootMeanRSS, AbsoluteIsotopeError, Charge, m/z(Sequence), NEH, Abundance, NDP, Rsquared,sigma,CI lower band, CI upper band
EPQFISR, Yes, 0.12625, 0.799317, 0.085329, 0.108881,  2,   438.73233,  17, 48665684.000000, 8.000000, -0.486109, 0.063136, 0.000000, 1.378013
VDSVNPPYPR, Yes, 0.11931, 0.909742, 0.120110, 0.033242,  2,   572.29329,  19, 13889518.000000, 7.000000, -1.163961, 0.110224, 0.000000, 1.429815
RVDSVNPPYPR, Yes, 0.05167, 0.479755, 0.093502, 0.108636,  2,   650.34384,  22, 17403738.000000, 8.000000, -0.612898, 0.031761, 0.000000, 2.109815
FEDGVLDPGYPR, Yes, 2.89826, 0.973091, 0.036388, 0.053294,  2,   682.82770,  22, 22091998.000000, 8.000000, 0.808201, 0.979629, 0.581802, 5.214711
IYVTGSLSHSAQAK, Yes, 0.49064, 0.979082, 0.040874, 0.080842,  3,   487.92805,  28, 20255656.000000, 8.000000, 0.695859, 0.144420, 0.149141, 0.832139
SIAQYWLGcPTSEK, Yes, 66.63390, 0.910231, 0.088532, 0.065812,  2,   820.39287,  26, 4758272.000000, 8.000000, -0.675508, 67208196096.000000, 65.515015, 67.752777
LIQDVWGIEGPIDAAFTR, Yes, 1.52242, 0.959514, 0.037416, 0.122712,  3,   667.68619,  34, 2184643.500000, 5.000000, 0.846718, 0.573344, 0.879643, 2.165190
GQYcYELDETAVRPGYPK, Yes, 0.76157, 0.986497, 0.038816, 0.118731,  3,   716.00184,  35, 14969071.000000, 6.000000, 0.722847, 0.283460, 0.032917, 1.490229


MeanRateConst/CorrCutOff, 1.418222, 0.900000


MedianRateConst/RMSSCutOff, 1.522416, 0.050000
StandDev/NumberPeptides, 0.302640, 4
TotalIonCurrent, 3.42608e+09
