Peptides, PeptideUnique, RateConstants, Correlations, RootMeanRSS, AbsoluteIsotopeError, Charge, m/z(Sequence), NEH, Abundance, NDP, Rsquared,sigma,CI lower band, CI upper band
YDDMAAcMK, Yes, 0.15603, 0.987345, 0.018930, 0.078867,  2,   552.71156,  16, 156642112.000000, 12.000000, 0.961871, 0.014453, 0.124217, 0.187837
YLAEVAAGDDKK, Yes, 0.13598, 0.971996, 0.027986, 0.092802,  2,   640.33005,  24, 59711392.000000, 12.000000, 0.931320, 0.013639, 0.105958, 0.165995
YLAEVAAGDDKK, Yes, 0.08327, 0.696767, 0.084483, 0.040295,  3,   427.22246,  24, 88448432.000000, 12.000000, 0.037468, 0.025260, 0.027671, 0.138866
FLIPNASQPESK, Yes, 0.04772, 0.806897, 0.064063, 0.030621,  2,   665.85370,  26, 379404032.000000, 12.000000, 0.525388, 0.012460, 0.020300, 0.075150
DIcNDVLSLLEK, Yes, 0.18210, 0.996873, 0.009012, 0.026802,  2,   709.86341,  17, 241814032.000000, 12.000000, 0.961036, 0.017553, 0.143469, 0.220739
SVTEQGAELSNEER, Yes, 0.21068, 0.998184, 0.008844, 0.048907,  2,   774.86043,  37, 100216888.000000, 12.000000, 0.990334, 0.009653, 0.189430, 0.231923
GIVDQSQQAYQEAFEISK, Yes, 0.21660, 0.998668, 0.004751, 0.052118,  2,  1020.99727,  44, 72469712.000000, 12.000000, 0.996924, 0.005506, 0.204479, 0.228717
TAFDEAIAELDTLSEESYK, Yes, 0.20710, 0.998626, 0.005198, 0.048526,  2,  1066.49949,  40, 18141094.000000, 12.000000, 0.995002, 0.006967, 0.191768, 0.222435
TAFDEAIAELDTLSEESYK, Yes, 0.22853, 0.996198, 0.007884, 0.034952,  3,   711.33542,  40, 28725778.000000, 12.000000, 0.991492, 0.009734, 0.207102, 0.249950


MeanRateConst/CorrCutOff, 0.200172, 0.900000


MedianRateConst/RMSSCutOff, 0.207101, 0.050000
StandDev/NumberPeptides, 0.009123, 6
TotalIonCurrent, 3.98747e+10
