Peptides, PeptideUnique, RateConstants, Correlations, RootMeanRSS, AbsoluteIsotopeError, Charge, m/z(Sequence), NEH, Abundance, NDP, Rsquared,sigma,CI lower band, CI upper band
YLAEVASGEK, Yes, 0.18403, 0.955664, 0.037510, 0.069485,  2,   533.77438,  22, 330243648.000000, 12.000000, 0.880962, 0.026845, 0.124945, 0.243117
EHMQPTHPIR, No, 0.16943, 0.992203, 0.020117, 0.123538,  2,   623.31148,  24, 9090107.000000, 12.000000, 0.879171, 0.025776, 0.112698, 0.226161
EHMQPTHPIR, No, 0.19136, 0.997175, 0.013822, 0.089490,  3,   415.87675,  24, 65175620.000000, 12.000000, 0.899574, 0.026521, 0.132992, 0.249735
NcNDFQYESK, Yes, 0.16681, 0.982923, 0.019107, 0.101862,  2,   652.76423,  19, 18670670.000000, 12.000000, 0.945635, 0.014886, 0.134050, 0.199576
AVTELNEPLSNEDR, Yes, 0.01180, 0.676157, 0.039339, 0.096647,  2,   793.88645,  32, 149253104.000000, 12.000000, 0.086698, 0.003738, 0.003576, 0.020031
NSVVEASEAAYK, Yes, 0.10902, 0.899674, 0.053566, 0.047515,  2,   634.31186,  29, 48129388.000000, 12.000000, 0.272893, 0.022857, 0.058715, 0.159330
ELETVcNDVLALLDK, Yes, 0.11408, 0.952749, 0.027630, 0.218845,  2,   866.44529,  23, 28071062.000000, 12.000000, 0.905093, 0.014716, 0.081696, 0.146474


MeanRateConst/CorrCutOff, 0.177909, 0.900000


MedianRateConst/RMSSCutOff, 0.169430, 0.050000
StandDev/NumberPeptides, 0.022108, 4
TotalIonCurrent, 1.32863e+10
