Peptides, PeptideUnique, RateConstants, Correlations, RootMeanRSS, AbsoluteIsotopeError, Charge, m/z(Sequence), NEH, Abundance, NDP, Rsquared,sigma,CI lower band, CI upper band
NNPGVLTTR, Yes, 1.32389, 0.899503, 0.054720, 0.165496,  2,   486.26707,  13, 62210908.000000, 12.000000, 0.614823, 0.486431, 0.253262, 2.394517
VGFFELFR, Yes, 0.24238, 0.989150, 0.015079, 0.039629,  2,   507.77401,  11, 87671344.000000, 12.000000, 0.961172, 0.025518, 0.186214, 0.298541
STALQLIQR, Yes, 0.11958, 0.989819, 0.016068, 0.034501,  2,   515.30619,  20, 508282624.000000, 12.000000, 0.925321, 0.011267, 0.094780, 0.144379
AGSIADEVLSSIR, Yes, 0.46732, 0.996188, 0.014643, 0.033223,  2,   659.35406,  30, 53076720.000000, 12.000000, 0.980018, 0.033564, 0.393443, 0.541192
KPPIDVYSGAGEK, Yes, 0.38557, 0.836841, 0.059308, 0.602926,  2,   680.85898,  24, 21086886.000000, 12.000000, -0.804297, 0.131739, 0.095613, 0.675526
IQHGHTIISVAHR, Yes, 0.31616, 0.992797, 0.014414, 0.075559,  4,   367.95875,  28, 13243847.000000, 12.000000, 0.904175, 0.046491, 0.213836, 0.418489
QPVMDcMSGDGYK, Yes, 0.25573, 0.981065, 0.019169, 0.143536,  2,   744.30182,  22, 13137364.000000, 12.000000, 0.960301, 0.025788, 0.198967, 0.312486
IDEAIADQMALFLQR, Yes, 0.00001, 0.743168, 0.059332, 0.162748,  2,   867.44816,  35, 27161738.000000, 12.000000, -0.120829, 0.005118, 0.000000, 4.510214
FYDPDQGTVMIDGHDSK, Yes, 0.17101, 0.928879, 0.031210, 0.142588,  3,   642.28425,  27, 27185778.000000, 12.000000, 0.760892, 0.034778, 0.094459, 0.247552
ILLLDMATSALDNESEAK, Yes, 0.32107, 0.982943, 0.015718, 0.145259,  2,   967.49296,  36, 9880248.000000, 12.000000, 0.958946, 0.030703, 0.253499, 0.388650
LSTIQNSDIIAVMSQGVVIEK, Yes, 0.04537, 0.617307, 0.067784, 0.288790,  3,   749.07512,  37, 17712722.000000, 12.000000, -0.142930, 0.021088, 0.000000, 3.230394
SNIGIVSQEPVLFDcSIMDNIK, Yes, 0.39164, 0.985519, 0.010402, 0.151220,  3,   827.07842,  37, 8346961.500000, 12.000000, 0.934258, 0.045084, 0.292410, 0.490868
MEIGWFDcTSVGELNSR, Yes, 0.05825, 0.960606, 0.114532, 0.380662,  2,  1000.94568,  29, 3089314.250000, 4.000000, 0.371258, 0.086882, 0.000000, 5.982516
IQHGHTIISVAHR, Yes, 0.44928, 0.969278, 0.024647, 0.124259,  3,   490.27590,  28, 4785913.500000, 12.000000, 0.863321, 0.076920, 0.279978, 0.618578


MeanRateConst/CorrCutOff, 0.349082, 0.900000


MedianRateConst/RMSSCutOff, 0.321074, 0.050000
StandDev/NumberPeptides, 0.035529, 7
TotalIonCurrent, 2.87341e+10
