Peptides, PeptideUnique, RateConstants, Correlations, RootMeanRSS, AbsoluteIsotopeError, Charge, m/z(Sequence), NEH, Abundance, NDP, Rsquared,sigma,CI lower band, CI upper band
PGEVLGLVGTNGIGK, Yes, 0.12578, 0.967111, 0.042693, 0.242913,  2,   705.90120,  22, 19648080.000000, 12.000000, 0.813998, 0.026267, 0.067967, 0.183594
cPFGALSIVNLPSNLEK, Yes, 0.03370, 0.932537, 0.103013, 0.446833,  2,   929.99020,  30, 144460720.000000, 12.000000, 0.437856, 0.016168, 0.000000, 3.860882
EGINIFLDGYVPTENLR, Yes, 0.05601, 0.839337, 0.036764, 0.065235,  2,   975.50199,  28, 27012088.000000, 12.000000, 0.436734, 0.010656, 0.032560, 0.079467
YDDPPDWQEILTYFR, Yes, 0.09753, 0.859648, 0.038206, 0.282382,  2,   979.45197,  25, 35779896.000000, 12.000000, 0.534562, 0.025984, 0.040341, 0.154721


MeanRateConst/CorrCutOff, 0.125780, 0.900000


MedianRateConst/RMSSCutOff, 0.125780, 0.050000
StandDev/NumberPeptides, 0.026267, 1
TotalIonCurrent, 5.56568e+09
