Peptides, PeptideUnique, RateConstants, Correlations, RootMeanRSS, AbsoluteIsotopeError, Charge, m/z(Sequence), NEH, Abundance, NDP, Rsquared,sigma,CI lower band, CI upper band
VPETNILGK, Yes, 0.18137, 0.983773, 0.016369, 0.042853,  2,   485.78202,  13, 128636152.000000, 12.000000, 0.878579, 0.024710, 0.126983, 0.235755
YAIGSLNEGR, Yes, 0.02071, 0.819227, 0.097929, 0.417839,  2,   540.27762,  22, 242179456.000000, 12.000000, 0.325026, 0.009956, 0.000000, 3.767339
ASSTcQLTFENVK, Yes, 0.25973, 0.991592, 0.014344, 0.140857,  2,   742.85612,  23, 56069344.000000, 12.000000, 0.968699, 0.021799, 0.211749, 0.307706
LGSFcLSEAGAGSDSFAMK, Yes, 0.31192, 0.989133, 0.012640, 0.106021,  2,   967.93477,  39, 7342322.000000, 11.000000, 0.966719, 0.026921, 0.251932, 0.371900
VDASVALLcDIQNTIINNLFR, Yes, 0.27755, 0.997551, 0.007407, 0.036691,  3,   797.08965,  35, 12794364.000000, 12.000000, 0.991777, 0.012638, 0.249736, 0.305369
VDASVALLcDIQNTIINNLFR, Yes, 0.26594, 0.995051, 0.008308, 0.041113,  2,  1195.13083,  35, 5224293.500000, 9.000000, 0.985992, 0.015896, 0.229289, 0.302599
IFDFQGLQHQVAQVATQLEATR, Yes, 0.30521, 0.998565, 0.004042, 0.021332,  3,   834.10295,  50, 51190016.000000, 12.000000, 0.992768, 0.012860, 0.276906, 0.333516
YYASEVAGLTTSK, Yes, 37.18318, -0.215300, 0.105099, 0.634783,  2,   695.34845,  22, 76761912.000000, 12.000000, -3.235498, 3922626112126976.000000, 35.348915, 39.017441
cIEWMGGVGYTK, Yes, 13.78785, 0.666137, 0.048225, 0.527974,  2,   700.82050,  15, 74234376.000000, 12.000000, -2.672484, 237420.546875, 12.415884, 15.159807
IGTIYEGASNIQLNTIAK, Yes, 0.33537, 0.983347, 0.029906, 0.187402,  2,   953.51763,  32, 19598026.000000, 12.000000, 0.905054, 0.064296, 0.193860, 0.476888


MeanRateConst/CorrCutOff, 0.292621, 0.900000


MedianRateConst/RMSSCutOff, 0.277552, 0.050000
StandDev/NumberPeptides, 0.018846, 6
TotalIonCurrent, 1.83004e+10
