Peptides, PeptideUnique, RateConstants, Correlations, RootMeanRSS, AbsoluteIsotopeError, Charge, m/z(Sequence), NEH, Abundance, NDP, Rsquared,sigma,CI lower band, CI upper band
IGQIITIR, Yes, 0.38358, 0.963345, 0.040481, 0.115990,  2,   457.29510,  13, 126221056.000000, 11.000000, 0.909328, 0.065473, 0.237692, 0.529459
DNNTYTVALR, Yes, 1.16859, 0.862322, 0.063655, 0.106643,  2,   583.79365,  15, 97819008.000000, 11.000000, 0.614032, 0.735775, 0.000000, 2.376995
WMDTTAcLAAEK, Yes, 0.30800, 0.976248, 0.028163, 0.143280,  2,   698.81540,  22, 21864724.000000, 11.000000, 0.937571, 0.047784, 0.201533, 0.414470
LQHENTFNNIMK, Yes, 0.13518, 0.874580, 0.049446, 0.186884,  2,   744.86681,  20, 22684748.000000, 11.000000, 0.524161, 0.042731, 0.039966, 0.230386
SVVLPSVPSSPQYIR, Yes, 2.26685, 0.930513, 0.036951, 0.260258,  2,   814.95395,  29, 47217588.000000, 11.000000, 0.409320, 1.596594, 1.474412, 3.059278
VEAFDcQEWAEGQGR, Yes, 0.28924, 0.969217, 0.034020, 0.179742,  2,   891.38103,  39, 6283828.500000, 9.000000, 0.844616, 0.069488, 0.128997, 0.449477
LVGSPAHIAYHLLSDLTK, Yes, 0.20443, 0.974917, 0.018482, 0.149238,  4,   484.52291,  30, 9360697.000000, 11.000000, 0.919506, 0.027608, 0.142920, 0.265949
SIEEAAAScIK, Yes, 0.52708, 0.961192, 0.034048, 0.027043,  2,   589.78970,  29, 46265444.000000, 11.000000, 0.857016, 0.103235, 0.297059, 0.757103
IYTLEEQDAISVK, Yes, 0.81856, 0.114179, 0.155590, 0.193141,  2,   754.89576,  24, 58543296.000000, 11.000000, -1.957428, 1.005949, 0.000000, 6.694786


MeanRateConst/CorrCutOff, 0.296312, 0.900000


MedianRateConst/RMSSCutOff, 0.308002, 0.050000
StandDev/NumberPeptides, 0.046076, 4
TotalIonCurrent, 1.05147e+10
