Peptides, PeptideUnique, RateConstants, Correlations, RootMeanRSS, AbsoluteIsotopeError, Charge, m/z(Sequence), NEH, Abundance, NDP, Rsquared,sigma,CI lower band, CI upper band
VTVPALLR, Yes, 0.12838, 0.991064, 0.014916, 0.058594,  2,   434.78437,  12, 148046928.000000, 12.000000, 0.868768, 0.018337, 0.088019, 0.168740
NLGSVDFPR, Yes, 0.01424, 0.947319, 0.030162, 0.092092,  2,   502.76162,  15, 616959168.000000, 12.000000, 0.550761, 0.004788, 0.003705, 0.024783
YWLQNPGELQR, Yes, 0.19959, 0.828353, 0.052880, 0.049336,  2,   702.35694,  23, 210678512.000000, 12.000000, -0.326668, 0.072482, 0.040059, 0.359124
NGIcLEMGPQPQGVLR, Yes, 0.07839, 0.467133, 0.115414, 0.048303,  2,   884.94528,  34, 50696592.000000, 12.000000, -0.049905, 0.041601, 0.000000, 2.860300
PSFSAMPVLANPAATAAccR, Yes, 0.13802, 0.959427, 0.035806, 0.091661,  2,  1046.49226,  48, 6247466.000000, 9.000000, 0.876655, 0.023123, 0.084703, 0.191345
PSFSAMPVLANPAATAAccR, Yes, 0.15491, 0.887770, 0.050278, 0.147255,  3,   697.99727,  48, 4370718.500000, 11.000000, -0.091331, 0.085926, 0.000000, 2.726992
LFLYEPAGTETFSVESISK, Yes, 0.11796, 0.975490, 0.016178, 0.049132,  2,  1059.53570,  33, 67090580.000000, 12.000000, 0.944822, 0.010798, 0.094195, 0.141729
ScTLTFLGSTATPDDPYEVK, Yes, 0.13263, 0.961001, 0.024017, 0.112577,  2,  1101.51719,  29, 15478144.000000, 12.000000, 0.912423, 0.018579, 0.091739, 0.173525
VAVTGGTHGNEMcGVYLAR, Yes, 0.17272, 0.773677, 0.078590, 0.312347,  2,   996.47494,  34, 1500507.875000, 11.000000, 0.203838, 0.106187, 0.000000, 2.682204
VAVTGGTHGNEMcGVYLAR, Yes, 0.18667, 0.994689, 0.009471, 0.060956,  3,   664.65239,  34, 44523500.000000, 12.000000, 0.980556, 0.011345, 0.161702, 0.211641


MeanRateConst/CorrCutOff, 0.129249, 0.900000


MedianRateConst/RMSSCutOff, 0.132632, 0.050000
StandDev/NumberPeptides, 0.016379, 4
TotalIonCurrent, 2.94079e+10
