Peptides, PeptideUnique, RateConstants, Correlations, RootMeanRSS, AbsoluteIsotopeError, Charge, m/z(Sequence), NEH, Abundance, NDP, Rsquared,sigma,CI lower band, CI upper band
ALGATDcLNPR, Yes, 0.46400, 0.990320, 0.016295, 0.067859,  2,   594.29550,  22, 55881624.000000, 10.000000, 0.978035, 0.038767, 0.376303, 0.551698
MTIPTVDVILGR, Yes, 0.08238, 0.971384, 0.021622, 0.091513,  2,   657.87613,  15, 79999160.000000, 10.000000, 0.839280, 0.013798, 0.051165, 0.113593
LcLSPLTNLcGK, Yes, 0.06293, 0.721443, 0.052442, 0.094662,  2,   688.35724,  15, 149237760.000000, 10.000000, -0.195132, 0.025616, 0.004981, 0.120875
VcLIGcGFSSGYGAAINTAK, Yes, 0.02033, 0.890950, 0.093505, 0.635596,  2,  1023.49280,  35, 17156124.000000, 10.000000, 0.373899, 0.011833, 0.000000, 3.843492
VTPSSTcAVFGLGcVGLSAIIGcK, Yes, 0.01447, 0.805718, 0.051440, 0.350405,  3,   818.74451,  37, 13079493.000000, 10.000000, 0.402327, 0.006704, 0.000000, 3.345093
KFDLDLLVTHALPFESINDAIDLMK, Yes, 0.15415, 0.964446, 0.019260, 0.066967,  4,   715.38066,  38, 3113488.500000, 10.000000, 0.864510, 0.031397, 0.083126, 0.225178
SVDSVPNLVSDYK, Yes, 0.50474, 0.993150, 0.011586, 0.031318,  2,   711.85919,  19, 224245200.000000, 10.000000, 0.943023, 0.061493, 0.365627, 0.643843


MeanRateConst/CorrCutOff, 0.301317, 0.900000


MedianRateConst/RMSSCutOff, 0.464000, 0.050000
StandDev/NumberPeptides, 0.027326, 4
TotalIonCurrent, 1.32973e+10
