Peptides, PeptideUnique, RateConstants, Correlations, RootMeanRSS, AbsoluteIsotopeError, Charge, m/z(Sequence), NEH, Abundance, NDP, Rsquared,sigma,CI lower band, CI upper band
VLAAVYK, No, 0.34417, 0.993611, 0.011689, 0.023806,  2,   382.23926,  10, 6859688448.000000, 12.000000, 0.983230, 0.023841, 0.291699, 0.396645
GILAADESTGSIAK, Yes, 0.02172, 0.158831, 0.109992, 0.077255,  2,   666.85389,  30, 83664392.000000, 12.000000, -0.346250, 0.010949, 0.000000, 3.031756
LQSIGTENTEENR, Yes, 0.27545, 0.964910, 0.035800, 0.168328,  2,   745.85769,  29, 9361865.000000, 12.000000, 0.861801, 0.051298, 0.162543, 0.388356
FSNEEIAMATVTALR, Yes, 0.22874, 0.775373, 0.064303, 0.116189,  3,   551.61525,  31, 19630712.000000, 12.000000, 0.239627, 0.093431, 0.023100, 0.434380
ALSDHHVYLEGTLLKPN, No, 0.30659, 0.980138, 0.015386, 0.078681,  4,   477.50599,  28, 13798735.000000, 12.000000, 0.957330, 0.030417, 0.239647, 0.373540
IGEHTPSALAIMENANVLAR, Yes, 0.31814, 0.993544, 0.010824, 0.058868,  3,   703.03698,  46, 43528284.000000, 12.000000, 0.946770, 0.035897, 0.239131, 0.397148
GVVPLAGTNGETTTQGLDGLSER, Yes, 0.03667, 0.319600, 0.110276, 0.221749,  2,  1136.57442,  42, 8869360.000000, 12.000000, -0.149149, 0.023135, 0.000000, 3.620647
ELSDIAHR, Yes, 0.73537, 0.975459, 0.029566, 0.153923,  2,   470.74596,  20, 13822396.000000, 12.000000, 0.940827, 0.091885, 0.533137, 0.937611
MVTPGHAcTQK, Yes, 0.28653, 0.959974, 0.031844, 0.154830,  2,   615.29191,  19, 3926947.250000, 12.000000, 0.864501, 0.054442, 0.166704, 0.406355


MeanRateConst/CorrCutOff, 0.296678, 0.900000


MedianRateConst/RMSSCutOff, 0.306594, 0.050000
StandDev/NumberPeptides, 0.040569, 4
TotalIonCurrent, 1.92114e+11
