Peptides, PeptideUnique, RateConstants, Correlations, RootMeanRSS, AbsoluteIsotopeError, Charge, m/z(Sequence), NEH, Abundance, NDP, Rsquared,sigma,CI lower band, CI upper band
KLELSENR, No, 0.19356, 0.993946, 0.015246, 0.039798,  2,   494.77471,  17, 63236036.000000, 12.000000, 0.954219, 0.018752, 0.152288, 0.234833
ISGDLEVLAEK, Yes, 0.14777, 0.961869, 0.032171, 0.068643,  2,   587.32170,  21, 124555592.000000, 12.000000, 0.909449, 0.017454, 0.109353, 0.186186
LLPQVMYLDGYDR, Yes, 9.92780, 0.535904, 0.064492, 0.347359,  2,   791.90033,  20, 112230632.000000, 12.000000, -1.345544, 5917.781738, 8.523776, 11.331819
SLDLFNcEVTNLNAYR, Yes, 0.19015, 0.997289, 0.006885, 0.034501,  2,   964.96217,  26, 80995312.000000, 12.000000, 0.994544, 0.006295, 0.176291, 0.204004


MeanRateConst/CorrCutOff, 0.177159, 0.900000


MedianRateConst/RMSSCutOff, 0.190148, 0.050000
StandDev/NumberPeptides, 0.011133, 3
TotalIonCurrent, 1.46259e+10
