Peptides, PeptideUnique, RateConstants, Correlations, RootMeanRSS, AbsoluteIsotopeError, Charge, m/z(Sequence), NEH, Abundance, NDP, Rsquared,sigma,CI lower band, CI upper band
VAEGTQVLELPFK, Yes, 1.18217, 0.959269, 0.028947, 0.058049,  2,   715.89811,  23, 32096262.000000, 8.000000, 0.725413, 0.462698, 0.088062, 2.276274
GDDITMVLILPKPEK, Yes, 0.48842, 0.989731, 0.038938, 0.184043,  3,   556.97954,  21, 19698422.000000, 8.000000, 0.771432, 0.170140, 0.086105, 0.890739
DVIPQGAINELTALVLVNTIYFK, Yes, 1.37265, 0.984431, 0.011931, 0.140473,  3,   844.47550,  34, 3526919.500000, 8.000000, 0.952609, 0.236203, 0.814121, 1.931183
ATEEDGSEQKVPEATNR, Yes, 2.01291, 0.990397, 0.021385, 0.177682,  3,   620.95717,  43, 2206198.500000, 8.000000, 0.936634, 0.528761, 0.762592, 3.263234


MeanRateConst/CorrCutOff, 1.264039, 0.900000


MedianRateConst/RMSSCutOff, 1.372652, 0.050000
StandDev/NumberPeptides, 0.282414, 4
TotalIonCurrent, 1.60031e+09
