Peptides, PeptideUnique, RateConstants, Correlations, RootMeanRSS, AbsoluteIsotopeError, Charge, m/z(Sequence), NEH, Abundance, NDP, Rsquared,sigma,CI lower band, CI upper band
TPEELSAIK, Yes, 0.14712, 0.992279, 0.015044, 0.039855,  2,   494.27147,  19, 254255552.000000, 12.000000, 0.952094, 0.013302, 0.117845, 0.176402
VLTEIIASR, Yes, 0.04473, 0.898747, 0.032247, 0.044324,  2,   501.30311,  17, 1080617344.000000, 12.000000, 0.283548, 0.007557, 0.028100, 0.061363
LYDAYELK, Yes, 0.18822, 0.989440, 0.017366, 0.020930,  2,   507.76074,  12, 234999856.000000, 12.000000, 0.907994, 0.031629, 0.118606, 0.257836
MLVVLLQANR, Yes, 0.27084, 0.989783, 0.014941, 0.075828,  2,   578.84717,  17, 2118379648.000000, 12.000000, 0.879776, 0.043856, 0.174313, 0.367367
GTVTDFPGFDGR, Yes, 0.16038, 0.995022, 0.008849, 0.019865,  2,   634.79896,  17, 276754336.000000, 12.000000, 0.988175, 0.007364, 0.144168, 0.176582
NFATSLYSMIK, Yes, 0.12471, 0.989640, 0.022983, 0.058340,  2,   637.82609,  15, 300228128.000000, 12.000000, 0.610495, 0.036158, 0.045128, 0.204294
DLVDDLKSELTGK, Yes, 0.12426, 0.994451, 0.013367, 0.053346,  3,   478.25584,  17, 70085248.000000, 12.000000, 0.941459, 0.014770, 0.091749, 0.156767
GLGTDEDSILNLLTSR, Yes, 0.13564, 0.996495, 0.007824, 0.045068,  2,   852.44414,  26, 274569248.000000, 12.000000, 0.990225, 0.005498, 0.123538, 0.147741
GLGTDEDSILNLLTSR, Yes, 0.07323, 0.902692, 0.045900, 0.134569,  3,   568.63185,  26, 3381114.250000, 12.000000, 0.784823, 0.013926, 0.042582, 0.103884
SIPAYLAETLYYAMK, Yes, 0.10709, 0.992169, 0.013398, 0.081901,  2,   867.44455,  26, 158862928.000000, 12.000000, 0.954328, 0.009268, 0.086691, 0.127488
SIPAYLAETLYYAMK, Yes, 0.13610, 0.998329, 0.011627, 0.053696,  3,   578.63212,  26, 124577640.000000, 12.000000, 0.974650, 0.009727, 0.114692, 0.157511
YMTISGFQIEETIDR, Yes, 0.18632, 0.979222, 0.015718, 0.379414,  2,   901.93509,  27, 83410840.000000, 12.000000, 0.675949, 0.034096, 0.111277, 0.261366
QVYEEEYGSNLEDDVVGDTSGYYQR, Yes, 0.17460, 0.975821, 0.024551, 0.185279,  3,   972.42118,  50, 8987446.000000, 7.000000, 0.462002, 0.060900, 0.025585, 0.323617
SEIDLFNIR, Yes, 0.26009, 0.981225, 0.022037, 0.089783,  2,   553.79565,  16, 463114592.000000, 12.000000, 0.880776, 0.034011, 0.185237, 0.334953


MeanRateConst/CorrCutOff, 0.148444, 0.900000


MedianRateConst/RMSSCutOff, 0.136102, 0.050000
StandDev/NumberPeptides, 0.012882, 10
TotalIonCurrent, 1.4976e+11
