Peptides, PeptideUnique, RateConstants, Correlations, RootMeanRSS, AbsoluteIsotopeError, Charge, m/z(Sequence), NEH, Abundance, NDP, Rsquared,sigma,CI lower band, CI upper band
VLVSLSAAGR, Yes, 0.19702, 0.990444, 0.016936, 0.050196,  2,   486.79546,  21, 125066696.000000, 12.000000, 0.850631, 0.031526, 0.127633, 0.266411
cLIEILASR, No, 0.09125, 0.962416, 0.025004, 0.061181,  2,   537.80242,  18, 181929984.000000, 12.000000, 0.890040, 0.009925, 0.069401, 0.113090
AEIDMLDIR, Yes, 0.16366, 0.990024, 0.016349, 0.075347,  2,   538.27624,  18, 56698260.000000, 12.000000, 0.971257, 0.012448, 0.136264, 0.191062
DEGNYLDDALMK, Yes, 0.19463, 0.982533, 0.020722, 0.125101,  2,   692.30846,  20, 29682720.000000, 12.000000, 0.937828, 0.025487, 0.138538, 0.250730
INQTYQQQYGR, Yes, 0.23396, 0.991675, 0.014747, 0.064876,  2,   699.84166,  25, 59945248.000000, 12.000000, 0.966227, 0.020428, 0.189002, 0.278923
AASGFNATEDAQTLR, Yes, 0.23874, 0.996988, 0.015041, 0.038615,  2,   776.37352,  37, 44404460.000000, 12.000000, 0.985098, 0.014634, 0.206531, 0.270947
NHLLHVFDEYKR, Yes, 0.21839, 0.983849, 0.013856, 0.039732,  4,   393.45857,  19, 43862188.000000, 12.000000, 0.930269, 0.024302, 0.164896, 0.271874
GAGTDEGcLIEILASR, Yes, 0.12663, 0.900141, 0.057298, 0.117275,  3,   554.61028,  35, 6784644.000000, 12.000000, 0.482337, 0.042830, 0.032367, 0.220903
SETSGSFEDALLAIVK, Yes, 0.13208, 0.880157, 0.051948, 0.098249,  3,   556.28931,  31, 1975669.625000, 11.000000, 0.699183, 0.031021, 0.062962, 0.201200
GLGTDEDAIIGILAYR, Yes, 0.03816, 0.912689, 0.026753, 0.057373,  3,   559.63330,  30, 37091648.000000, 12.000000, 0.739280, 0.006693, 0.023425, 0.052885
GLGTDEDAIIGILAYR, Yes, 0.01439, 0.922506, 0.077386, 0.058453,  2,   838.94632,  30, 760111296.000000, 12.000000, 0.292060, 0.007596, 0.000000, 4.250080
SLEEDIcSDTSFMFQR, Yes, 0.12537, 0.955048, 0.033183, 0.328208,  3,   655.61700,  32, 4986244.500000, 12.000000, 0.852068, 0.022093, 0.076748, 0.174000
SLEEDIcSDTSFMFQR, Yes, 0.15545, 0.951064, 0.043249, 0.256127,  2,   982.92187,  32, 9182964.000000, 10.000000, 0.848186, 0.035108, 0.076027, 0.234865


MeanRateConst/CorrCutOff, 0.190903, 0.900000


MedianRateConst/RMSSCutOff, 0.194634, 0.050000
StandDev/NumberPeptides, 0.020862, 8
TotalIonCurrent, 3.49112e+10
