Peptides, PeptideUnique, RateConstants, Correlations, RootMeanRSS, AbsoluteIsotopeError, Charge, m/z(Sequence), NEH, Abundance, NDP, Rsquared,sigma,CI lower band, CI upper band
ALLLSTYIK, No, 0.09349, 0.986074, 0.019790, 0.066431,  2,   511.31823,  10, 61727552.000000, 12.000000, 0.877182, 0.014348, 0.061909, 0.125069
GLAVFISDIR, No, 0.18000, 0.977770, 0.024866, 0.089757,  2,   545.81640,  17, 54112356.000000, 12.000000, 0.879531, 0.028641, 0.116965, 0.243041
LEPNAQAQMYR, Yes, 0.18730, 0.957648, 0.035288, 0.159087,  2,   660.82187,  29, 12190940.000000, 12.000000, 0.752601, 0.033005, 0.114657, 0.259945
IAGDYVSEEVWYR, No, 0.15254, 0.988335, 0.014510, 0.035557,  2,   793.87790,  24, 26334432.000000, 12.000000, 0.974865, 0.009994, 0.130540, 0.174533
VGGYILGEFGNLIAGDPR, No, 0.08814, 0.565798, 0.078505, 0.090886,  2,   924.48615,  32, 51155812.000000, 12.000000, -0.090332, 0.033776, 0.013797, 0.162477
YLALESMcTLASSEFSHEAVK, No, 0.14494, 0.978833, 0.014691, 0.129419,  3,   791.70821,  43, 17396694.000000, 12.000000, 0.933139, 0.013717, 0.114752, 0.175132
DFLTPPLLSVR, Yes, 0.21974, 0.985023, 0.013915, 0.040928,  2,   629.36371,  15, 21520882.000000, 12.000000, 0.941795, 0.024317, 0.166220, 0.273264


MeanRateConst/CorrCutOff, 0.176905, 0.900000


MedianRateConst/RMSSCutOff, 0.180003, 0.050000
StandDev/NumberPeptides, 0.017902, 5
TotalIonCurrent, 9.21228e+09
