Peptides, PeptideUnique, RateConstants, Correlations, RootMeanRSS, AbsoluteIsotopeError, Charge, m/z(Sequence), NEH, Abundance, NDP, Rsquared,sigma,CI lower band, CI upper band
SFNLSALEK, Yes, 0.02472, -0.265710, 0.091878, 0.050944,  2,   504.77164,  17, 72313776.000000, 11.000000, -1.220525, 0.012369, 0.000000, 3.182767
VTSLVVDIVPR, Yes, 0.03161, 0.816946, 0.029821, 0.054902,  2,   599.36372,  14, 127151160.000000, 11.000000, 0.514439, 0.007354, 0.015224, 0.047995
ALDVSASDEEMARPK, Yes, 0.23122, 0.973052, 0.028334, 0.185102,  3,   540.26288,  37, 20597256.000000, 11.000000, 0.863646, 0.032845, 0.158039, 0.304408
ALDVSASDEEMARPK, Yes, 0.11301, 0.930284, 0.036214, 0.242660,  2,   809.89068,  37, 5064066.500000, 7.000000, 0.718419, 0.027034, 0.046855, 0.179156
QVLLSEPQEAAALYR, Yes, 0.06441, 0.939059, 0.057334, 0.175124,  2,   844.45430,  39, 47300432.000000, 11.000000, 0.757233, 0.014757, 0.031528, 0.097290
GDQFVFYEDWGETMVSK, Yes, 0.16978, 0.896792, 0.032744, 0.129725,  2,  1019.44858,  26, 7694904.500000, 11.000000, 0.717459, 0.039833, 0.081028, 0.258533
GSTGFGQDSILSLPGNVGHQDVK, Yes, 0.19878, 0.977843, 0.017673, 0.116518,  3,   771.72052,  41, 17780888.000000, 8.000000, 0.908696, 0.026166, 0.136910, 0.260655
EQSVSWVSLEEAEPIPDIHWGIR, Yes, 0.00150, 0.909751, 0.038140, 0.125056,  3,   893.11340,  51, 100920552.000000, 11.000000, -0.438649, 0.004938, 0.000000, 4.597065
QLGESFSGIYcSLLPLGcWSADSQR, Yes, 0.12650, 0.951467, 0.016079, 0.128244,  3,   944.44243,  50, 5668481.000000, 11.000000, 0.841755, 0.018039, 0.086302, 0.166688
TVHTEWTQR, Yes, 0.08068, 0.947124, 0.027855, 0.087115,  2,   579.28854,  15, 21181000.000000, 11.000000, 0.801856, 0.012126, 0.053664, 0.107702
DVQFAVQQVLQEEHFDAR, Yes, 0.17043, 0.962638, 0.025263, 0.149134,  3,   720.35539,  44, 27758978.000000, 11.000000, 0.901386, 0.022446, 0.120422, 0.220446


MeanRateConst/CorrCutOff, 0.153437, 0.900000


MedianRateConst/RMSSCutOff, 0.170434, 0.050000
StandDev/NumberPeptides, 0.020826, 6
TotalIonCurrent, 1.00319e+10
