Peptides, PeptideUnique, RateConstants, Correlations, RootMeanRSS, AbsoluteIsotopeError, Charge, m/z(Sequence), NEH, Abundance, NDP, Rsquared,sigma,CI lower band, CI upper band
FMEQVIFK, Yes, 0.06918, 0.983989, 0.019394, 0.078401,  2,   521.27552,  11, 141528592.000000, 12.000000, 0.784027, 0.011826, 0.043148, 0.095207
EFSIDVGYER, Yes, 0.02395, 0.788410, 0.049290, 0.181469,  2,   607.78803,  20, 45667172.000000, 12.000000, 0.521558, 0.006044, 0.010643, 0.037251
NIVLSGGSTMFR, Yes, 0.13377, 0.958553, 0.022139, 0.119061,  2,   641.33463,  18, 277663200.000000, 12.000000, 0.742415, 0.024489, 0.079873, 0.187673
DITYFIQQLLR, Yes, 0.12313, 0.995573, 0.009820, 0.025095,  2,   705.39300,  17, 98366304.000000, 12.000000, 0.982267, 0.007028, 0.107663, 0.138598
KDYEEIGPSIcR, Yes, 0.48861, 0.596917, 0.053839, 0.621779,  2,   733.85083,  25, 9492631.000000, 10.000000, -3.016628, 0.312433, 0.000000, 2.352780
KDYEEIGPSIcR, Yes, 0.09942, 0.971246, 0.031451, 0.120698,  3,   489.56964,  25, 10354178.000000, 12.000000, 0.836173, 0.016901, 0.062226, 0.136624
HGIVEDWDLMER, Yes, 0.07885, 0.876364, 0.047708, 0.188803,  2,   750.35100,  23, 22171428.000000, 12.000000, 0.605089, 0.019378, 0.036202, 0.121503
LPAcVVDcGTGYTK, Yes, 0.11447, 0.988689, 0.012685, 0.063648,  2,   770.86036,  18, 94431864.000000, 12.000000, 0.908331, 0.013629, 0.084472, 0.144465
PIDVQVITHHMQR, Yes, 0.06709, 0.953433, 0.035816, 0.079044,  3,   525.28044,  26, 40816092.000000, 12.000000, 0.825606, 0.010935, 0.043024, 0.091159
PIDVQVITHHMQR, Yes, 0.12023, 0.988993, 0.014662, 0.050480,  4,   394.21215,  26, 54612308.000000, 12.000000, 0.934766, 0.012053, 0.093702, 0.146757
AEPEDHYFLLTEPPLNTPENR, Yes, 0.10877, 0.927094, 0.026831, 0.166089,  3,   828.06767,  45, 22591414.000000, 12.000000, 0.376403, 0.027187, 0.048931, 0.168606
TLTGTVIDSGDGVTHVIPVAEGYVIGScIK, Yes, 0.00000, -2.000000, 0.097843, 0.080632,  3,  1020.19704,  43, 32801318.000000, 12.000000, -0.023056, 0.013595, 0.000000, 5.404093
DITYFIQQLLR, Yes, 0.09607, 0.951560, 0.044626, 0.244294,  3,   470.59776,  17, 1709135.625000, 12.000000, 0.814620, 0.021721, 0.048261, 0.143877
YAVWFGGSMLASTPEFYQVcHTK, Yes, 0.00552, 0.850703, 0.050585, 0.164325,  3,   893.75054,  37, 52321028.000000, 12.000000, 0.016146, 0.007004, 0.000000, 4.326209


MeanRateConst/CorrCutOff, 0.108130, 0.900000


MedianRateConst/RMSSCutOff, 0.108769, 0.050000
StandDev/NumberPeptides, 0.014134, 8
TotalIonCurrent, 2.83785e+10
