Peptides, PeptideUnique, RateConstants, Correlations, RootMeanRSS, AbsoluteIsotopeError, Charge, m/z(Sequence), NEH, Abundance, NDP, Rsquared,sigma,CI lower band, CI upper band
WNDDVcR, Yes, 0.52508, 0.977540, 0.018273, 0.054567,  2,   482.70071,  11, 171826736.000000, 12.000000, 0.953804, 0.059431, 0.394278, 0.655891
YcQLENAHLVVVTSR, Yes, 1.03057, 0.976029, 0.016681, 0.177901,  3,   596.97356,  27, 76109312.000000, 12.000000, 0.865565, 0.188763, 0.615109, 1.446040
YcQLENAHLVVVTSR, Yes, 0.88841, 0.949060, 0.027114, 0.348929,  2,   894.95670,  27, 1629402.375000, 9.000000, 0.483901, 0.421714, 0.000000, 3.265072
HMGPLNTWIGLTDQNGPWK, Yes, 0.23465, 0.844336, 0.037966, 0.275561,  2,  1083.03348,  28, 4074610.750000, 12.000000, 0.296871, 0.088074, 0.040805, 0.428503
HMGPLNTWIGLTDQNGPWK, Yes, 0.45299, 0.971309, 0.015451, 0.076117,  3,   722.35808,  28, 92059296.000000, 12.000000, 0.875291, 0.083644, 0.268893, 0.637091
DYQDFQHLDNDNDHHQLR, Yes, 1.31341, 0.980669, 0.018746, 0.135399,  3,   770.66881,  39, 4669392.500000, 9.000000, 0.941119, 0.282325, 0.662368, 1.964452
DEQNFLQR, Yes, 0.65143, 0.993126, 0.016941, 0.101987,  2,   525.25416,  19, 106672232.000000, 12.000000, 0.970633, 0.066701, 0.504618, 0.798235


MeanRateConst/CorrCutOff, 0.629478, 0.900000


MedianRateConst/RMSSCutOff, 0.651426, 0.050000
StandDev/NumberPeptides, 0.086683, 4
TotalIonCurrent, 1.70295e+10
