Peptides, PeptideUnique, RateConstants, Correlations, RootMeanRSS, AbsoluteIsotopeError, Charge, m/z(Sequence), NEH, Abundance, NDP, Rsquared,sigma,CI lower band, CI upper band
YVLKPATEGK, Yes, 0.03453, 0.893132, 0.026555, 0.131548,  2,   553.31622,  15, 43177708.000000, 12.000000, 0.598943, 0.005650, 0.022095, 0.046965
TAGTLLGEGFR, Yes, 0.01836, 0.885770, 0.025030, 0.103805,  2,   561.30111,  19, 217507376.000000, 12.000000, 0.653544, 0.003108, 0.011516, 0.025196
WSNFDPTGLER, Yes, 0.97151, 0.844862, 0.088798, 0.110689,  2,   661.31221,  19, 29881578.000000, 12.000000, 0.572246, 0.618318, 0.000000, 3.874321
QQQLLNEENLR, Yes, 0.37437, 0.970945, 0.044204, 0.238497,  2,   692.86258,  28, 48496492.000000, 12.000000, 0.575590, 0.085808, 0.185505, 0.563231
IDEMVcFALPQR, Yes, 0.11589, 0.958555, 0.027745, 0.070302,  2,   739.86015,  25, 109712776.000000, 12.000000, 0.775179, 0.016211, 0.080212, 0.151573
cSEVAQLTEGMSGR, Yes, 0.10707, 0.965751, 0.056976, 0.208388,  2,   762.84269,  32, 13020234.000000, 10.000000, 0.847282, 0.021523, 0.058377, 0.155754
GLLLFVDEADAFLR, Yes, 0.13380, 0.994514, 0.010335, 0.025618,  2,   789.92994,  24, 41531960.000000, 12.000000, 0.982673, 0.007796, 0.116645, 0.150963
LVSRPQDALEGVILSPSLEAR, Yes, 0.12070, 0.975143, 0.019933, 0.066684,  3,   750.75325,  48, 18691402.000000, 12.000000, 0.934048, 0.012995, 0.092102, 0.149306
FMLVLASNQPEQFDWAINDR, Yes, 0.06205, 0.862366, 0.029587, 0.237975,  3,   798.72308,  40, 17505202.000000, 12.000000, 0.612894, 0.011476, 0.036788, 0.087305
FMLVLASNQPEQFDWAINDR, Yes, 0.05774, 0.726691, 0.032727, 0.075494,  2,  1197.58098,  40, 3103471.750000, 8.000000, -0.068642, 0.018151, 0.014822, 0.100664


MeanRateConst/CorrCutOff, 0.186192, 0.900000


MedianRateConst/RMSSCutOff, 0.133804, 0.050000
StandDev/NumberPeptides, 0.014359, 4
TotalIonCurrent, 1.71046e+10
