Peptides, PeptideUnique, RateConstants, Correlations, RootMeanRSS, AbsoluteIsotopeError, Charge, m/z(Sequence), NEH, Abundance, NDP, Rsquared,sigma,CI lower band, CI upper band
ALASVLLQDHIR, Yes, 0.31328, 0.968019, 0.026760, 0.158565,  2,   668.39078,  26, 8741931.000000, 12.000000, 0.769247, 0.070620, 0.157849, 0.468715
EHQHEEIQNVR, Yes, 0.19214, 0.996139, 0.021510, 0.118690,  2,   709.84218,  32, 581480.250000, 11.000000, 0.973780, 0.015660, 0.157247, 0.227034
EHQHEEIQNVR, Yes, 0.33219, 0.997584, 0.009387, 0.045445,  3,   473.56388,  32, 8073534.000000, 12.000000, 0.986946, 0.018713, 0.290997, 0.373373
DLDVVVVSVAGAFR, Yes, 0.26964, 0.976086, 0.024475, 0.075934,  2,   723.90120,  23, 10139665.000000, 12.000000, 0.898718, 0.035343, 0.191852, 0.347429
SMLQATAEANNLAAAASAK, Yes, 0.31402, 0.870942, 0.055446, 0.081289,  2,   916.96215,  51, 9035025.000000, 11.000000, 0.174620, 0.133549, 0.016458, 0.611589
GGSDPETTGIQIWSEVFTVK, Yes, 0.07474, 0.852695, 0.050091, 0.150139,  3,   717.69167,  32, 12397868.000000, 12.000000, 0.579275, 0.020891, 0.028762, 0.120722
GGSDPETTGIQIWSEVFTVK, Yes, 0.59269, 0.960589, 0.026114, 0.326761,  2,  1076.03387,  32, 28760390.000000, 12.000000, 0.700062, 0.139514, 0.285624, 0.899761
DWSFPYEYNYGLQGGMAFLDK, Yes, 0.23165, 0.984060, 0.010337, 0.044906,  2,  1251.05955,  33, 4241930.000000, 12.000000, 0.967272, 0.020425, 0.186691, 0.276603
SFILDFMLR, Yes, 0.16939, 0.958357, 0.019998, 0.078925,  2,   571.30735,  11, 32540184.000000, 12.000000, 0.880796, 0.024938, 0.114504, 0.224278
ALASVLLQDHIR, Yes, 0.34954, 0.992791, 0.019531, 0.094928,  3,   445.92961,  26, 38035436.000000, 12.000000, 0.956593, 0.039397, 0.262827, 0.436253


MeanRateConst/CorrCutOff, 0.265404, 0.900000


MedianRateConst/RMSSCutOff, 0.269640, 0.050000
StandDev/NumberPeptides, 0.025530, 7
TotalIonCurrent, 5.61229e+09
