Peptides, PeptideUnique, RateConstants, Correlations, RootMeanRSS, AbsoluteIsotopeError, Charge, m/z(Sequence), NEH, Abundance, NDP, Rsquared,sigma,CI lower band, CI upper band
NEVAALTAAGK, Yes, 0.07339, 0.992156, 0.015395, 0.028592,  2,   522.78782,  25, 634284736.000000, 12.000000, 0.957693, 0.004491, 0.063508, 0.083275
HLIIGVSSDR, Yes, 0.07788, 0.968229, 0.029594, 0.061854,  3,   366.20849,  18, 57299108.000000, 12.000000, 0.114114, 0.031012, 0.009623, 0.146136
HLIIGVSSDR, Yes, 0.12911, 0.991554, 0.012679, 0.042557,  2,   548.80910,  18, 803423040.000000, 12.000000, 0.922269, 0.013254, 0.099935, 0.158277
GLcGAIHSSVAK, Yes, 0.13152, 0.995438, 0.016610, 0.153394,  2,   600.31370,  24, 266370224.000000, 12.000000, 0.879526, 0.014068, 0.100553, 0.162481
VYGTGSLALYEK, Yes, 0.10811, 0.986338, 0.014305, 0.026158,  2,   650.84280,  18, 673500352.000000, 12.000000, 0.971015, 0.006846, 0.093046, 0.123180
THSDQFLVSFK, Yes, 0.15034, 0.979419, 0.017409, 0.052088,  2,   654.83278,  16, 384603360.000000, 12.000000, 0.955567, 0.013058, 0.121602, 0.179083
ELIEIISGAAALD, Yes, 0.09621, 0.998468, 0.007031, 0.044936,  2,   657.86118,  30, 283572448.000000, 12.000000, 0.992159, 0.003168, 0.089235, 0.103179
KPPTFGDASVIALELLNSGYEFDEGSIIFNQFK, Yes, 0.07455, 0.998113, 0.003242, 0.043393,  3,  1216.28203,  58, 27572570.000000, 12.000000, 0.990031, 0.002667, 0.068677, 0.080417
TIATAETMSIYDDIDADVLQNYQEYNLANLIYYSLK, Yes, 0.03772, 0.954011, 0.005201, 0.066363,  3,  1392.33993,  61, 2509747.000000, 11.000000, 0.851800, 0.004907, 0.026787, 0.048655
LTLTFNR, Yes, 0.04886, 0.971079, 0.009928, 0.041040,  2,   432.75052,  7, 1300870272.000000, 12.000000, 0.800695, 0.005878, 0.035924, 0.061798
SIYDDIDADVLQNYQEYNLANLIYYSLK, Yes, 0.07198, 0.983242, 0.006840, 0.109845,  3,  1119.54513,  46, 1991125.000000, 12.000000, 0.966405, 0.004444, 0.062195, 0.081756
EVMIVGVGEK, Yes, 0.13597, 0.728919, 0.062272, 0.046852,  2,   530.78899,  16, 511696288.000000, 12.000000, -0.063885, 0.050426, 0.024980, 0.246952
THSDQFLVSFK, Yes, 0.68850, 0.896514, 0.037867, 0.154529,  3,   436.89095,  16, 404743424.000000, 12.000000, 0.445527, 0.222664, 0.198419, 1.178579


MeanRateConst/CorrCutOff, 0.090178, 0.900000


MedianRateConst/RMSSCutOff, 0.077880, 0.050000
StandDev/NumberPeptides, 0.005510, 9
TotalIonCurrent, 1.31e+11
