Peptides, PeptideUnique, RateConstants, Correlations, RootMeanRSS, AbsoluteIsotopeError, Charge, m/z(Sequence), NEH, Abundance, NDP, Rsquared,sigma,CI lower band, CI upper band
ALLNLVPVQK, Yes, 0.00330, 0.972593, 0.047095, 0.144575,  2,   547.85023,  15, 52979900.000000, 7.000000, -0.912744, 0.008055, 0.000000, 2.545532
LLVLLGPEAPHVDYTQLGR, Yes, 0.07645, 0.883996, 0.041467, 0.282201,  3,   697.72475,  34, 51151752.000000, 7.000000, 0.611499, 0.024511, 0.016472, 0.136423
NQELQWVEAAHWIGLEENLR, Yes, 0.00000, -2.000000, 0.085099, 0.236055,  3,   812.40825,  47, 23615762.000000, 7.000000, -0.774042, 0.016288, 0.000000, 2.964849


MeanRateConst/CorrCutOff, 0.026583, 0.900000


MedianRateConst/RMSSCutOff, 0.003302, 0.050000
StandDev/NumberPeptides, 0.013254, 1
TotalIonCurrent, 1.78089e+09
