Peptides, PeptideUnique, RateConstants, Correlations, RootMeanRSS, AbsoluteIsotopeError, Charge, m/z(Sequence), NEH, Abundance, NDP, Rsquared,sigma,CI lower band, CI upper band
VNFNNATR, Yes, 0.22812, 0.954586, 0.025433, 0.042737,  2,   468.23831,  14, 49432336.000000, 12.000000, -0.851888, 0.085582, 0.039756, 0.416486
DTVFDVPIER, Yes, 0.55257, 0.975204, 0.022524, 0.037816,  2,   595.80623,  16, 86119528.000000, 12.000000, 0.874906, 0.106519, 0.318121, 0.787014
IDANNVAYTTGK, Yes, 0.30657, 0.271496, 0.142901, 0.096993,  2,   633.81986,  18, 93765480.000000, 12.000000, -0.876400, 0.291407, 0.000000, 3.286729
LLLEALDVNIR, Yes, 0.80323, 0.952060, 0.032859, 0.200722,  2,   634.88225,  19, 86429760.000000, 12.000000, 0.865754, 0.152541, 0.467494, 1.138975
MNPGDVITFDNWR, Yes, 0.45615, 0.989718, 0.010688, 0.073041,  2,   782.86429,  18, 65517088.000000, 12.000000, 0.955507, 0.051022, 0.343851, 0.568446
HLEGAYADWDVVMSR, Yes, 0.55203, 0.996043, 0.011005, 0.091710,  3,   583.60688,  30, 17312856.000000, 12.000000, 0.983659, 0.040613, 0.462640, 0.641416
DNcQcSDcYLHSAK, Yes, 0.20030, 0.885861, 0.087514, 0.343799,  2,   879.33745,  28, 891449.875000, 9.000000, 0.681337, 0.101965, 0.000000, 1.918423
QTVTGGDSEIVDGFNVcQK, Yes, 0.23999, 0.996347, 0.008020, 0.058968,  2,  1027.47841,  31, 33382922.000000, 12.000000, 0.983802, 0.013578, 0.210109, 0.269879
IIELDDKGQVVR, Yes, 1.13684, 0.843343, 0.044919, 0.294920,  2,   692.89336,  21, 3193849.750000, 10.000000, 0.391929, 0.436650, 0.149065, 2.124606
IIELDDKGQVVR, Yes, 12.33918, 0.928346, 0.043552, 0.202327,  3,   462.26467,  21, 46663916.000000, 12.000000, 0.565616, 37313.718750, 11.393995, 13.284363
EFVDLMNSK, Yes, 0.34930, 0.985098, 0.018157, 0.166014,  2,   541.76297,  13, 52171308.000000, 12.000000, 0.957773, 0.041027, 0.259004, 0.439604


MeanRateConst/CorrCutOff, 0.396360, 0.900000


MedianRateConst/RMSSCutOff, 0.456148, 0.050000
StandDev/NumberPeptides, 0.036738, 6
TotalIonCurrent, 1.74295e+10
