Peptides, PeptideUnique, RateConstants, Correlations, RootMeanRSS, AbsoluteIsotopeError, Charge, m/z(Sequence), NEH, Abundance, NDP, Rsquared,sigma,CI lower band, CI upper band
IAVNIcYGR, Yes, 15.22184, 0.971165, 0.070569, 0.449169,  2,   533.27912,  15, 77211560.000000, 12.000000, -0.163522, 860043.812500, 13.987645, 16.456030
ELAEAVKPNYSPN, Yes, 0.12751, 0.744448, 0.081338, 0.097331,  2,   716.35933,  29, 23452528.000000, 12.000000, -0.085852, 0.042295, 0.034419, 0.220600
NAAIANHcFTcALNR, Yes, 0.44612, 0.975509, 0.056180, 0.242443,  2,   866.90394,  33, 11665699.000000, 12.000000, 0.648980, 0.154531, 0.106004, 0.786243
VGQEHFPNEFTSGDGK, Yes, 0.56571, 0.958359, 0.030311, 0.115852,  3,   583.60068,  31, 12758603.000000, 12.000000, 0.851052, 0.119477, 0.302744, 0.828678
EKLPWTEFAESAEDGLTTR, Yes, 0.23418, 0.639370, 0.080043, 0.121779,  3,   727.35504,  39, 8549934.000000, 11.000000, -0.075581, 0.217296, 0.000000, 3.570951
EHGGVLWNTAVVISNSGLVMGK, Yes, 0.44553, 0.971775, 0.021223, 0.141860,  3,   756.73169,  34, 15457075.000000, 12.000000, 0.847766, 0.099281, 0.227014, 0.664048
AHHDLGYFYGSSYVAAPDGSR, Yes, 0.52066, 0.982998, 0.018262, 0.132250,  3,   757.34689,  44, 9514740.000000, 12.000000, 0.783536, 0.135992, 0.221343, 0.819978
AHHDLGYFYGSSYVAAPDGSR, Yes, 0.51329, 0.991777, 0.013072, 0.136384,  4,   568.26199,  44, 25425674.000000, 12.000000, 0.943410, 0.068726, 0.362028, 0.664557
NQDGLLVTELNLNLcQQINDFWTFK, Yes, 0.00000, -2.000000, 0.101970, 0.056401,  3,  1008.50256,  37, 19386854.000000, 11.000000, -0.164479, 0.016982, 0.000000, 6.169169


MeanRateConst/CorrCutOff, 0.511299, 0.900000


MedianRateConst/RMSSCutOff, 0.520661, 0.050000
StandDev/NumberPeptides, 0.099142, 4
TotalIonCurrent, 7.16059e+09
