Peptides, PeptideUnique, RateConstants, Correlations, RootMeanRSS, AbsoluteIsotopeError, Charge, m/z(Sequence), NEH, Abundance, NDP, Rsquared,sigma,CI lower band, CI upper band
SSNTYTLTDVR, Yes, 0.10529, 0.949603, 0.029263, 0.094324,  2,   628.80950,  14, 35725516.000000, 12.000000, 0.776274, 0.018453, 0.064676, 0.145905
LDVPQNLMFGK, Yes, 0.98115, 0.723121, 0.051928, 0.383348,  2,   631.33410,  16, 76883864.000000, 12.000000, -2.080144, 0.625590, 0.000000, 3.809649
TcSVTYYGPSGQK, Yes, 0.25260, 0.900482, 0.035119, 0.071504,  2,   724.32975,  19, 12471521.000000, 12.000000, 0.522354, 0.069175, 0.100343, 0.404847
SSPSFSSLHYQDAGNYVcETALQEVEGLK, Yes, 0.00000, -2.000000, 0.066132, 0.120774,  3,  1072.83118,  60, 4814235.000000, 7.000000, -1.363731, 0.012180, 0.000000, 5.926773


MeanRateConst/CorrCutOff, 0.178943, 0.900000


MedianRateConst/RMSSCutOff, 0.252595, 0.050000
StandDev/NumberPeptides, 0.029134, 2
TotalIonCurrent, 4.1602e+09
