Peptides, PeptideUnique, RateConstants, Correlations, RootMeanRSS, AbsoluteIsotopeError, Charge, m/z(Sequence), NEH, Abundance, NDP, Rsquared,sigma,CI lower band, CI upper band
SVVSPSSFENVK, Yes, 0.29786, 0.968568, 0.023404, 0.079073,  2,   640.33007,  21, 15359203.000000, 12.000000, 0.763666, 0.060043, 0.165706, 0.430015
WVPEITHHcPK, Yes, 0.32850, 0.985031, 0.013007, 0.028206,  3,   468.56781,  18, 67947704.000000, 12.000000, 0.916624, 0.042895, 0.234088, 0.422910
TPFLLVGTQIDLR, Yes, 0.33282, 0.993083, 0.010144, 0.086607,  2,   736.92721,  18, 124368040.000000, 12.000000, 0.952046, 0.036423, 0.252657, 0.412988
TLGLFDTAGQEDYDR, Yes, 0.19047, 0.973883, 0.030351, 0.175004,  2,   850.89175,  27, 6882802.500000, 12.000000, 0.924352, 0.028009, 0.128818, 0.252115
NVFDEAILAALEPPEPK, Yes, 0.37874, 0.973838, 0.023881, 0.153193,  3,   618.32787,  39, 11710455.000000, 12.000000, 0.859725, 0.063992, 0.237890, 0.519580
IGGEPYTLGLFDTAGQEDYDR, Yes, 0.23116, 0.997472, 0.018549, 0.201807,  2,  1159.03459,  39, 6405718.500000, 5.000000, 0.811383, 0.071848, 0.031684, 0.430646


MeanRateConst/CorrCutOff, 0.313816, 0.900000


MedianRateConst/RMSSCutOff, 0.328499, 0.050000
StandDev/NumberPeptides, 0.051563, 5
TotalIonCurrent, 7.20063e+09
