Peptides, PeptideUnique, RateConstants, Correlations, RootMeanRSS, AbsoluteIsotopeError, Charge, m/z(Sequence), NEH, Abundance, NDP, Rsquared,sigma,CI lower band, CI upper band
MFNYAGWK, Yes, 0.23120, 0.936286, 0.022573, 0.061209,  2,   508.73655,  10, 23538966.000000, 9.000000, 0.345699, 0.085851, 0.033228, 0.429175
APPNATLEHFYQTSGK, Yes, 0.17855, 0.974586, 0.020403, 0.092597,  2,   880.93374,  32, 60627924.000000, 9.000000, 0.920020, 0.023771, 0.123732, 0.233366
APPNATLEHFYQTSGK, Yes, 0.62208, 0.994774, 0.011244, 0.045663,  3,   587.62492,  32, 83924256.000000, 9.000000, 0.978404, 0.054389, 0.496662, 0.747506
MLQTLYDYFWWER, Yes, 0.44766, 0.952069, 0.018777, 0.072448,  2,   925.93216,  17, 17023982.000000, 9.000000, 0.893751, 0.083566, 0.254960, 0.640369
AGTLIMALHDASDYLLESAK, Yes, 0.52865, 0.995148, 0.010557, 0.059115,  3,   707.02950,  39, 20760568.000000, 9.000000, 0.973997, 0.052308, 0.408026, 0.649270


MeanRateConst/CorrCutOff, 0.401629, 0.900000


MedianRateConst/RMSSCutOff, 0.447665, 0.050000
StandDev/NumberPeptides, 0.048456, 5
TotalIonCurrent, 9.44446e+09
