Peptides, PeptideUnique, RateConstants, Correlations, RootMeanRSS, AbsoluteIsotopeError, Charge, m/z(Sequence), NEH, Abundance, NDP, Rsquared,sigma,CI lower band, CI upper band
DTQDILYAR, Yes, 0.12661, 0.995223, 0.013582, 0.054387,  2,   547.77746,  17, 85044696.000000, 12.000000, 0.982330, 0.006356, 0.112622, 0.140599
AVLYVPGNDEK, Yes, 0.22470, 0.942227, 0.035507, 0.079054,  2,   602.81405,  19, 101886040.000000, 12.000000, -0.154863, 0.126681, 0.000000, 2.388835
IQWAEELIAAFK, Yes, 0.12826, 0.995436, 0.012120, 0.036243,  2,   709.88753,  27, 85499464.000000, 12.000000, 0.982112, 0.007281, 0.112233, 0.144285
IQWAEELIAAFK, Yes, 0.07773, 0.963096, 0.032675, 0.146553,  3,   473.59411,  27, 2925136.750000, 12.000000, 0.908853, 0.009532, 0.056752, 0.098710
QIAVVQEQFTPTPEK, Yes, 0.07335, 0.962811, 0.030897, 0.156113,  2,   857.95415,  32, 19805002.000000, 12.000000, 0.896321, 0.009349, 0.052774, 0.093930
AFGLQAIDLVYIDFR, Yes, 0.11216, 0.992129, 0.010054, 0.034639,  2,   870.96960,  26, 13641125.000000, 12.000000, 0.982214, 0.005688, 0.099644, 0.124684
INSVSSGLAEVDLETFLQAR, Yes, 0.00000, -2.000000, 0.108926, 0.114954,  2,  1075.06040,  41, 11927012.000000, 11.000000, -0.045558, 0.009797, 0.000000, 4.251186
LEQPMNLIPFVETAMGLLNFK, Yes, 0.08804, 0.985001, 0.009292, 0.027741,  3,   802.42509,  34, 14964053.000000, 12.000000, 0.956006, 0.006202, 0.074389, 0.101692
KLEQPMNLIPFVETAMGLLNFK, Yes, 0.08770, 0.983288, 0.015086, 0.067550,  3,   845.12341,  34, 7530476.000000, 12.000000, 0.924490, 0.010163, 0.065328, 0.110067
QVIHPNQIAVVQEQFTPTPEK, Yes, 0.10643, 0.990682, 0.009697, 0.202120,  3,   801.76041,  45, 16731941.000000, 12.000000, 0.973411, 0.006211, 0.092764, 0.120104


MeanRateConst/CorrCutOff, 0.100036, 0.900000


MedianRateConst/RMSSCutOff, 0.106434, 0.050000
StandDev/NumberPeptides, 0.007253, 8
TotalIonCurrent, 1.2819e+10
