Peptides, PeptideUnique, RateConstants, Correlations, RootMeanRSS, AbsoluteIsotopeError, Charge, m/z(Sequence), NEH, Abundance, NDP, Rsquared,sigma,CI lower band, CI upper band
GEAGAAGPSGPAGPR, Yes, 0.00000, -2.000000, 0.010883, 0.061282,  2,   626.30745,  44, 64810516.000000, 12.000000, -0.703692, 0.000606, 0.000000, 4.190968
GEPGPAGSVGPVGAVGPR, Yes, 0.00956, 0.997890, 0.040610, 0.150242,  2,   780.91009,  42, 15248422.000000, 4.000000, -0.359640, 0.008776, 0.000000, 3.878570
SGQPGPVGPAGVR, Yes, 0.03212, 0.852327, 0.040641, 0.052648,  2,   589.81747,  31, 226418096.000000, 12.000000, -0.107805, 0.007104, 0.016484, 0.047756


MeanRateConst/CorrCutOff, 0.013894, 0.900000


MedianRateConst/RMSSCutOff, 0.009556, 0.050000
StandDev/NumberPeptides, 0.001576, 2
TotalIonCurrent, 6.37347e+09
