Peptides, PeptideUnique, RateConstants, Correlations, RootMeanRSS, AbsoluteIsotopeError, Charge, m/z(Sequence), NEH, Abundance, NDP, Rsquared,sigma,CI lower band, CI upper band
ALSILLLPH, Yes, 0.14887, 0.988459, 0.016176, 0.035804,  2,   488.81312,  15, 75389520.000000, 11.000000, 0.904974, 0.019254, 0.105966, 0.191768
STGEALVQGLMGAAVTLK, Yes, 0.17886, 0.995588, 0.009636, 0.047952,  3,   582.65371,  33, 29744524.000000, 11.000000, 0.973128, 0.012422, 0.151183, 0.206538
STGEALVQGLMGAAVTLK, Yes, 0.17689, 0.944598, 0.030401, 0.027631,  2,   873.47693,  33, 30327330.000000, 11.000000, 0.478992, 0.044759, 0.077160, 0.276620
AVLAGIYNTTELVMMQDSSPDFEDTWR, Yes, 0.35289, 0.984171, 0.013754, 0.035364,  3,  1030.47921,  47, 10198065.000000, 7.000000, 0.577926, 0.114849, 0.071870, 0.633920
INDAMNMGHTAK, Yes, 0.21368, 0.987030, 0.022753, 0.107892,  2,   651.80008,  22, 7491547.500000, 11.000000, 0.907380, 0.031798, 0.142828, 0.284531
MLIPYIEHWPR, Yes, 0.15788, 0.995762, 0.012578, 0.093072,  3,   485.59194,  19, 102721912.000000, 11.000000, 0.888157, 0.022598, 0.107532, 0.208236


MeanRateConst/CorrCutOff, 0.165625, 0.900000


MedianRateConst/RMSSCutOff, 0.176890, 0.050000
StandDev/NumberPeptides, 0.020097, 4
TotalIonCurrent, 7.87533e+09
