Peptides, PeptideUnique, RateConstants, Correlations, RootMeanRSS, AbsoluteIsotopeError, Charge, m/z(Sequence), NEH, Abundance, NDP, Rsquared,sigma,CI lower band, CI upper band
DDGSAVIWVTFR, Yes, 0.32816, 0.903244, 0.047197, 0.259507,  2,   683.34352,  18, 29491844.000000, 8.000000, -0.032010, 0.123401, 0.036363, 0.619957
FALITWIGEDVSGLQR, Yes, 0.10307, 0.995107, 0.015652, 0.077301,  3,   602.32459,  28, 36457076.000000, 8.000000, 0.955464, 0.011377, 0.076172, 0.129975
FALITWIGEDVSGLQR, Yes, 0.17716, 0.956791, 0.024436, 0.088500,  2,   902.98324,  28, 26624562.000000, 8.000000, 0.872122, 0.027707, 0.111642, 0.242677
YDGATIVPGDQGADYQHFIQQcTDDVR, Yes, 0.12422, 0.941907, 0.018757, 0.194469,  3,  1023.79297,  54, 7104376.500000, 6.000000, 0.724791, 0.028108, 0.051970, 0.196479
AAYNLVR, Yes, 0.04497, 0.503264, 0.054511, 0.055954,  2,   403.72958,  14, 165013488.000000, 8.000000, -0.999742, 0.019285, 0.000000, 3.499038


MeanRateConst/CorrCutOff, 0.183154, 0.900000


MedianRateConst/RMSSCutOff, 0.177160, 0.050000
StandDev/NumberPeptides, 0.023856, 4
TotalIonCurrent, 3.70037e+09
