Peptides, PeptideUnique, RateConstants, Correlations, RootMeanRSS, AbsoluteIsotopeError, Charge, m/z(Sequence), NEH, Abundance, NDP, Rsquared,sigma,CI lower band, CI upper band
FSLMTLK, Yes, 0.20427, 0.854755, 0.028962, 0.125851,  2,   420.23840,  5, 56040692.000000, 12.000000, 0.314903, 0.073387, 0.042752, 0.365798
GHGIVFSEGER, Yes, 0.72354, 0.965661, 0.025785, 0.074330,  3,   396.53164,  24, 43238916.000000, 12.000000, 0.766270, 0.155796, 0.380631, 1.066441
TFLNLMDLLNK, Yes, 0.90427, 0.956236, 0.020225, 0.043115,  2,   661.36284,  10, 75074952.000000, 12.000000, 0.678421, 0.276839, 0.294953, 1.513589
EHQESLDPANPR, Yes, 0.15426, 0.955193, 0.045897, 0.179157,  2,   696.82874,  34, 4549906.500000, 12.000000, 0.690728, 0.030656, 0.086787, 0.221732
EALLNQGDEFLGR, Yes, 0.22310, 0.957652, 0.046334, 0.104262,  2,   731.37024,  29, 285817280.000000, 12.000000, 0.595840, 0.044633, 0.124863, 0.321335
DLDIKPVTTGLFNLPPPYK, Yes, 0.68895, 0.963210, 0.017079, 0.132430,  3,   710.06114,  23, 33383016.000000, 12.000000, 0.855379, 0.149942, 0.358934, 1.018974
LPPGPTPLPIIGNILQLDLK, Yes, 0.72767, 0.973000, 0.013602, 0.241919,  3,   703.76091,  31, 2655862.750000, 12.000000, 0.889196, 0.122819, 0.457348, 0.997993


MeanRateConst/CorrCutOff, 0.570298, 0.900000


MedianRateConst/RMSSCutOff, 0.723536, 0.050000
StandDev/NumberPeptides, 0.075124, 6
TotalIonCurrent, 1.44835e+10
