Peptides, PeptideUnique, RateConstants, Correlations, RootMeanRSS, AbsoluteIsotopeError, Charge, m/z(Sequence), NEH, Abundance, NDP, Rsquared,sigma,CI lower band, CI upper band
VPIPIPR, No, 0.19717, 0.970625, 0.023950, 0.104102,  2,   396.26053,  13, 125917032.000000, 12.000000, 0.060192, 0.071680, 0.039399, 0.354933
DQDLQDILTR, No, 0.21156, 0.987441, 0.031500, 0.182190,  2,   608.81204,  19, 34194080.000000, 12.000000, 0.903781, 0.023835, 0.159095, 0.264017
NIFHQNDIIYR, No, 0.21171, 0.803450, 0.049187, 0.115590,  2,   716.87021,  19, 34940292.000000, 12.000000, -0.791541, 0.110489, 0.000000, 2.310652
GLLMLDGQTWFQHR, Yes, 0.39480, 0.886516, 0.037112, 0.057834,  3,   567.95584,  23, 17077992.000000, 11.000000, 0.255997, 0.199678, 0.000000, 2.060938
WEQIVGQDSTLEIFR, Yes, 1.49273, 0.584648, 0.074289, 0.446903,  2,   910.96251,  29, 10422341.000000, 9.000000, -2.629776, 1.409148, 0.000000, 3.194786
SYIQAVEDLNDLVFSR, Yes, 0.40939, 0.181201, 0.152965, 0.104570,  2,   934.97307,  30, 10391415.000000, 12.000000, -0.965013, 0.480900, 0.000000, 3.725316
SYIQAVEDLNDLVFSR, Yes, 0.40981, 0.984759, 0.015809, 0.072719,  3,   623.65114,  30, 11152920.000000, 12.000000, 0.965478, 0.042039, 0.317287, 0.502340
EIQSLLGDGTSITWNDLDK, Yes, 0.01362, 0.928436, 0.081369, 0.323004,  2,  1053.02349,  29, 706991168.000000, 12.000000, 0.178110, 0.010005, 0.000000, 4.373192
VMLDKWEQIVGQDSTLEIFR, Yes, 0.67341, 0.891480, 0.017832, 0.385777,  3,   803.08239,  34, 4085629.750000, 11.000000, -0.078633, 0.259215, 0.095845, 1.250978
RLDFLDILLFAR, No, 0.31976, -2.000000, 0.000000, 0.458991,  3,   497.96091,  18, 10520680.000000, 1.000000, 0.000000, inf, 0.319759, 0.319759


MeanRateConst/CorrCutOff, 0.272845, 0.900000


MedianRateConst/RMSSCutOff, 0.211556, 0.050000
StandDev/NumberPeptides, 0.037644, 3
TotalIonCurrent, 3.11771e+10
