Peptides, PeptideUnique, RateConstants, Correlations, RootMeanRSS, AbsoluteIsotopeError, Charge, m/z(Sequence), NEH, Abundance, NDP, Rsquared,sigma,CI lower band, CI upper band
NEDLNAEEVYGR, Yes, 1.58399, 0.963173, 0.030715, 0.171650,  2,   704.82058,  28, 5527534.000000, 10.000000, 0.911575, 0.420234, 0.633355, 2.534628
SPIEFLENAYEK, Yes, 0.63572, 0.679124, 0.087195, 0.102341,  2,   720.35626,  25, 15091478.000000, 10.000000, -0.891757, 0.698484, 0.000000, 3.142114
EPAEDILQTLLDSTYK, Yes, 1.03449, 0.973446, 0.028724, 0.034846,  2,   918.46727,  28, 10661173.000000, 10.000000, 0.883166, 0.230742, 0.512518, 1.556467
TFTYLLGSDAAALLFNSK, Yes, 1.67828, 0.974872, 0.016389, 0.013076,  3,   644.67528,  27, 3091476.750000, 9.000000, 0.198874, 1.880846, 0.000000, 3.437626
EPAEDILQTLLDSTYK, Yes, 1.19322, 0.988930, 0.014722, 0.088508,  3,   612.64728,  28, 6075021.000000, 10.000000, 0.962734, 0.197508, 0.746429, 1.640017


MeanRateConst/CorrCutOff, 1.372497, 0.900000


MedianRateConst/RMSSCutOff, 1.583991, 0.050000
StandDev/NumberPeptides, 0.324986, 4
TotalIonCurrent, 1.30426e+09
