Peptides, PeptideUnique, RateConstants, Correlations, RootMeanRSS, AbsoluteIsotopeError, Charge, m/z(Sequence), NEH, Abundance, NDP, Rsquared,sigma,CI lower band, CI upper band
FDFLFPR, Yes, 0.94825, 0.875914, 0.029085, 0.072756,  2,   471.24763,  9, 22392608.000000, 11.000000, 0.207659, 0.556587, 0.000000, 3.700856
FVYSLLGPR, Yes, 0.51290, 0.914869, 0.029956, 0.144786,  2,   526.30038,  13, 28365966.000000, 11.000000, -0.009093, 0.238399, 0.000000, 1.969561
SFTFTPSALK, Yes, 6.88303, 0.864730, 0.037744, 0.023768,  2,   549.79513,  13, 30722292.000000, 11.000000, 0.230703, 282.051697, 5.209799, 8.556254
WGFGTSQPSHEVR, Yes, 14.26010, 0.977375, 0.031152, 0.144265,  2,   744.35495,  27, 3302336.500000, 8.000000, 0.721663, 307871.437500, 12.872083, 15.648120


MeanRateConst/CorrCutOff, 7.386501, 0.900000


MedianRateConst/RMSSCutOff, 14.260101, 0.050000
StandDev/NumberPeptides, 0.476798, 2
TotalIonCurrent, 2.06016e+09
