Peptides, PeptideUnique, RateConstants, Correlations, RootMeanRSS, AbsoluteIsotopeError, Charge, m/z(Sequence), NEH, Abundance, NDP, Rsquared,sigma,CI lower band, CI upper band
PYPNPEAAR, Yes, 0.26837, 0.967721, 0.030351, 0.044367,  2,   507.75378,  25, 242415104.000000, 12.000000, 0.603172, 0.060665, 0.134845, 0.401888
WASEPEHDHR, Yes, 0.12361, 0.998163, 0.008324, 0.049636,  3,   421.85489,  28, 25049478.000000, 12.000000, 0.966957, 0.008656, 0.104556, 0.142661
WASEPEHDHR, Yes, 0.11803, 0.988790, 0.019033, 0.050418,  2,   632.27869,  28, 3953763.250000, 12.000000, 0.942966, 0.011024, 0.093769, 0.142294
GLLSSLDHTSIR, Yes, 0.11573, 0.995341, 0.008719, 0.041151,  3,   433.57361,  21, 534514944.000000, 12.000000, 0.937113, 0.010365, 0.092918, 0.138546
HLVGVcYTEEEAK, Yes, 0.11606, 0.998107, 0.013900, 0.052183,  2,   767.86394,  25, 73630984.000000, 12.000000, 0.987643, 0.005556, 0.103835, 0.128292
AANNGALPPDLSYIVR, Yes, 0.06446, 0.979966, 0.028688, 0.099007,  2,   835.94664,  34, 219373072.000000, 12.000000, 0.904480, 0.007512, 0.047925, 0.080990
SDLELHPPSYPWSHR, Yes, 0.12130, 0.994299, 0.008690, 0.074960,  4,   455.97332,  32, 191342784.000000, 12.000000, 0.928424, 0.011384, 0.096246, 0.146357
LSDYFPKPYPNPEAAR, Yes, 0.07240, 0.989625, 0.017410, 0.094868,  3,   622.31245,  34, 444109056.000000, 12.000000, 0.931358, 0.006887, 0.057240, 0.087557
LSDYFPKPYPNPEAAR, Yes, 0.05577, 0.971752, 0.044452, 0.232544,  2,   932.96503,  34, 17721502.000000, 12.000000, 0.720664, 0.012033, 0.029288, 0.082256
ALAEEVEVQDGPNDDGEMFMRPGK, Yes, 0.10032, 0.989647, 0.009031, 0.128212,  3,   878.73186,  54, 17348026.000000, 12.000000, 0.978065, 0.005573, 0.088055, 0.112586
HGGEDYVFSLLTGYcEPPTGVSLR, Yes, 0.10175, 0.995602, 0.010096, 0.094528,  3,   885.42337,  40, 227433856.000000, 12.000000, 0.980589, 0.005860, 0.088855, 0.114650
HGGEDYVFSLLTGYcEPPTGVSLR, Yes, 0.08058, 0.918501, 0.034331, 0.208081,  2,  1327.63141,  40, 5852260.500000, 11.000000, 0.644180, 0.021748, 0.032121, 0.129035
SDLELHPPSYPWSHR, Yes, 0.09249, 0.978120, 0.016735, 0.068673,  3,   607.62866,  32, 191524528.000000, 12.000000, 0.894321, 0.010320, 0.069772, 0.115198
SDLELHPPSYPWSHR, Yes, 0.09997, 0.868422, 0.048361, 0.322966,  2,   910.93936,  32, 19007818.000000, 12.000000, -0.132809, 0.040765, 0.010247, 0.189693


MeanRateConst/CorrCutOff, 0.100612, 0.900000


MedianRateConst/RMSSCutOff, 0.101753, 0.050000
StandDev/NumberPeptides, 0.008198, 11
TotalIonCurrent, 1.03297e+11
