Peptides, PeptideUnique, RateConstants, Correlations, RootMeanRSS, AbsoluteIsotopeError, Charge, m/z(Sequence), NEH, Abundance, NDP, Rsquared,sigma,CI lower band, CI upper band
AAGAQVVAVSR, Yes, 0.20985, 0.998003, 0.014558, 0.058275,  2,   514.79599,  29, 119175752.000000, 12.000000, 0.970368, 0.016682, 0.173137, 0.246571
MMALELGPHK, Yes, 0.14176, 0.988120, 0.017623, 0.108840,  3,   376.19642,  19, 86175224.000000, 12.000000, 0.904105, 0.018202, 0.101700, 0.181826
AVIQVSQIVAK, Yes, 0.18538, 0.995274, 0.019432, 0.068685,  2,   578.35843,  22, 169436288.000000, 12.000000, 0.967753, 0.016108, 0.149930, 0.220837
ALTNHTVYcSTK, Yes, 0.00000, -2.000000, 0.045511, 0.107083,  3,   465.56261,  15, 34368680.000000, 12.000000, -0.173633, 0.004372, 0.000000, 3.859008
ALTNHTVYcSTK, Yes, 0.08827, 0.968116, 0.019759, 0.092806,  2,   697.84028,  15, 10016756.000000, 12.000000, 0.850061, 0.011356, 0.063271, 0.113260
GVPGAIVNVSSQASQR, Yes, 0.18134, 0.991363, 0.015559, 0.104582,  3,   523.94963,  38, 27526808.000000, 12.000000, 0.952970, 0.016973, 0.143985, 0.218700
GVPGAIVNVSSQASQR, Yes, 0.16926, 0.989455, 0.017798, 0.056696,  2,   785.42081,  38, 78779288.000000, 12.000000, 0.916633, 0.019637, 0.126034, 0.212477
FAEVENVVDTILFLLSNR, Yes, 0.24417, 0.993332, 0.008976, 0.030889,  3,   693.70888,  28, 9499049.000000, 12.000000, 0.984351, 0.015049, 0.211044, 0.277289
FAEVENVVDTILFLLSNR, Yes, 0.17059, 0.971024, 0.030033, 0.127494,  2,  1040.05967,  28, 1620114.750000, 10.000000, 0.881851, 0.032882, 0.096207, 0.244975


MeanRateConst/CorrCutOff, 0.186051, 0.900000


MedianRateConst/RMSSCutOff, 0.181343, 0.050000
StandDev/NumberPeptides, 0.018245, 7
TotalIonCurrent, 1.80276e+10
