Peptides, PeptideUnique, RateConstants, Correlations, RootMeanRSS, AbsoluteIsotopeError, Charge, m/z(Sequence), NEH, Abundance, NDP, Rsquared,sigma,CI lower band, CI upper band
SQcTQVVQER, Yes, 0.20253, 0.935152, 0.064509, 0.135032,  2,   617.79587,  24, 2351313.750000, 9.000000, 0.643608, 0.077290, 0.024302, 0.380764
QLQNIIQATSR, Yes, 0.11382, 0.957879, 0.040881, 0.111037,  2,   636.35694,  26, 11693203.000000, 9.000000, 0.726142, 0.027884, 0.049517, 0.178118
QQIQNDLNQWK, Yes, 0.06867, 0.910973, 0.048954, 0.111288,  2,   707.85730,  23, 29293546.000000, 9.000000, 0.647140, 0.019985, 0.022582, 0.114755
ALLQAILQTEDMLK, Yes, 0.11505, 0.794720, 0.068172, 0.177692,  2,   793.94472,  27, 15975611.000000, 9.000000, 0.222484, 0.045760, 0.009530, 0.220576


MeanRateConst/CorrCutOff, 0.091243, 0.900000


MedianRateConst/RMSSCutOff, 0.113818, 0.050000
StandDev/NumberPeptides, 0.023283, 2
TotalIonCurrent, 1.44543e+09
