Peptides, PeptideUnique, RateConstants, Correlations, RootMeanRSS, AbsoluteIsotopeError, Charge, m/z(Sequence), NEH, Abundance, NDP, Rsquared,sigma,CI lower band, CI upper band
ALTAELDTLGK, Yes, 0.64690, 0.991430, 0.012233, 0.043518,  2,   566.31642,  18, 287368448.000000, 12.000000, 0.977014, 0.055743, 0.524210, 0.769590
LVLWDINKR, Yes, 0.27091, 0.969746, 0.014578, 0.066348,  3,   386.23275,  10, 111669952.000000, 12.000000, 0.847996, 0.048751, 0.163610, 0.378212
LWPVLEPEEVAR, Yes, 0.44332, 0.992982, 0.012721, 0.054182,  2,   719.39045,  26, 172122928.000000, 12.000000, 0.981015, 0.032943, 0.370808, 0.515823
SVTGQTVLITGAGHGIGR, Yes, 0.49690, 0.985024, 0.014948, 0.131350,  2,   862.47613,  31, 22857466.000000, 12.000000, 0.887151, 0.078772, 0.323525, 0.670276
SVTGQTVLITGAGHGIGR, Yes, 0.37783, 0.995862, 0.007897, 0.035777,  3,   575.31985,  31, 270305632.000000, 12.000000, 0.946067, 0.041774, 0.285888, 0.469777
TGIQTScLcPVFVNTGFTK, Yes, 0.26240, 0.944927, 0.020847, 0.102283,  2,  1065.52157,  23, 19594094.000000, 12.000000, 0.705849, 0.061452, 0.127145, 0.397654
EVGDVEIVVNNAGAIYPADLLSAK, Yes, 0.38427, 0.967919, 0.027284, 0.157651,  2,  1229.14720,  47, 5386672.000000, 10.000000, 0.877288, 0.084960, 0.192076, 0.576461
SLINGILTNK, Yes, 0.25397, 0.972661, 0.017642, 0.068638,  2,   536.82167,  12, 205550592.000000, 12.000000, 0.630163, 0.062953, 0.115414, 0.392533
LVLWDINKR, Yes, 0.03253, 0.707622, 0.040561, 0.165528,  2,   578.84548,  10, 35440108.000000, 12.000000, 0.372037, 0.009529, 0.011559, 0.053506
EVGDVEIVVNNAGAIYPADLLSAK, Yes, 0.26045, 0.933832, 0.032289, 0.060660,  3,   819.76722,  47, 18389654.000000, 12.000000, 0.260201, 0.076258, 0.092607, 0.428293


MeanRateConst/CorrCutOff, 0.321879, 0.900000


MedianRateConst/RMSSCutOff, 0.270911, 0.050000
StandDev/NumberPeptides, 0.053092, 7
TotalIonCurrent, 4.29627e+10
