Peptides, PeptideUnique, RateConstants, Correlations, RootMeanRSS, AbsoluteIsotopeError, Charge, m/z(Sequence), NEH, Abundance, NDP, Rsquared,sigma,CI lower band, CI upper band
LTQGETLR, Yes, 0.55527, 0.839708, 0.053547, 0.165677,  2,   459.25617,  14, 8649809.000000, 11.000000, 0.433937, 0.237799, 0.025418, 1.085117
EGLEYIPLR, Yes, 0.69845, 0.924278, 0.038191, 0.182141,  2,   545.30057,  18, 41058192.000000, 11.000000, 0.200847, 0.329106, 0.000000, 3.310412
ILPSQPGLVHPK, Yes, 0.54192, 0.808118, 0.058344, 0.139743,  2,   643.38498,  22, 9087625.000000, 11.000000, -0.442986, 0.341253, 0.000000, 2.330226
ILPSQPGLVHPK, Yes, 0.16597, 0.959365, 0.026825, 0.080938,  3,   429.25908,  22, 36496696.000000, 11.000000, 0.664638, 0.038513, 0.080162, 0.251785
EEFWEMFDGSLYHK, Yes, 1.07130, 0.969765, 0.017245, 0.076518,  3,   606.59950,  24, 13146010.000000, 11.000000, 0.900397, 0.240660, 0.535076, 1.607524


MeanRateConst/CorrCutOff, 0.645240, 0.900000


MedianRateConst/RMSSCutOff, 0.698445, 0.050000
StandDev/NumberPeptides, 0.090472, 3
TotalIonCurrent, 3.01281e+09
