Peptides, PeptideUnique, RateConstants, Correlations, RootMeanRSS, AbsoluteIsotopeError, Charge, m/z(Sequence), NEH, Abundance, NDP, Rsquared,sigma,CI lower band, CI upper band
SNLGSVVLQLK, Yes, 0.25249, 0.932638, 0.032773, 0.086799,  2,   579.34806,  16, 30732002.000000, 11.000000, 0.711547, 0.062096, 0.114133, 0.390850
VESLLVTAISK, Yes, 0.01975, -0.061993, 0.067610, 0.062982,  2,   580.35026,  17, 30660760.000000, 11.000000, -0.947993, 0.013332, 0.000000, 3.049745
TLATDILMGVLK, Yes, 0.07359, 0.670981, 0.084588, 0.093806,  2,   637.87305,  13, 81718240.000000, 11.000000, 0.304852, 0.037213, 0.000000, 3.024524
FQIYFDNcPLLTIPGR, Yes, 0.06184, 0.577079, 0.079403, 0.020799,  2,   977.49820,  24, 9244859.000000, 11.000000, -0.136186, 0.037848, 0.000000, 3.625558
FQIYFDNcPLLTIPGR, Yes, 0.11710, 0.762623, 0.048742, 0.135372,  3,   652.00123,  24, 2604992.000000, 11.000000, 0.237148, 0.042966, 0.021366, 0.212834


MeanRateConst/CorrCutOff, 0.252491, 0.900000


MedianRateConst/RMSSCutOff, 0.252491, 0.050000
StandDev/NumberPeptides, 0.062096, 1
TotalIonCurrent, 3.75856e+09
