Peptides, PeptideUnique, RateConstants, Correlations, RootMeanRSS, AbsoluteIsotopeError, Charge, m/z(Sequence), NEH, Abundance, NDP, Rsquared,sigma,CI lower band, CI upper band
DLTQLFGFAR, Yes, 0.10590, 0.990155, 0.019577, 0.088924,  2,   584.31148,  17, 44837096.000000, 10.000000, 0.949866, 0.010242, 0.082730, 0.129068
ASNSEDPPSVVEVR, Yes, 0.18882, 0.951941, 0.036083, 0.224027,  2,   743.36262,  33, 10828546.000000, 10.000000, 0.780363, 0.030948, 0.118808, 0.258826
LYQScADPTGcGTGSDAR, Yes, 0.08921, 0.967686, 0.050096, 0.257423,  2,   958.39910,  37, 8841878.000000, 9.000000, 0.853903, 0.016351, 0.051509, 0.126920
DLFLQGAYDTISQNFGTcQSLSSPK, Yes, 0.08771, 0.952436, 0.017817, 0.059383,  3,   926.44108,  45, 13507234.000000, 10.000000, 0.898411, 0.010717, 0.063467, 0.111954
QQYcLDTWGVWPR, Yes, 0.03064, 0.945724, 0.039441, 0.236703,  2,   854.89866,  21, 40480964.000000, 10.000000, 0.641061, 0.008136, 0.012237, 0.049049
NAFTVLAMMDYPYPTDFLGPLPANPVK, Yes, 0.10001, 0.943549, 0.012887, 0.097278,  3,   994.83085,  42, 3466086.500000, 10.000000, 0.718197, 0.015450, 0.065061, 0.134960
DVTADFYGQSPK, Yes, 0.91005, 0.769586, 0.082598, 0.747768,  2,   664.31188,  21, 25197716.000000, 10.000000, -1.043111, 0.904966, 0.000000, 5.591476


MeanRateConst/CorrCutOff, 0.081066, 0.900000


MedianRateConst/RMSSCutOff, 0.100010, 0.050000
StandDev/NumberPeptides, 0.010566, 4
TotalIonCurrent, 4.0932e+09
