Peptides, PeptideUnique, RateConstants, Correlations, RootMeanRSS, AbsoluteIsotopeError, Charge, m/z(Sequence), NEH, Abundance, NDP, Rsquared,sigma,CI lower band, CI upper band
LYAHHLSR, Yes, 0.28824, 0.976263, 0.021295, 0.047110,  2,   498.77231,  17, 13440175.000000, 12.000000, 0.694899, 0.070873, 0.132252, 0.444234
LVASAEQLLK, Yes, 0.20220, 0.964949, 0.035340, 0.113984,  2,   536.32404,  21, 50633076.000000, 12.000000, 0.900176, 0.031576, 0.132697, 0.271696
NVSLGNVLAVAYAAK, Yes, 0.21419, 0.981083, 0.020751, 0.123689,  2,   745.42228,  28, 26026802.000000, 12.000000, 0.876874, 0.029672, 0.148882, 0.279499
YEFQGNHFQVTR, Yes, 0.24733, 0.991683, 0.013058, 0.051770,  3,   509.24427,  23, 32994874.000000, 12.000000, 0.956789, 0.023923, 0.194672, 0.299978
YEFQGNHFQVTR, Yes, 0.13200, 0.372113, 0.090483, 0.228701,  2,   763.36277,  23, 1364269.250000, 7.000000, -0.528254, 0.084363, 0.000000, 0.718256
GPIVESYIGFIESYR, Yes, 0.19319, 0.978160, 0.018012, 0.137237,  3,   577.29803,  27, 4955738.500000, 12.000000, 0.947327, 0.020024, 0.149116, 0.237261
LAQDFLDSQNLSAYNTR, Yes, 0.14818, 0.812012, 0.049402, 0.146779,  2,   978.47650,  34, 8804082.000000, 12.000000, 0.126957, 0.045719, 0.047554, 0.248807
GPSFDVQVGLHELLGHGSGK, Yes, 0.21270, 0.990095, 0.012097, 0.062338,  4,   509.26554,  37, 14418607.000000, 12.000000, 0.961242, 0.018764, 0.171396, 0.253994
LEGSEVQLVEYEASAAGLIR, Yes, 0.00000, -2.000000, 0.114553, 0.314788,  2,  1067.55494,  48, 32299986.000000, 12.000000, -0.067484, 0.009028, 0.000000, 4.933589
GAFNFDKETVINPETGEQIQSWYR, Yes, 0.18608, 0.932033, 0.029944, 0.166065,  3,   943.78746,  46, 5290280.500000, 8.000000, 0.335697, 0.082543, 0.000000, 2.698072
QHALAEGLTEEEYQAFLVYAAGVYSNMGNYK, Yes, 0.01444, 0.940190, 0.015039, 0.124286,  3,  1156.21350,  65, 1726548.750000, 5.000000, 0.171085, 0.022931, 0.000000, 4.306998
ELPWPLAFEK, Yes, 0.25472, 0.967673, 0.023418, 0.093849,  2,   615.33187,  19, 37820236.000000, 12.000000, 0.866006, 0.038126, 0.170804, 0.338634
GPIVESYIGFIESYR, Yes, 14.37923, -0.047729, 0.085791, 1.181824,  2,   865.44341,  27, 25548750.000000, 12.000000, -2.794256, 631627.062500, 12.628217, 16.130238
DLWQTcGDLMFSLEPR, Yes, 0.02515, 0.803732, 0.037921, 0.161820,  2,   984.45314,  27, 4512116.000000, 11.000000, 0.518947, 0.007140, 0.009243, 0.041060


MeanRateConst/CorrCutOff, 0.215770, 0.900000


MedianRateConst/RMSSCutOff, 0.212695, 0.050000
StandDev/NumberPeptides, 0.028141, 7
TotalIonCurrent, 8.94215e+09
