Peptides, PeptideUnique, RateConstants, Correlations, RootMeanRSS, AbsoluteIsotopeError, Charge, m/z(Sequence), NEH, Abundance, NDP, Rsquared,sigma,CI lower band, CI upper band
SIQLDGLVWGASK, Yes, 0.15608, 0.991164, 0.016900, 0.125631,  2,   687.37481,  22, 237892208.000000, 12.000000, 0.960253, 0.014105, 0.125032, 0.187120
ITSLEVENQNLR, Yes, 0.19290, 0.995371, 0.011690, 0.037445,  2,   708.37806,  24, 139830144.000000, 12.000000, 0.982036, 0.011649, 0.167260, 0.218539
ATAPQTQHVSPMR, Yes, 0.19130, 0.997163, 0.008096, 0.017784,  3,   475.24187,  32, 71041312.000000, 12.000000, 0.942789, 0.018872, 0.149761, 0.232836
ATAPQTQHVSPMR, Yes, 0.16176, 0.983608, 0.019790, 0.137961,  2,   712.35917,  32, 6669890.500000, 12.000000, 0.931730, 0.017175, 0.123954, 0.199557
AGSSGPGASSGPGGDHSELIVR, Yes, 0.17641, 0.991255, 0.015984, 0.079828,  3,   665.65573,  52, 20824482.000000, 12.000000, 0.964201, 0.015185, 0.142991, 0.209835
SLAGSSGPGASSGPGGDHSELIVR, Yes, 0.17282, 0.993473, 0.010302, 0.034706,  3,   732.36109,  56, 48997728.000000, 12.000000, 0.975716, 0.011434, 0.147654, 0.197987
SSILLDVKPWDDETDMAQLETcVR, Yes, 0.00000, -2.000000, 0.054064, 0.094919,  3,   941.11761,  42, 30630870.000000, 12.000000, -0.028322, 0.006633, 0.000000, 4.471144
QENGASVILR, Yes, 0.05084, 0.856321, 0.048159, 0.243564,  2,   543.79873,  24, 200050304.000000, 12.000000, 0.307266, 0.008850, 0.031365, 0.070321
SLAGSSGPGASSGPGGDHSELIVR, Yes, 0.07819, 0.865412, 0.093692, 0.250986,  2,  1098.03800,  56, 3512069.250000, 7.000000, 0.444629, 0.038391, 0.000000, 2.344146


MeanRateConst/CorrCutOff, 0.175211, 0.900000


MedianRateConst/RMSSCutOff, 0.176413, 0.050000
StandDev/NumberPeptides, 0.014243, 6
TotalIonCurrent, 2.07716e+10
