Peptides, PeptideUnique, RateConstants, Correlations, RootMeanRSS, AbsoluteIsotopeError, Charge, m/z(Sequence), NEH, Abundance, NDP, Rsquared,sigma,CI lower band, CI upper band
QESVSELLR, Yes, 0.13730, 0.997689, 0.023600, 0.084754,  2,   530.78528,  22, 561283968.000000, 9.000000, 0.873438, 0.014019, 0.104974, 0.169629
ESSWVEELLTLHR, Yes, 0.17523, 0.969175, 0.023532, 0.135662,  3,   533.61061,  26, 19090116.000000, 9.000000, 0.925906, 0.021283, 0.126153, 0.224308
GQPIWVTANHQEVK, Yes, 0.13819, 0.988295, 0.023049, 0.081887,  3,   536.28272,  28, 64499840.000000, 9.000000, 0.518031, 0.024299, 0.082155, 0.194220
AEYLHTWGGLLPVISK, Yes, 0.11496, 0.902938, 0.060178, 0.161564,  3,   595.32956,  24, 18266816.000000, 9.000000, 0.612293, 0.039790, 0.023205, 0.206715
ILAVLEWLQLPSHER, Yes, 0.18768, 0.927888, 0.071926, 0.256696,  3,   602.00870,  31, 2229731.500000, 8.000000, 0.465515, 0.121237, 0.000000, 3.736961
SGTYFWPGSDVEIDGILPDIYK, Yes, 0.14615, 0.889197, 0.028372, 0.044817,  2,  1236.60211,  32, 3343440.000000, 9.000000, 0.019369, 0.050357, 0.030025, 0.262271
IEPLTFYLDPQWQLALNPSER, Yes, 0.14660, 0.964982, 0.015530, 0.098681,  3,   844.10406,  41, 3197044.000000, 8.000000, 0.660185, 0.028781, 0.078545, 0.214656
FVcScADDcK, Yes, 0.05610, 0.934254, 0.055221, 0.165842,  2,   631.23595,  16, 861470.437500, 9.000000, 0.373736, 0.021894, 0.005614, 0.106587


MeanRateConst/CorrCutOff, 0.149330, 0.900000


MedianRateConst/RMSSCutOff, 0.146600, 0.050000
StandDev/NumberPeptides, 0.020595, 4
TotalIonCurrent, 8.54751e+09
