Peptides, PeptideUnique, RateConstants, Correlations, RootMeanRSS, AbsoluteIsotopeError, Charge, m/z(Sequence), NEH, Abundance, NDP, Rsquared,sigma,CI lower band, CI upper band
SLNILTAFR, Yes, 0.09920, 0.961129, 0.037948, 0.184580,  2,   517.80328,  14, 50003692.000000, 12.000000, 0.742130, 0.021632, 0.051588, 0.146812
FDTQYPYGEK, Yes, 2.87124, -0.244685, 0.051331, 0.646166,  2,   624.28258,  16, 51224400.000000, 12.000000, -4.732110, 7.515584, 0.925327, 4.817163
GALPLDTVTFYK, Yes, 0.24038, 0.991500, 0.012061, 0.033282,  2,   662.86100,  13, 80809016.000000, 12.000000, 0.975615, 0.016356, 0.204378, 0.276378
GQGVYLGMPGcLPAYDALAGEFIK, Yes, 0.19126, 0.978942, 0.013193, 0.072009,  3,   843.08351,  45, 7417860.000000, 12.000000, 0.944050, 0.019024, 0.149393, 0.233136
QGQDGLLSVK, Yes, 0.14607, 0.954517, 0.043054, 0.022735,  2,   522.78784,  18, 31029558.000000, 12.000000, 0.682116, 0.026197, 0.088409, 0.203726
ESYPVFYLFR, Yes, 0.15922, 0.983152, 0.014045, 0.039475,  2,   660.83478,  15, 54252796.000000, 12.000000, 0.896213, 0.019774, 0.115702, 0.202746


MeanRateConst/CorrCutOff, 0.148939, 0.900000


MedianRateConst/RMSSCutOff, 0.159224, 0.050000
StandDev/NumberPeptides, 0.021329, 4
TotalIonCurrent, 9.21444e+09
