Peptides, PeptideUnique, RateConstants, Correlations, RootMeanRSS, AbsoluteIsotopeError, Charge, m/z(Sequence), NEH, Abundance, NDP, Rsquared,sigma,CI lower band, CI upper band
ILVTGGSGLVGR, Yes, 0.16058, 0.991398, 0.018288, 0.051048,  2,   564.84041,  17, 52578492.000000, 10.000000, 0.928819, 0.020510, 0.114186, 0.206980
DADLTDAAQTQALFQK, Yes, 0.00661, -0.097130, 0.063080, 0.190127,  2,   868.42849,  35, 12401303.000000, 10.000000, -0.218964, 0.006361, 0.000000, 3.853814
ETcTWFTDNYEQAR, Yes, 0.11250, 0.907714, 0.058388, 0.239375,  2,   910.88086,  26, 8545967.000000, 10.000000, 0.514539, 0.045619, 0.009298, 0.215693
VVADGAGLPGEEWVFVSSK, Yes, 0.14062, 0.840754, 0.101426, 0.170034,  2,   973.99656,  35, 7266028.000000, 10.000000, -0.141609, 0.135612, 0.000000, 4.084761
SYLPDFR, Yes, 0.20182, 0.970941, 0.024427, 0.045235,  2,   449.22688,  11, 30677516.000000, 10.000000, 0.760480, 0.048018, 0.093199, 0.310449


MeanRateConst/CorrCutOff, 0.181204, 0.900000


MedianRateConst/RMSSCutOff, 0.201824, 0.050000
StandDev/NumberPeptides, 0.028743, 2
TotalIonCurrent, 2.5514e+09
