Peptides, PeptideUnique, RateConstants, Correlations, RootMeanRSS, AbsoluteIsotopeError, Charge, m/z(Sequence), NEH, Abundance, NDP, Rsquared,sigma,CI lower band, CI upper band
NSLFDFQR, Yes, 1.24486, 0.950540, 0.029221, 0.188126,  2,   513.75380,  15, 97999768.000000, 12.000000, 0.828151, 0.295776, 0.593864, 1.895862
AQQIQALQSNVR, Yes, 0.26358, 0.929072, 0.071930, 0.129743,  2,   678.37312,  33, 79392008.000000, 12.000000, 0.136208, 0.086599, 0.072975, 0.454180
GLIDEANQDFTNR, Yes, 0.35079, 0.605417, 0.087675, 0.086704,  2,   746.85496,  27, 74101272.000000, 12.000000, -0.380495, 0.185695, 0.000000, 2.017570
AENPTNPGPGGSGYWR, Yes, 0.55629, 0.970133, 0.042826, 0.050075,  2,   830.37914,  34, 61436544.000000, 12.000000, 0.255747, 0.198678, 0.119003, 0.993577
NPGTTGSDGTGDWGTGSPR, Yes, 0.82962, 0.974501, 0.021007, 0.130155,  2,   910.39574,  32, 25630966.000000, 12.000000, 0.893318, 0.163223, 0.470371, 1.188874
PANPNWGVFSEFGDSSSPATR, Yes, 0.91997, 0.807222, 0.055179, 0.173861,  2,  1112.00871,  44, 8390729.000000, 7.000000, -0.481869, 0.670973, 0.000000, 4.662276
PANPNWGVFSEFGDSSSPATR, Yes, 0.92098, 0.943488, 0.032781, 0.188387,  3,   741.67490,  44, 2961036.000000, 6.000000, -0.626747, 1.524473, 0.000000, 9.588226
GDFANANNFDNTYGQVSEDLR, Yes, 0.83115, 0.935881, 0.046638, 0.313993,  2,  1174.01471,  41, 2711634.500000, 6.000000, -0.228803, 0.942225, 0.000000, 7.098224
SQLQEAPPEWK, Yes, 0.00231, -0.524503, 0.109883, 0.066685,  2,   656.83022,  28, 185652720.000000, 12.000000, -0.370979, 0.007594, 0.000000, 3.598310


MeanRateConst/CorrCutOff, 0.784511, 0.900000


MedianRateConst/RMSSCutOff, 0.831151, 0.050000
StandDev/NumberPeptides, 0.310628, 4
TotalIonCurrent, 1.75118e+10
