Peptides, PeptideUnique, RateConstants, Correlations, RootMeanRSS, AbsoluteIsotopeError, Charge, m/z(Sequence), NEH, Abundance, NDP, Rsquared,sigma,CI lower band, CI upper band
TLEDILFR, Yes, 0.86675, 0.950358, 0.021998, 0.030743,  2,   503.78202,  11, 184359680.000000, 12.000000, 0.858098, 0.200562, 0.425315, 1.308182
VGPESDKYR, Yes, 0.37403, 0.963750, 0.030100, 0.106799,  2,   525.76436,  18, 2042969.625000, 12.000000, 0.574508, 0.105954, 0.140824, 0.607231
VGPESDKYR, Yes, 0.58850, 0.966873, 0.024101, 0.055090,  3,   350.84533,  18, 6050683.500000, 12.000000, 0.732514, 0.131210, 0.299708, 0.877292
DNccILDER, Yes, 0.32317, 0.964147, 0.036562, 0.143285,  2,   597.74753,  17, 38906120.000000, 12.000000, 0.764670, 0.067395, 0.174835, 0.471505
IHLISMQSTIPY, Yes, 0.59755, 0.948908, 0.029326, 0.083926,  2,   701.87358,  19, 69528872.000000, 12.000000, 0.029892, 0.268260, 0.007114, 1.187988
YEALLLTHETSIR, Yes, 0.67476, 0.976085, 0.017638, 0.039295,  3,   515.94722,  24, 91729568.000000, 12.000000, 0.941425, 0.089405, 0.477981, 0.871540
VAQLEAQcQEPcK, Yes, 0.65888, 0.953720, 0.040385, 0.115881,  2,   780.86088,  35, 15435408.000000, 12.000000, 0.872595, 0.130967, 0.370625, 0.947138
SSTTNGFDDGIIWATWK, Yes, 0.87311, 0.645197, 0.055331, 0.128452,  2,   949.94961,  22, 38471700.000000, 12.000000, -0.277434, 0.863959, 0.000000, 5.449108
cHAGHLNGVYHQGGTYSK, Yes, 0.69745, 0.968441, 0.018269, 0.205664,  3,   662.63936,  33, 2273245.250000, 12.000000, 0.862334, 0.131480, 0.408066, 0.986838
cHAGHLNGVYHQGGTYSK, Yes, 0.49206, 0.967394, 0.020093, 0.138977,  4,   497.23134,  33, 8403989.000000, 12.000000, 0.801158, 0.096786, 0.279038, 0.705089
GIADFLSSYQTDVDNDLR, Yes, 0.01357, -0.003788, 0.099424, 0.160583,  2,  1014.97909,  31, 10196707.000000, 12.000000, -0.182708, 0.011654, 0.000000, 3.862378
YEALLLTHETSIR, Yes, 0.12954, 0.675422, 0.084052, 0.153991,  2,   773.41719,  24, 19563790.000000, 12.000000, -0.571143, 0.050848, 0.017623, 0.241456
EGFGHLSPTGTTEFWLGNEK, Yes, 1.65522, 0.960431, 0.029400, 0.206197,  3,   736.35165,  33, 55554576.000000, 12.000000, 0.180200, 0.724686, 0.060198, 3.250246
QQFLVYcEIDGSGNGWTVLQK, Yes, 0.59440, 0.978497, 0.019899, 0.087482,  2,  1221.59156,  34, 2517553.750000, 7.000000, 0.840647, 0.148428, 0.231207, 0.957585


MeanRateConst/CorrCutOff, 0.555645, 0.900000


MedianRateConst/RMSSCutOff, 0.594396, 0.050000
StandDev/NumberPeptides, 0.113750, 9
TotalIonCurrent, 2.4427e+10
