Peptides, PeptideUnique, RateConstants, Correlations, RootMeanRSS, AbsoluteIsotopeError, Charge, m/z(Sequence), NEH, Abundance, NDP, Rsquared,sigma,CI lower band, CI upper band
NLGTLLGLGLALNSSMYR, Yes, 0.25212, 0.995590, 0.007522, 0.039347,  3,   631.68025,  27, 15104276.000000, 12.000000, 0.965606, 0.021698, 0.204363, 0.299876
NLGTLLGLGLALNSSMYR, Yes, 0.29405, 0.966668, 0.017417, 0.105161,  2,   947.01674,  27, 31785728.000000, 12.000000, 0.792872, 0.056460, 0.169783, 0.418320
NLGTLLGLGLALNSSmYR, Yes, 0.20473, 0.944635, 0.025055, 0.146410,  3,   637.01189,  27, 7721032.000000, 12.000000, 0.730700, 0.045046, 0.105584, 0.303876
WcERPEWVHLDTTPFASLFK, Yes, 0.18260, 0.986318, 0.009230, 0.053277,  4,   630.55987,  33, 16423595.000000, 12.000000, 0.968250, 0.013993, 0.151801, 0.213396
GLGVDLLWTLEK, Yes, 0.13803, 0.950808, 0.024102, 0.072729,  2,   672.38210,  13, 10170442.000000, 12.000000, 0.852323, 0.023591, 0.086107, 0.189953


MeanRateConst/CorrCutOff, 0.194369, 0.900000


MedianRateConst/RMSSCutOff, 0.204730, 0.050000
StandDev/NumberPeptides, 0.021961, 4
TotalIonCurrent, 4.46863e+09
