Peptides, PeptideUnique, RateConstants, Correlations, RootMeanRSS, AbsoluteIsotopeError, Charge, m/z(Sequence), NEH, Abundance, NDP, Rsquared,sigma,CI lower band, CI upper band
TFVSGAcDASIK, Yes, 0.22382, 0.965982, 0.025694, 0.036024,  2,   628.30300,  21, 73346856.000000, 11.000000, 0.882088, 0.032321, 0.151801, 0.295831
SGDVMSLSLAPDGR, Yes, 0.05936, 0.900419, 0.041056, 0.229929,  2,   702.84302,  28, 4342464.500000, 11.000000, 0.685978, 0.011260, 0.034274, 0.084453
AcGDSTLTQITAGLDPVGR, Yes, 0.48562, 0.967841, 0.025956, 0.136487,  2,   966.47821,  35, 20776428.000000, 11.000000, 0.789826, 0.088531, 0.288360, 0.682878
LLLAGYDDFNcNIWDAMK, Yes, 0.24693, 0.990171, 0.024190, 0.114385,  3,   720.33605,  26, 13799849.000000, 11.000000, 0.915257, 0.046871, 0.142489, 0.351361
LLLAGYDDFNcNIWDAMK, Yes, 0.27636, 0.996502, 0.006171, 0.054070,  2,  1080.00044,  26, 37562920.000000, 11.000000, 0.982014, 0.017473, 0.237427, 0.315291
ADQELLMYSHDNIIcGITSVAFSR, Yes, 0.24567, 0.992820, 0.006895, 0.092033,  3,   914.10715,  46, 10440628.000000, 10.000000, 0.980801, 0.015733, 0.210079, 0.281260
VHAIPLR, Yes, 0.40795, -1.000000, 0.005652, 0.487495,  2,   403.25577,  15, 46657656.000000, 2.000000, -380.019592, 4.972807, 0.000000, 11.067568
IYAMHWGTDSR, Yes, 1.25981, -2.000000, 0.010831, 0.503580,  2,   668.80877,  19, 13581185.000000, 2.000000, -55.740105, 110034.625000, 0.000000, 3.961947
IYAMHWGTDSR, Yes, 0.13671, 1.000000, 0.008798, 0.406205,  3,   446.20828,  19, 67169760.000000, 2.000000, -45.669712, 0.068979, 0.000000, 10.643991
LIIWDSYTTNK, Yes, 0.00000, -2.000000, 0.213573, 0.434631,  2,   677.35608,  10, 405613312.000000, 1.000000, 0.000000, inf, 0.000001, 0.000001


MeanRateConst/CorrCutOff, 0.248192, 0.900000


MedianRateConst/RMSSCutOff, 0.245670, 0.050000
StandDev/NumberPeptides, 0.023112, 4
TotalIonCurrent, 7.13449e+09
