Peptides, PeptideUnique, RateConstants, Correlations, RootMeanRSS, AbsoluteIsotopeError, Charge, m/z(Sequence), NEH, Abundance, NDP, Rsquared,sigma,CI lower band, CI upper band
TEQYVELHK, Yes, 1.50396, 0.540067, 0.071227, 0.906066,  2,   573.79311,  17, 12746317.000000, 12.000000, -2.396019, 2.208254, 0.000000, 3.832776
VGVLTVSDScFR, Yes, 0.06552, 0.944886, 0.028083, 0.119173,  2,   670.33738,  17, 46297980.000000, 12.000000, 0.800736, 0.009777, 0.044003, 0.087044
ELNLILTTGGTGFAPR, Yes, 0.24567, 0.837628, 0.047380, 0.111762,  2,   830.45686,  25, 23872646.000000, 12.000000, 0.376637, 0.072446, 0.086217, 0.405122
IIFALPGNPVSAVVTcNLFVVPALR, Yes, 0.14393, 0.977809, 0.013195, 0.058408,  3,   889.84001,  40, 911758.437500, 12.000000, 0.857707, 0.022302, 0.094841, 0.193012
ADVIITSGGVSMGEK, Yes, 0.07235, 0.986840, 0.016164, 0.116499,  2,   732.37415,  26, 105377112.000000, 12.000000, 0.949976, 0.005516, 0.060209, 0.084491
VFMKPGLPTTFATLDIDGVR, Yes, 0.25140, 0.898725, 0.026890, 0.165418,  3,   726.72577,  26, 11758632.000000, 12.000000, 0.305395, 0.083725, 0.067122, 0.435676
DTASLSTTPSESPR, Yes, 0.24282, 0.976054, 0.033682, 0.187662,  2,   724.84681,  30, 104695752.000000, 12.000000, 0.596837, 0.049194, 0.134541, 0.351091


MeanRateConst/CorrCutOff, 0.131154, 0.900000


MedianRateConst/RMSSCutOff, 0.143926, 0.050000
StandDev/NumberPeptides, 0.011470, 4
TotalIonCurrent, 7.08782e+09
