Peptides, PeptideUnique, RateConstants, Correlations, RootMeanRSS, AbsoluteIsotopeError, Charge, m/z(Sequence), NEH, Abundance, NDP, Rsquared,sigma,CI lower band, CI upper band
LAPIMFGIK, Yes, 0.05874, 0.637395, 0.080409, 0.123717,  2,   495.29625,  13, 68634920.000000, 12.000000, 0.125714, 0.026428, 0.000575, 0.116909
ILLAGcPSYDK, Yes, 0.01528, 0.771082, 0.020300, 0.072086,  2,   618.81827,  17, 244863872.000000, 12.000000, -0.338088, 0.003270, 0.008085, 0.022480
ILQALHLQFGK, Yes, 2.96274, 0.921358, 0.032376, 0.145435,  3,   423.25555,  20, 9285773.000000, 12.000000, 0.739742, 2.702915, 2.169901, 3.755586
LIQEWNSVDLR, Yes, 2.08933, 0.972785, 0.020934, 0.101529,  2,   686.86460,  20, 36226180.000000, 12.000000, 0.713714, 1.021499, 1.406398, 2.772257
MIEQDDFDINTR, Yes, 1.01425, 0.959243, 0.035237, 0.187114,  2,   748.83793,  22, 5555939.500000, 12.000000, 0.723704, 0.259837, 0.442354, 1.586149
FDALALATSAALMNIR, Yes, 0.12038, 0.744368, 0.059643, 0.203163,  3,   559.97126,  34, 12110345.000000, 12.000000, -0.087717, 0.042399, 0.027059, 0.213700


MeanRateConst/CorrCutOff, 2.022107, 0.900000


MedianRateConst/RMSSCutOff, 2.089327, 0.050000
StandDev/NumberPeptides, 0.577202, 3
TotalIonCurrent, 5.68702e+09
