Peptides, PeptideUnique, RateConstants, Correlations, RootMeanRSS, AbsoluteIsotopeError, Charge, m/z(Sequence), NEH, Abundance, NDP, Rsquared,sigma,CI lower band, CI upper band
FYGLLAR, Yes, 0.82908, 0.869375, 0.036502, 0.273496,  2,   420.24233,  11, 110485608.000000, 12.000000, 0.270386, 0.304565, 0.158732, 1.499420
SVQDcLHILNHYGLR, Yes, 0.12206, 0.965197, 0.026184, 0.104176,  4,   456.98480,  26, 18745504.000000, 12.000000, 0.924791, 0.014857, 0.089356, 0.154757
VLNVIIGSNSLALAEAQR, Yes, 0.02550, 0.027316, 0.097717, 0.187303,  3,   623.35817,  39, 5384575.500000, 12.000000, -0.444993, 0.012486, 0.000000, 3.086453
VLNVIIGSNSLALAEAQR, Yes, 0.11506, 0.993658, 0.012751, 0.220291,  2,   934.53361,  39, 5302030.500000, 11.000000, 0.970036, 0.008568, 0.095971, 0.134153
QLFDSAVGAVQPGPMLQR, Yes, 0.11280, 0.988790, 0.013451, 0.064760,  2,   957.49874,  40, 24688626.000000, 12.000000, 0.958305, 0.008380, 0.094356, 0.131242
GPVcLLAGGEPTVQLQGSGK, Yes, 0.10719, 0.979107, 0.026509, 0.149638,  2,   984.51459,  39, 39971228.000000, 12.000000, 0.938137, 0.011623, 0.081611, 0.132774
QPLGPIDVLFLSGGTDGQDGPTK, Yes, 0.00000, -2.000000, 0.050534, 0.212613,  3,   771.39715,  38, 302710336.000000, 12.000000, -5.798115, 0.005079, 0.000000, 5.021375
QPLGPIDVLFLSGGTDGQDGPTK, Yes, 0.00000, -2.000000, 0.057661, 0.225942,  2,  1156.59209,  38, 138170528.000000, 12.000000, -3.605584, 0.005736, 0.000000, 5.174571
AVLGMAAAAEELLAQHLVQGVISVPK, Yes, 0.13323, 0.998100, 0.004463, 0.028567,  3,   872.49115,  59, 37677204.000000, 12.000000, 0.988844, 0.005538, 0.121044, 0.145422
GGTHLLHTGLTGTNVMDVHLLILHPQ, Yes, 0.12473, 0.969797, 0.058577, 0.090950,  4,   694.37472,  37, 7676877.000000, 10.000000, -0.201665, 0.165962, 0.000000, 5.264337
GATIQELNTIR, Yes, 0.15461, 0.994899, 0.010282, 0.060601,  2,   608.33822,  22, 112545592.000000, 12.000000, 0.938451, 0.015070, 0.121442, 0.187780
QAEVLGYHAMVLSTAMQGDVK, Yes, 0.04103, 0.770283, 0.041961, 0.185303,  3,   750.04153,  41, 31934554.000000, 12.000000, 0.466125, 0.010413, 0.018114, 0.063952


MeanRateConst/CorrCutOff, 0.118069, 0.900000


MedianRateConst/RMSSCutOff, 0.115062, 0.050000
StandDev/NumberPeptides, 0.008772, 5
TotalIonCurrent, 2.26474e+10
