Peptides, PeptideUnique, RateConstants, Correlations, RootMeanRSS, AbsoluteIsotopeError, Charge, m/z(Sequence), NEH, Abundance, NDP, Rsquared,sigma,CI lower band, CI upper band
TWTAADMAALITK, Yes, 2.10831, 0.984342, 0.017189, 0.085984,  2,   696.86321,  21, 44989632.000000, 12.000000, 0.966229, 0.409304, 1.207440, 3.009183
AYLEGTcVEWLR, Yes, 2.53179, 0.988294, 0.025051, 0.092480,  2,   748.86374,  21, 24246870.000000, 12.000000, 0.919050, 1.148606, 0.003719, 5.059851
YMEVGYVDDTEFVR, Yes, 1.48956, 0.993559, 0.017096, 0.137716,  2,   861.88762,  21, 16269844.000000, 12.000000, 0.915550, 0.444771, 0.510624, 2.468493
GGSHTIQVISGcEVGSDGR, Yes, 1.39383, 0.987000, 0.018153, 0.088943,  3,   639.30242,  39, 11976716.000000, 12.000000, 0.908410, 0.313785, 0.703199, 2.084471
GGSHTIQVISGcEVGSDGR, Yes, 3.19247, 0.997427, 0.016371, 0.313914,  2,   958.44999,  39, 3232693.750000, 5.000000, 0.961820, 2.070768, 1.959210, 4.425728


MeanRateConst/CorrCutOff, 1.880872, 0.900000


MedianRateConst/RMSSCutOff, 2.108311, 0.050000
StandDev/NumberPeptides, 0.457193, 4
TotalIonCurrent, 5.88026e+09
