Peptides, PeptideUnique, RateConstants, Correlations, RootMeanRSS, AbsoluteIsotopeError, Charge, m/z(Sequence), NEH, Abundance, NDP, Rsquared,sigma,CI lower band, CI upper band
RNEVWLVK, Yes, 1.35658, 0.955612, 0.031288, 0.077248,  2,   522.30345,  11, 273704672.000000, 11.000000, 0.843258, 0.372189, 0.527287, 2.185866
EADYVAHATQLR, Yes, 0.69553, 0.995652, 0.015576, 0.065028,  3,   458.56511,  29, 89380888.000000, 11.000000, 0.983412, 0.055814, 0.571172, 0.819893
EADYVAHATQLR, Yes, 0.58977, 0.988717, 0.019526, 0.054063,  2,   687.34403,  29, 55440104.000000, 11.000000, 0.948655, 0.075187, 0.422239, 0.757292
EGITVYSTQFGGYAK, Yes, 0.56791, 0.993529, 0.010083, 0.054716,  2,   810.89885,  24, 36110684.000000, 11.000000, 0.985194, 0.037998, 0.483249, 0.652577
FATVEVTDKPVDEALR, Yes, 0.04399, 0.754372, 0.053692, 0.281202,  2,   895.47017,  29, 9745623.000000, 11.000000, 0.381236, 0.012405, 0.016348, 0.071628
FATVEVTDKPVDEALR, Yes, 0.66231, 0.987231, 0.016180, 0.046584,  3,   597.31587,  29, 71753992.000000, 11.000000, 0.949654, 0.082232, 0.479088, 0.845538
IPNQFQGSPPAPSDESVK, Yes, 0.49304, 0.998073, 0.005697, 0.039813,  2,   949.46815,  42, 32474796.000000, 11.000000, 0.974881, 0.041183, 0.401280, 0.584803
NSLFGSVETWPWQVLSTGGK, Yes, 0.61138, 0.992677, 0.007260, 0.027514,  3,   731.70402,  30, 19069752.000000, 11.000000, 0.948414, 0.073740, 0.447078, 0.775685
NSLFGSVETWPWQVLSTGGK, Yes, 0.52561, 0.996195, 0.006207, 0.042163,  2,  1097.05240,  30, 59090524.000000, 11.000000, 0.966437, 0.053083, 0.407335, 0.643886


MeanRateConst/CorrCutOff, 0.575004, 0.900000


MedianRateConst/RMSSCutOff, 0.589766, 0.050000
StandDev/NumberPeptides, 0.055320, 6
TotalIonCurrent, 1.95242e+10
