Peptides, PeptideUnique, RateConstants, Correlations, RootMeanRSS, AbsoluteIsotopeError, Charge, m/z(Sequence), NEH, Abundance, NDP, Rsquared,sigma,CI lower band, CI upper band
HSLSYDcIGR, Yes, 2.94922, 0.981926, 0.027804, 0.119566,  2,   604.27985,  19, 40627988.000000, 12.000000, 0.944112, 1.148996, 0.420298, 5.478142
LEVGTETIIDK, No, 0.23115, 0.996417, 0.009607, 0.023481,  2,   609.33481,  15, 2814157824.000000, 12.000000, 0.954900, 0.025989, 0.173952, 0.288355
VTQDATPGSALDK, Yes, 1.10706, 0.958001, 0.032465, 0.068004,  2,   651.83043,  25, 22447626.000000, 12.000000, 0.743266, 0.331437, 0.377568, 1.836545
TcVAPDVFAENMK, Yes, 0.47269, 0.908003, 0.036123, 0.074034,  2,   741.34179,  23, 17809134.000000, 12.000000, 0.452762, 0.149768, 0.143048, 0.802323
NSIYSGLEAFGDVK, Yes, 0.12474, 0.718831, 0.080392, 0.146134,  2,   750.37246,  24, 19545786.000000, 12.000000, -0.529061, 0.048565, 0.017849, 0.231631
VGVFSYGSGLAATLYSLK, Yes, 1.57213, 0.957266, 0.023939, 0.119112,  2,   916.99328,  26, 5064881.500000, 12.000000, 0.849535, 0.547658, 0.366741, 2.777515
VGVFSYGSGLAATLYSLK, Yes, 2.54850, 0.904255, 0.052552, 0.210921,  3,   611.66461,  26, 3739456.250000, 12.000000, 0.316261, 4.247767, 1.017101, 4.079899


MeanRateConst/CorrCutOff, 0.845756, 0.900000


MedianRateConst/RMSSCutOff, 1.107056, 0.050000
StandDev/NumberPeptides, 0.080004, 4
TotalIonCurrent, 1.13909e+11
