Peptides, PeptideUnique, RateConstants, Correlations, RootMeanRSS, AbsoluteIsotopeError, Charge, m/z(Sequence), NEH, Abundance, NDP, Rsquared,sigma,CI lower band, CI upper band
EYVTcHTcR, Yes, 0.12508, 0.974268, 0.042380, 0.113357,  3,   409.17447,  14, 2754290.500000, 10.000000, 0.872943, 0.024596, 0.069439, 0.180717
DYTYEELLNR, Yes, 0.24552, 0.987463, 0.015398, 0.089472,  2,   658.31186,  17, 46559552.000000, 10.000000, 0.968870, 0.022774, 0.194002, 0.297037
LYFLQcETcHSR, Yes, 0.15844, 0.977579, 0.027616, 0.182171,  3,   538.57815,  22, 57027412.000000, 10.000000, 0.942498, 0.018403, 0.116806, 0.200065
IFDIDEAEEAIKDVK, Yes, 0.11565, 0.746086, 0.060018, 0.017348,  3,   578.96471,  30, 7296226.500000, 10.000000, -0.027225, 0.040314, 0.024456, 0.206850


MeanRateConst/CorrCutOff, 0.176344, 0.900000


MedianRateConst/RMSSCutOff, 0.158435, 0.050000
StandDev/NumberPeptides, 0.021597, 3
TotalIonCurrent, 3.61983e+09
