Peptides, PeptideUnique, RateConstants, Correlations, RootMeanRSS, AbsoluteIsotopeError, Charge, m/z(Sequence), NEH, Abundance, NDP, Rsquared,sigma,CI lower band, CI upper band
DSTYSMSSTLTLTK, Yes, 0.09627, 0.985290, 0.012650, 0.108955,  2,   767.86889,  16, 195960016.000000, 12.000000, 0.866967, 0.012232, 0.069345, 0.123188
ADAAPTVSIFPPSSEQLTSGGASVVcFLNNFYPK, Yes, 0.00000, -2.000000, 0.092943, 0.030859,  3,  1191.25198,  64, 66538716.000000, 12.000000, -1.579044, 0.015906, 0.000000, 7.066043
QNGVLNSWTDQDSK, Yes, 0.82079, 0.559630, 0.091823, 0.287427,  2,   796.37098,  24, 32446612.000000, 7.000000, -0.336487, 0.832183, 0.000000, 9.902844


MeanRateConst/CorrCutOff, 0.305685, 0.900000


MedianRateConst/RMSSCutOff, 0.096267, 0.050000
StandDev/NumberPeptides, 0.020572, 1
TotalIonCurrent, 1.05502e+10
