Peptides, PeptideUnique, RateConstants, Correlations, RootMeanRSS, AbsoluteIsotopeError, Charge, m/z(Sequence), NEH, Abundance, NDP, Rsquared,sigma,CI lower band, CI upper band
TLATWATK, Yes, 0.37151, 0.985350, 0.036783, 0.074998,  2,   446.25036,  9, 246801232.000000, 12.000000, 0.863212, 0.099558, 0.152388, 0.590640
VLANPGNSQVAR, Yes, 0.25228, 0.994879, 0.013552, 0.060904,  2,   613.33601,  28, 35548128.000000, 12.000000, 0.857692, 0.039467, 0.165415, 0.339146
PMIHELLTEGR, Yes, 0.24972, 0.808583, 0.060303, 0.095199,  3,   432.56405,  22, 10102892.000000, 12.000000, 0.335890, 0.087132, 0.057948, 0.441499
SNEILTAIIQGMR, Yes, 0.25294, 0.951427, 0.033302, 0.167867,  3,   482.59753,  26, 4905957.500000, 12.000000, 0.879440, 0.043537, 0.157118, 0.348769
SNEILTAIIQGMR, Yes, 0.24898, 0.981588, 0.018483, 0.039854,  2,   723.39266,  26, 27888424.000000, 12.000000, 0.918297, 0.032223, 0.178054, 0.319898
YMEAFKPFLGIGLK, Yes, 0.22429, 0.979365, 0.032756, 0.182522,  3,   538.63018,  20, 9686537.000000, 12.000000, 0.861979, 0.050908, 0.112241, 0.336336
AAVENLPTFLVELSR, Yes, 0.21845, 0.990411, 0.015271, 0.109103,  2,   829.95923,  29, 28851224.000000, 12.000000, 0.949260, 0.022837, 0.168184, 0.268710
AAVENLPTFLVELSR, Yes, 0.23726, 0.960660, 0.028108, 0.142986,  3,   553.64191,  29, 6362623.500000, 12.000000, 0.895353, 0.037580, 0.154546, 0.319973
LQQVLQMESHIQSTSDR, Yes, 3.77839, 0.917951, 0.102213, 0.454780,  3,   667.33370,  39, 7126136.000000, 5.000000, 0.118099, 26.357000, 0.283996, 7.272777
IQFNDLQSLLcATLQNVLR, Yes, 0.37345, 0.978527, 0.015682, 0.051959,  3,   749.40357,  34, 878512.875000, 10.000000, 0.950572, 0.043305, 0.275488, 0.471416
SSAYESLMEIVK, Yes, 0.00037, -0.067749, 0.037989, 0.047715,  2,   678.83939,  23, 100864536.000000, 12.000000, -0.033968, 0.003174, 0.000000, 4.073038
VQHQDALQISDVVMASLLR, Yes, 0.33779, 0.957194, 0.024576, 0.092959,  3,   708.38077,  40, 13752183.000000, 12.000000, 0.801895, 0.074357, 0.174135, 0.501450
GALQYLVPILTQTLTK, Yes, 0.26012, 0.992380, 0.014977, 0.103659,  3,   587.01698,  22, 15337848.000000, 12.000000, 0.961969, 0.027623, 0.199322, 0.320916


MeanRateConst/CorrCutOff, 0.267069, 0.900000


MedianRateConst/RMSSCutOff, 0.252280, 0.050000
StandDev/NumberPeptides, 0.039288, 9
TotalIonCurrent, 1.23036e+10
