Peptides, PeptideUnique, RateConstants, Correlations, RootMeanRSS, AbsoluteIsotopeError, Charge, m/z(Sequence), NEH, Abundance, NDP, Rsquared,sigma,CI lower band, CI upper band
SLAPSILDR, Yes, 0.01354, 0.955494, 0.017675, 0.130788,  2,   486.27964,  19, 589906048.000000, 6.000000, 0.448398, 0.003071, 0.005644, 0.021433
TGLLGIFWK, Yes, 14.71667, -2.000000, 0.157797, 0.493683,  2,   517.80530,  7, 18124010.000000, 6.000000, -14.366003, 2820592.500000, 13.185936, 16.247396


MeanRateConst/CorrCutOff, 7.365103, 0.900000


MedianRateConst/RMSSCutOff, 14.716666, 0.050000
StandDev/NumberPeptides, 0.006142, 1
TotalIonCurrent, 6.96193e+09
