Peptides, PeptideUnique, RateConstants, Correlations, RootMeanRSS, AbsoluteIsotopeError, Charge, m/z(Sequence), NEH, Abundance, NDP, Rsquared,sigma,CI lower band, CI upper band
TDGSPTFYSFK, Yes, 0.26296, 0.978205, 0.015720, 0.098700,  2,   625.29042,  13, 121181336.000000, 11.000000, 0.956249, 0.026480, 0.203956, 0.321957
ENEFFIVTQTcK, Yes, 0.16675, 0.903943, 0.039909, 0.128470,  2,   758.36104,  18, 28275880.000000, 11.000000, 0.691352, 0.038363, 0.081270, 0.252228
ESNTELAEDcEIK, Yes, 0.93934, 0.912819, 0.048370, 0.245243,  2,   769.33794,  30, 2291871.000000, 11.000000, 0.508058, 0.339252, 0.183440, 1.695243
SIAQLNAENDHPFYYK, Yes, 0.54588, 0.905356, 0.035393, 0.112589,  3,   637.30747,  32, 8942543.000000, 11.000000, 0.552733, 0.186703, 0.129874, 0.961876
EVLGHSIAQLNAENDHPFYYK, Yes, 1.00240, 0.973945, 0.013842, 0.193173,  4,   612.05129,  42, 3789359.000000, 11.000000, 0.934592, 0.164863, 0.635059, 1.369735
LISDFPEATSPK, Yes, 0.16161, 0.337149, 0.107022, 0.110028,  2,   652.84026,  22, 33825896.000000, 11.000000, -0.718153, 0.091943, 0.000000, 2.621329


MeanRateConst/CorrCutOff, 0.583464, 0.900000


MedianRateConst/RMSSCutOff, 0.545875, 0.050000
StandDev/NumberPeptides, 0.063938, 5
TotalIonCurrent, 5.38583e+09
