Peptides, PeptideUnique, RateConstants, Correlations, RootMeanRSS, AbsoluteIsotopeError, Charge, m/z(Sequence), NEH, Abundance, NDP, Rsquared,sigma,CI lower band, CI upper band
MQHLIAR, Yes, 0.06809, 0.805058, 0.046847, 0.042863,  2,   434.74471,  16, 22247102.000000, 12.000000, 0.147266, 0.015191, 0.034649, 0.101521
DAVLNAWAEDVDLR, Yes, 0.21028, 0.971526, 0.025741, 0.049884,  2,   793.89409,  29, 16184232.000000, 12.000000, 0.932565, 0.023685, 0.158149, 0.262409
GADFLVTEVENGGSLGSK, Yes, 0.05658, 0.838508, 0.043817, 0.206427,  2,   890.44161,  32, 44906832.000000, 12.000000, 0.507047, 0.011677, 0.030883, 0.082285
RFDEILEASDGIMVAR, Yes, 0.12786, 0.731727, 0.079873, 0.155260,  3,   607.97696,  35, 34429956.000000, 11.000000, 0.042184, 0.067402, 0.000000, 2.759823
FGVEQDVDMVFASFIR, Yes, 0.02770, 0.908237, 0.028906, 0.078395,  2,   930.45347,  28, 11981251.000000, 12.000000, 0.684411, 0.005525, 0.015542, 0.039862
FGVEQDVDMVFASFIR, Yes, 0.05401, 0.902437, 0.029185, 0.049552,  3,   620.63807,  28, 12498713.000000, 12.000000, 0.676649, 0.008623, 0.035036, 0.072993
EATESFASDPILYR, Yes, 0.13733, 0.979031, 0.051185, 0.095508,  2,   799.88846,  31, 44016908.000000, 11.000000, 0.296861, 0.043668, 0.040031, 0.234627
LDIDSAPITAR, Yes, 11.65309, 0.560059, 0.086640, 0.830805,  2,   586.31949,  23, 54716368.000000, 12.000000, -5.761379, 30295.662109, 10.405915, 12.900254
NTGIIcTIGPASR, Yes, 0.05647, 0.843868, 0.041100, 0.074203,  2,   680.35609,  23, 43581076.000000, 12.000000, 0.024463, 0.014071, 0.025502, 0.087441
ITLDNAYMEK, Yes, 0.10621, 0.617211, 0.062873, 0.183063,  2,   599.29462,  15, 90997792.000000, 12.000000, -1.189074, 0.040122, 0.017900, 0.194518
AGKPVIcATQMLESMIK, Yes, 0.02986, 0.860508, 0.046423, 0.120242,  3,   626.32795,  31, 14589437.000000, 11.000000, 0.579266, 0.007950, 0.012147, 0.047574


MeanRateConst/CorrCutOff, 0.097332, 0.900000


MedianRateConst/RMSSCutOff, 0.054014, 0.050000
StandDev/NumberPeptides, 0.008845, 3
TotalIonCurrent, 9.84604e+09
