Peptides, PeptideUnique, RateConstants, Correlations, RootMeanRSS, AbsoluteIsotopeError, Charge, m/z(Sequence), NEH, Abundance, NDP, Rsquared,sigma,CI lower band, CI upper band
YKEEFEK, Yes, 0.30111, 0.896347, 0.061384, 0.203397,  2,   486.73726,  13, 13949636.000000, 11.000000, -1.955422, 0.108714, 0.058878, 0.543336
TQDQISNIK, Yes, 1.08745, 0.942831, 0.041063, 0.336941,  2,   523.77746,  17, 370430208.000000, 11.000000, 0.502863, 0.379684, 0.241466, 1.933442
QQSELQSQVR, Yes, 0.26900, 0.995719, 0.013000, 0.029157,  2,   601.80983,  29, 38794512.000000, 11.000000, 0.985847, 0.015765, 0.233872, 0.304124
KPYcNAHYPK, Yes, 0.16544, 0.995873, 0.010637, 0.029328,  3,   426.54136,  17, 20220572.000000, 11.000000, 0.898923, 0.021219, 0.118159, 0.212715
MGPSGGEGVEPER, Yes, 0.20091, 0.983709, 0.021235, 0.072022,  2,   651.29316,  32, 23960658.000000, 11.000000, 0.780366, 0.039359, 0.113216, 0.288611
GFSVVADTPELQR, Yes, 0.17576, 0.952961, 0.033565, 0.027082,  2,   709.86735,  26, 346586592.000000, 11.000000, 0.833518, 0.027465, 0.114562, 0.236951
QSFTMVADTPENLR, Yes, 0.18297, 0.984295, 0.019699, 0.138539,  2,   804.88795,  27, 41603016.000000, 11.000000, 0.939339, 0.021480, 0.135114, 0.230833
HIPTSAPVYQQPQQQQMTSSYGGYK, Yes, 0.32892, 0.990897, 0.008275, 0.068568,  3,   942.11682,  55, 8189738.000000, 4.000000, 0.954811, 0.038131, 0.207573, 0.450273


MeanRateConst/CorrCutOff, 0.181270, 0.900000


MedianRateConst/RMSSCutOff, 0.182974, 0.050000
StandDev/NumberPeptides, 0.025723, 4
TotalIonCurrent, 1.6431e+10
