Peptides, PeptideUnique, RateConstants, Correlations, RootMeanRSS, AbsoluteIsotopeError, Charge, m/z(Sequence), NEH, Abundance, NDP, Rsquared,sigma,CI lower band, CI upper band
KPTVTHVHYR, Yes, 0.01999, 0.274399, 0.038401, 0.036623,  3,   413.23152,  14, 9206282.000000, 9.000000, -0.693439, 0.009870, 0.000000, 3.382020
WIVLFPEGGFLR, Yes, 0.53512, 0.953709, 0.022486, 0.099434,  2,   717.40063,  17, 13627132.000000, 9.000000, 0.885325, 0.107516, 0.287188, 0.783054
NNLPFLTHVTLPR, Yes, 0.49261, 0.861535, 0.087110, 0.169314,  3,   507.95606,  18, 7043046.000000, 9.000000, 0.531042, 0.325465, 0.000000, 2.519635
GLQWIIDTTIAYPK, Yes, 0.25713, 0.978588, 0.033645, 0.184821,  2,   809.94559,  19, 15408110.000000, 9.000000, 0.852466, 0.060302, 0.118076, 0.396189
AEPIDIQTWILGYR, Yes, 0.02274, 0.771779, 0.063263, 0.137050,  2,   837.94612,  26, 40235840.000000, 9.000000, 0.282526, 0.015504, 0.000000, 3.891079
IFPIGDVPLETEDLTSWLYQR, Yes, 0.26640, 0.788916, 0.037425, 0.099835,  3,   831.42844,  34, 3772294.250000, 9.000000, 0.169391, 0.101231, 0.032964, 0.499841


MeanRateConst/CorrCutOff, 0.396127, 0.900000


MedianRateConst/RMSSCutOff, 0.535121, 0.050000
StandDev/NumberPeptides, 0.077267, 2
TotalIonCurrent, 2.26805e+09
