Peptides, PeptideUnique, RateConstants, Correlations, RootMeanRSS, AbsoluteIsotopeError, Charge, m/z(Sequence), NEH, Abundance, NDP, Rsquared,sigma,CI lower band, CI upper band
SSALQWLTPEQTSGK, Yes, 0.04905, 0.828296, 0.043363, 0.132777,  2,   816.91502,  30, 40695612.000000, 12.000000, 0.344497, 0.010559, 0.025813, 0.072295
DVDPDVAYSSIPYEK, Yes, 0.00744, 0.316943, 0.038944, 0.180874,  2,   849.39887,  27, 39303664.000000, 12.000000, -0.124771, 0.004549, 0.000000, 3.642897
HFHALGGWGELQNTIK, Yes, 0.06083, 0.953598, 0.022030, 0.072698,  3,   603.31279,  29, 62969360.000000, 12.000000, 0.878625, 0.006780, 0.045902, 0.075749
PEVADTcSLASPASVcR, Yes, 0.15141, 0.979638, 0.021576, 0.071676,  2,   910.41929,  39, 23596478.000000, 12.000000, 0.955769, 0.012890, 0.123037, 0.179776
TLTGTAALTVQSQEENLR, Yes, 0.13739, 0.862005, 0.048079, 0.061370,  3,   644.67260,  36, 18780438.000000, 12.000000, 0.169397, 0.033343, 0.064001, 0.210776
MQEVYNFNAINNSEIR, Yes, 0.05034, 0.918717, 0.043773, 0.278231,  2,   971.45978,  33, 6578272.000000, 12.000000, 0.726384, 0.010757, 0.026666, 0.074016
DLSSHQLNEFLAQVLQK, Yes, 0.09869, 0.988261, 0.014049, 0.073877,  3,   657.34957,  35, 43322480.000000, 11.000000, 0.959925, 0.006837, 0.083456, 0.113921
SLSNVIAHEISHSWTGNLVTNK, Yes, 0.12939, 0.980342, 0.014018, 0.092578,  4,   602.56457,  37, 42557432.000000, 12.000000, 0.873483, 0.015422, 0.095443, 0.163328
SLSNVIAHEISHSWTGNLVTNK, Yes, 0.20679, 0.988360, 0.013005, 0.035736,  3,   803.08366,  37, 39399440.000000, 12.000000, 0.870027, 0.027170, 0.146991, 0.266594
FSYQSVTTDDWK, Yes, 0.06288, 0.884225, 0.045655, 0.188659,  2,   738.83572,  15, 8021745.500000, 11.000000, 0.603463, 0.017508, 0.023873, 0.101893
QHPYLFSQcQAIHcR, Yes, 0.00000, -2.000000, 0.097041, 0.320498,  3,   648.97004,  35, 353655168.000000, 11.000000, -0.599089, 0.007464, 0.000000, 5.160662


MeanRateConst/CorrCutOff, 0.098129, 0.900000


MedianRateConst/RMSSCutOff, 0.098688, 0.050000
StandDev/NumberPeptides, 0.009449, 5
TotalIonCurrent, 1.78075e+10
