Peptides, PeptideUnique, RateConstants, Correlations, RootMeanRSS, AbsoluteIsotopeError, Charge, m/z(Sequence), NEH, Abundance, NDP, Rsquared,sigma,CI lower band, CI upper band
ASAPATPLSPTR, Yes, 0.05348, 0.916793, 0.045505, 0.113591,  2,   584.81966,  29, 51967308.000000, 12.000000, -0.351200, 0.009715, 0.032096, 0.074863
LALDMEISAYR, No, 0.02082, 0.874870, 0.047649, 0.126619,  2,   641.32899,  23, 130084672.000000, 12.000000, 0.463821, 0.005543, 0.008622, 0.033021
NMYEEEINETR, Yes, 0.02036, 0.844042, 0.059376, 0.397731,  2,   714.30898,  25, 3964622.000000, 12.000000, 0.483131, 0.006647, 0.005729, 0.034988
IESLSSQLSNLQK, Yes, 0.02507, 0.962223, 0.015925, 0.100548,  2,   723.89354,  27, 46522948.000000, 12.000000, 0.738643, 0.002540, 0.019479, 0.030659
LSSEMNTSTVNSAR, Yes, 0.01714, 0.986902, 0.031743, 0.150584,  2,   748.85410,  28, 46786996.000000, 12.000000, 0.689251, 0.003327, 0.009822, 0.024467
SLETENSALQLQVTER, Yes, 0.02988, 0.734860, 0.054237, 0.370310,  2,   909.46560,  37, 2299886.500000, 9.000000, 0.040880, 0.012913, 0.000099, 0.059653
DQMQQQLSDYEQLLDVK, Yes, 0.00000, -2.000000, 0.103346, 0.347295,  2,  1040.99641,  36, 3102329.750000, 4.000000, -0.156939, 0.077913, 0.000000, 7.493508
SLEGDLEDLKDQIAQLEASLSAAK, Yes, 0.00770, -0.082746, 0.049390, 0.262240,  3,   848.77280,  56, 11705729.000000, 12.000000, -0.322102, 0.005903, 0.000000, 3.917703
ALYETELADAR, Yes, 0.02504, 0.664566, 0.056955, 0.092645,  2,   626.31440,  27, 72123336.000000, 12.000000, 0.199541, 0.006814, 0.010046, 0.040042
KESDLSGAQIK, Yes, 0.03420, 0.838737, 0.043356, 0.095809,  2,   588.31695,  23, 5044027.500000, 12.000000, 0.573384, 0.006052, 0.020879, 0.047521


MeanRateConst/CorrCutOff, 0.025848, 0.900000


MedianRateConst/RMSSCutOff, 0.025069, 0.050000
StandDev/NumberPeptides, 0.004138, 4
TotalIonCurrent, 9.57058e+09
