Peptides, PeptideUnique, RateConstants, Correlations, RootMeanRSS, AbsoluteIsotopeError, Charge, m/z(Sequence), NEH, Abundance, NDP, Rsquared,sigma,CI lower band, CI upper band
HAQANGFSVVR, Yes, 0.25988, 0.953486, 0.031718, 0.103319,  2,   593.30980,  26, 5436527.500000, 10.000000, 0.665432, 0.056850, 0.131271, 0.388480
LGIQGSYFcSQEcFK, Yes, 0.10198, 0.947644, 0.029914, 0.173191,  2,   912.40820,  27, 8120603.000000, 10.000000, 0.784894, 0.018967, 0.059073, 0.144884
RPLQEGDIVNVDITLYR, Yes, 0.19615, 0.816349, 0.042826, 0.385194,  3,   667.69697,  30, 8639902.000000, 9.000000, -0.019860, 0.074626, 0.024059, 0.368233
SAQFEHTLLVTDTGcEILTR, Yes, 0.00000, -2.000000, 0.195070, 0.266854,  3,   764.38273,  34, 9601324.000000, 10.000000, -0.273600, 0.029442, 0.000000, 7.427529


MeanRateConst/CorrCutOff, 0.180927, 0.900000


MedianRateConst/RMSSCutOff, 0.259876, 0.050000
StandDev/NumberPeptides, 0.028444, 2
TotalIonCurrent, 8.77579e+08
