Peptides, PeptideUnique, RateConstants, Correlations, RootMeanRSS, AbsoluteIsotopeError, Charge, m/z(Sequence), NEH, Abundance, NDP, Rsquared,sigma,CI lower band, CI upper band
GPLPLSSQHR, Yes, 0.95732, 0.958337, 0.027515, 0.023511,  3,   364.53672,  23, 14929409.000000, 12.000000, 0.742639, 0.261734, 0.381243, 1.533387
GNLGAGNGNLQGPR, Yes, 0.44704, 0.966474, 0.030841, 0.104464,  2,   662.83945,  31, 6231022.000000, 12.000000, 0.885298, 0.077375, 0.276739, 0.617340
EWSQHINGASHSR, Yes, 0.34922, 0.976179, 0.032282, 0.256325,  4,   377.93018,  33, 2314486.750000, 12.000000, 0.854006, 0.072762, 0.189067, 0.509364
ITPENLPQILLQLK, Yes, 0.34220, 0.996625, 0.012102, 0.108936,  2,   810.49016,  24, 26936176.000000, 12.000000, 0.963022, 0.035243, 0.264626, 0.419766
GDTDQASNILASFGLSAR, Yes, 0.00151, -0.180747, 0.148044, 0.224105,  3,   608.30251,  39, 6916594.500000, 12.000000, -0.069408, 0.010568, 0.000000, 4.049886
YQLLQLVEPFGVISNHLILNK, Yes, 0.39020, 0.993401, 0.008797, 0.112208,  3,   813.46504,  33, 11320812.000000, 12.000000, 0.979831, 0.030151, 0.323841, 0.456565
SFQQSSLGR, Yes, 0.06830, 0.403538, 0.088560, 0.107208,  2,   505.25670,  22, 30874330.000000, 12.000000, -2.279747, 0.024258, 0.014912, 0.121696


MeanRateConst/CorrCutOff, 0.382163, 0.900000


MedianRateConst/RMSSCutOff, 0.390203, 0.050000
StandDev/NumberPeptides, 0.045347, 4
TotalIonCurrent, 3.82737e+09
