Peptides, PeptideUnique, RateConstants, Correlations, RootMeanRSS, AbsoluteIsotopeError, Charge, m/z(Sequence), NEH, Abundance, NDP, Rsquared,sigma,CI lower band, CI upper band
cLLQIQASSGENK, Yes, 0.02252, 0.940360, 0.018647, 0.128655,  2,   724.36410,  29, 269662240.000000, 11.000000, 0.765722, 0.002843, 0.016183, 0.028850
DVPASGMYFMTYEWLK, Yes, 0.12850, 0.996054, 0.006704, 0.052620,  2,   969.44424,  22, 64733784.000000, 10.000000, 0.984908, 0.006837, 0.113037, 0.143971
NLLAGGFGGMcLVFVGHPLDTVK, Yes, 0.00000, -2.000000, 0.082447, 0.127619,  3,   801.41684,  31, 68389112.000000, 11.000000, -0.036127, 0.010628, 0.000000, 4.833929
LQTQPPSLSGQPPMYSGTLDcFR, Yes, 0.08616, 0.935233, 0.022704, 0.165971,  3,   860.74556,  45, 28120504.000000, 11.000000, 0.288111, 0.025583, 0.029161, 0.143168
SPEDELSYPQLFTAGMLSGVFTTGIMTPGER, Yes, 0.07406, 0.958106, 0.013529, 0.063801,  3,  1111.20022,  56, 8157006.500000, 11.000000, 0.890687, 0.009817, 0.052188, 0.095934
DVPASGMYFMTYEWLK, Yes, 0.12156, 0.982026, 0.012931, 0.123716,  3,   646.63192,  22, 11271568.000000, 11.000000, 0.953183, 0.011439, 0.096075, 0.147050
GFNAVMIR, Yes, 0.08528, 0.980997, 0.015785, 0.084438,  2,   454.24455,  14, 153017104.000000, 11.000000, 0.804037, 0.012563, 0.057292, 0.113275


MeanRateConst/CorrCutOff, 0.099115, 0.900000


MedianRateConst/RMSSCutOff, 0.086164, 0.050000
StandDev/NumberPeptides, 0.011008, 5
TotalIonCurrent, 1.60284e+10
