Peptides, PeptideUnique, RateConstants, Correlations, RootMeanRSS, AbsoluteIsotopeError, Charge, m/z(Sequence), NEH, Abundance, NDP, Rsquared,sigma,CI lower band, CI upper band
VLEPTWK, Yes, 0.54009, 0.963541, 0.021186, 0.038180,  2,   436.74745,  8, 694018688.000000, 12.000000, 0.902747, 0.093468, 0.334370, 0.745812
KVLQEVQR, Yes, 0.36631, 0.995814, 0.012504, 0.049813,  2,   500.30091,  17, 30560414.000000, 12.000000, 0.979662, 0.027391, 0.306027, 0.426602
HIGDGcHLTR, Yes, 0.35458, 0.991724, 0.011625, 0.028932,  3,   389.18922,  18, 229706224.000000, 12.000000, 0.945367, 0.038007, 0.270931, 0.438237
HIGDGcHLTR, Yes, 0.23904, 0.967467, 0.026602, 0.066558,  2,   583.28019,  18, 27540424.000000, 12.000000, 0.824453, 0.040727, 0.149397, 0.328678
WLPVGPHIMGK, Yes, 0.24455, 0.982793, 0.012559, 0.045424,  3,   412.23035,  16, 169322832.000000, 12.000000, 0.613602, 0.060479, 0.111442, 0.377668
VTcVDPNPNFEK, Yes, 0.29993, 0.990044, 0.011045, 0.032869,  2,   710.33229,  18, 244648560.000000, 12.000000, 0.963846, 0.025234, 0.244390, 0.355467
AQFSEVQLEWQPPPFR, Yes, 0.00835, 0.107192, 0.088772, 0.017909,  2,   979.99160,  39, 317533408.000000, 12.000000, -0.065685, 0.009252, 0.000000, 3.873397
PGGLLFFWEHVAEPQGSR, Yes, 0.37822, 0.988368, 0.014970, 0.056728,  3,   676.34264,  38, 47953872.000000, 12.000000, 0.890985, 0.056938, 0.252901, 0.503542
VLRPGGLLFFWEHVAEPQGSR, Yes, 0.40050, 0.994519, 0.006912, 0.058908,  4,   599.57220,  43, 58897668.000000, 12.000000, 0.944354, 0.044981, 0.301501, 0.499507
QLADSSMDVVVcTLVLcSVQSPR, Yes, 0.12285, 0.933000, 0.021838, 0.088166,  3,   855.42210,  41, 24926978.000000, 12.000000, 0.811327, 0.019193, 0.080605, 0.165090
TYFPYFMAmLTAR, Yes, 0.08715, 0.595119, 0.070032, 0.395961,  2,   814.38600,  18, 7724180.000000, 12.000000, 0.116553, 0.042152, 0.000000, 2.855769


MeanRateConst/CorrCutOff, 0.326164, 0.900000


MedianRateConst/RMSSCutOff, 0.354584, 0.050000
StandDev/NumberPeptides, 0.038182, 7
TotalIonCurrent, 6.53224e+10
