Peptides, PeptideUnique, RateConstants, Correlations, RootMeanRSS, AbsoluteIsotopeError, Charge, m/z(Sequence), NEH, Abundance, NDP, Rsquared,sigma,CI lower band, CI upper band
HLLEQTNPR, Yes, 0.15694, 0.995018, 0.014208, 0.067220,  2,   554.29889,  20, 14006818.000000, 10.000000, 0.931994, 0.016895, 0.118716, 0.195156
IGTYQLAIVAK, Yes, 0.12398, 0.993830, 0.019040, 0.085653,  2,   588.85297,  18, 70927856.000000, 10.000000, 0.949402, 0.012106, 0.096593, 0.151366
AGAGGPGLAALVAFVR, Yes, 0.19218, 0.782710, 0.069890, 0.198925,  2,   713.91189,  36, 11104067.000000, 10.000000, 0.102271, 0.072167, 0.028929, 0.355433
HHGVPFYVAAPSSScDLHLETGK, Yes, 0.27896, 0.977665, 0.015041, 0.116891,  4,   628.05368,  45, 10934911.000000, 10.000000, 0.902582, 0.038019, 0.192959, 0.364967
VTVLTHcNTGALATAGYGTALGVIR, Yes, 0.12841, 0.952784, 0.021137, 0.092368,  3,   839.44785,  39, 17540600.000000, 10.000000, 0.643724, 0.029133, 0.062508, 0.194315
VWNPAFDVTPHELITGGIITELGVFAPEELR, Yes, 0.04198, 0.933560, 0.056527, 0.296668,  3,  1140.93279,  55, 9617725.000000, 10.000000, 0.262971, 0.028002, 0.000000, 4.163661


MeanRateConst/CorrCutOff, 0.172073, 0.900000


MedianRateConst/RMSSCutOff, 0.156936, 0.050000
StandDev/NumberPeptides, 0.019761, 4
TotalIonCurrent, 4.24313e+09
