Peptides, PeptideUnique, RateConstants, Correlations, RootMeanRSS, AbsoluteIsotopeError, Charge, m/z(Sequence), NEH, Abundance, NDP, Rsquared,sigma,CI lower band, CI upper band
PQDGVAVLVR, Yes, 0.12623, 0.767057, 0.074507, 0.232370,  2,   527.30620,  20, 7401162.000000, 11.000000, 0.254293, 0.044133, 0.027899, 0.224570
KRPETVATQFK, Yes, 0.17407, 0.954954, 0.027640, 0.092238,  3,   435.58222,  20, 5406283.500000, 12.000000, 0.655452, 0.034467, 0.098206, 0.249930
MSLLQLVEILR, Yes, 0.09803, 0.974643, 0.030778, 0.250057,  2,   657.89431,  19, 12828768.000000, 12.000000, 0.868284, 0.015468, 0.063984, 0.132075
LLQFYAETcPAPER, Yes, 0.05117, 0.681087, 0.056701, 0.229154,  2,   847.91396,  32, 16356652.000000, 12.000000, -3.152060, 0.014107, 0.020123, 0.082223
GEELLSPLNLEQAAYAR, Yes, 0.00000, -2.000000, 0.117015, 0.091755,  2,   937.48632,  43, 19612670.000000, 11.000000, -0.137288, 0.008355, 0.000000, 5.157530
VGVQDFVLLENFTSEAAFIENLR, Yes, 0.07508, 0.940680, 0.021416, 0.078800,  3,   871.11826,  43, 2182222.000000, 12.000000, 0.155854, 0.019543, 0.032064, 0.118091
NVLDTSWPTPPPALR, Yes, 0.08094, 0.867204, 0.037317, 0.120709,  2,   832.44375,  26, 33783132.000000, 12.000000, 0.353348, 0.020043, 0.036822, 0.125052
VNNININQGSITFAGGPGR, Yes, 0.12689, 0.989344, 0.013306, 0.041106,  2,   965.00049,  36, 313956384.000000, 12.000000, 0.881115, 0.015032, 0.093801, 0.159970


MeanRateConst/CorrCutOff, 0.118515, 0.900000


MedianRateConst/RMSSCutOff, 0.126885, 0.050000
StandDev/NumberPeptides, 0.018925, 4
TotalIonCurrent, 1.31337e+10
