Peptides, PeptideUnique, RateConstants, Correlations, RootMeanRSS, AbsoluteIsotopeError, Charge, m/z(Sequence), NEH, Abundance, NDP, Rsquared,sigma,CI lower band, CI upper band
SEVPLVDVTK, Yes, 0.09490, 0.907609, 0.038251, 0.153488,  2,   543.80570,  14, 82934176.000000, 11.000000, 0.736035, 0.020413, 0.049415, 0.140381
VNGVDDAANFR, Yes, 0.80044, 0.497642, 0.055216, 0.515668,  2,   589.28345,  22, 20023388.000000, 10.000000, -1.160553, 0.542058, 0.000000, 5.898400
YMDIEFDFK, Yes, 0.25543, 0.971832, 0.022701, 0.166272,  2,   604.27063,  11, 14489881.000000, 11.000000, 0.891784, 0.053667, 0.135852, 0.375007
LLQSNPVLEAFGNAK, No, 0.18670, 0.989084, 0.014091, 0.049358,  2,   800.93829,  30, 19449502.000000, 11.000000, 0.959397, 0.016360, 0.150244, 0.223147
LNQVcATHQHFESR, Yes, 0.50695, 0.990151, 0.012650, 0.086113,  4,   432.45741,  32, 5718933.000000, 11.000000, 0.968933, 0.046715, 0.402858, 0.611034
LNQVcATHQHFESR, Yes, 0.42290, 0.992582, 0.010638, 0.112578,  3,   576.27412,  32, 4237049.500000, 11.000000, 0.973957, 0.033397, 0.348484, 0.497311
IFLLTNNNLLLADQK, Yes, 0.37794, 0.976197, 0.016598, 0.197323,  2,   865.49597,  20, 15925263.000000, 11.000000, 0.951672, 0.045558, 0.276431, 0.479448
GDFLFSSDHLIEMATK, Yes, 0.44916, 0.965229, 0.021379, 0.071907,  3,   604.29419,  26, 9449882.000000, 11.000000, 0.929669, 0.068418, 0.296716, 0.601605
EQLLQSNPVLEAFGNAK, Yes, 0.00436, -0.389977, 0.093643, 0.085155,  2,   929.48887,  38, 23909768.000000, 11.000000, -0.218110, 0.007944, 0.000000, 3.797264
NFHVFYQLLSGASEELLYK, Yes, 1.04509, 0.978644, 0.018102, 0.123255,  3,   753.38791,  32, 10348489.000000, 11.000000, -0.006565, 1.657376, 0.000000, 4.274716


MeanRateConst/CorrCutOff, 0.402475, 0.900000


MedianRateConst/RMSSCutOff, 0.422897, 0.050000
StandDev/NumberPeptides, 0.046927, 5
TotalIonCurrent, 5.65468e+09
