Peptides, PeptideUnique, RateConstants, Correlations, RootMeanRSS, AbsoluteIsotopeError, Charge, m/z(Sequence), NEH, Abundance, NDP, Rsquared,sigma,CI lower band, CI upper band
VYSYFEcR, Yes, 0.39971, 0.973751, 0.016572, 0.253134,  2,   562.24749,  13, 34268784.000000, 12.000000, 0.931180, 0.048504, 0.292953, 0.506469
YLLETSGNLDGLEYK, Yes, 0.31957, 0.984267, 0.014367, 0.054778,  2,   857.93033,  22, 156668032.000000, 12.000000, 0.959367, 0.033226, 0.246440, 0.392701
YEETVFYGLQYILNK, Yes, 0.06168, 0.706012, 0.040387, 0.532394,  3,   627.32072,  20, 35540576.000000, 12.000000, 0.352235, 0.030504, 0.000000, 2.704691
YEETVFYGLQYILNK, Yes, 0.01315, 0.876459, 0.059722, 0.361837,  2,   940.47744,  20, 291175968.000000, 12.000000, 0.176821, 0.008519, 0.000000, 4.178064
GVSSQETAGIGASAHLVNFK, Yes, 0.23717, 0.962132, 0.026369, 0.108158,  3,   658.34108,  42, 16027263.000000, 12.000000, 0.880649, 0.037783, 0.154009, 0.320327
KFPVTENSK, Yes, 0.17190, 0.882368, 0.038431, 0.077911,  2,   525.28493,  13, 16986518.000000, 12.000000, 0.273715, 0.048589, 0.064953, 0.278841


MeanRateConst/CorrCutOff, 0.318816, 0.900000


MedianRateConst/RMSSCutOff, 0.319570, 0.050000
StandDev/NumberPeptides, 0.038870, 3
TotalIonCurrent, 1.28792e+10
