Peptides, PeptideUnique, RateConstants, Correlations, RootMeanRSS, AbsoluteIsotopeError, Charge, m/z(Sequence), NEH, Abundance, NDP, Rsquared,sigma,CI lower band, CI upper band
DFPLTGYVELR, Yes, 0.21543, 0.991981, 0.010429, 0.051234,  2,   655.34298,  16, 211027008.000000, 12.000000, 0.978971, 0.014403, 0.183729, 0.247133
FEIVYNLLSLR, Yes, 0.15194, 0.993666, 0.009154, 0.038718,  2,   683.89008,  15, 109125432.000000, 12.000000, 0.981189, 0.009160, 0.131782, 0.172105
VVAEPVELAQEFR, Yes, 0.17687, 0.995988, 0.013675, 0.074736,  2,   743.89864,  32, 99262088.000000, 12.000000, 0.984952, 0.010221, 0.154372, 0.199365
ILTDYGFEGHPFR, Yes, 0.06932, 0.932968, 0.031476, 0.129050,  2,   776.38317,  21, 40956684.000000, 12.000000, 0.787962, 0.011277, 0.044503, 0.094146
ILTDYGFEGHPFR, Yes, 0.16248, 0.998121, 0.006957, 0.062790,  3,   517.92454,  21, 174919168.000000, 12.000000, 0.987878, 0.007913, 0.145066, 0.179899
QLSAFGEYVAEILPK, Yes, 0.02066, 0.473589, 0.047509, 0.100886,  2,   832.94832,  31, 156411824.000000, 12.000000, -0.120921, 0.005835, 0.007821, 0.033505
KFDLNSPWEAFPAYR, Yes, 0.15941, 0.992631, 0.010000, 0.031986,  3,   614.30541,  29, 88497200.000000, 12.000000, 0.943179, 0.015728, 0.124797, 0.194031
KFDLNSPWEAFPAYR, Yes, 0.02682, 0.347394, 0.063515, 0.190705,  2,   920.95447,  29, 32386480.000000, 12.000000, -0.428053, 0.011687, 0.001101, 0.052547


MeanRateConst/CorrCutOff, 0.173228, 0.900000


MedianRateConst/RMSSCutOff, 0.162483, 0.050000
StandDev/NumberPeptides, 0.010721, 5
TotalIonCurrent, 3.63211e+10
