Peptides, PeptideUnique, RateConstants, Correlations, RootMeanRSS, AbsoluteIsotopeError, Charge, m/z(Sequence), NEH, Abundance, NDP, Rsquared,sigma,CI lower band, CI upper band
EDAIAFAEK, Yes, 0.22778, 0.995536, 0.016351, 0.031809,  2,   497.24800,  23, 184464784.000000, 6.000000, 0.979884, 0.020894, 0.174069, 0.281487
SYGANFSWNK, Yes, 0.09903, 0.972917, 0.020285, 0.047492,  2,   587.26980,  16, 166707376.000000, 6.000000, 0.141768, 0.041644, 0.000000, 3.196376
WENPLMGWASTADPLSNMVLTFSAK, Yes, 0.20185, 0.953837, 0.018813, 0.073218,  2,  1383.66692,  42, 2496230.250000, 6.000000, 0.774287, 0.056467, 0.056691, 0.347000
LDITTLTGVPEEHIK, Yes, 0.13217, 0.967970, 0.039620, 0.205365,  2,   833.45653,  22, 7524310.000000, 6.000000, 0.861151, 0.047894, 0.009052, 0.255284


MeanRateConst/CorrCutOff, 0.165206, 0.900000


MedianRateConst/RMSSCutOff, 0.201846, 0.050000
StandDev/NumberPeptides, 0.036211, 4
TotalIonCurrent, 3.02631e+09
