Peptides, PeptideUnique, RateConstants, Correlations, RootMeanRSS, AbsoluteIsotopeError, Charge, m/z(Sequence), NEH, Abundance, NDP, Rsquared,sigma,CI lower band, CI upper band
LDDLINWAR, Yes, 0.10422, 0.974752, 0.020867, 0.089202,  2,   558.29582,  15, 138827712.000000, 12.000000, 0.935130, 0.010377, 0.081385, 0.127064
VYDQMPEPR, Yes, 0.22901, 0.943551, 0.034641, 0.128221,  2,   567.76604,  20, 124270584.000000, 12.000000, 0.760398, 0.045425, 0.129035, 0.328993
KVYDQMPEPR, Yes, 0.00292, 0.880404, 0.051107, 0.134502,  2,   631.81352,  21, 173887024.000000, 12.000000, -0.410950, 0.004008, 0.000000, 4.492651
QADVMIVAGTLTNK, Yes, 0.10814, 0.975628, 0.020081, 0.101306,  2,   730.89251,  22, 126634848.000000, 12.000000, 0.844880, 0.015786, 0.073393, 0.142882
PSPSPSPSLSSTQSAVSK, Yes, 0.38622, 0.994795, 0.012795, 0.225103,  2,   872.44160,  41, 26881278.000000, 12.000000, 0.858777, 0.060449, 0.253171, 0.519267


MeanRateConst/CorrCutOff, 0.206899, 0.900000


MedianRateConst/RMSSCutOff, 0.229014, 0.050000
StandDev/NumberPeptides, 0.020174, 4
TotalIonCurrent, 1.60526e+10
