Peptides, PeptideUnique, RateConstants, Correlations, RootMeanRSS, AbsoluteIsotopeError, Charge, m/z(Sequence), NEH, Abundance, NDP, Rsquared,sigma,CI lower band, CI upper band
GGAGFPTGLK, Yes, 0.44951, 0.908252, 0.055281, 0.238747,  2,   452.74799,  16, 237547120.000000, 12.000000, 0.634284, 0.129626, 0.164204, 0.734812
IFTNLYGR, Yes, 0.13944, 0.990820, 0.009349, 0.051439,  2,   492.26908,  9, 285633344.000000, 12.000000, 0.922418, 0.015574, 0.105157, 0.173715
EAYEAGLIGK, Yes, 0.36484, 0.967634, 0.020172, 0.282815,  2,   525.77692,  22, 116593640.000000, 12.000000, 0.667103, 0.074686, 0.200454, 0.529220
GGTWFAGFGR, Yes, 0.18413, 0.995785, 0.011905, 0.030451,  2,   528.25652,  16, 103318528.000000, 12.000000, 0.954564, 0.017379, 0.145879, 0.222380
LVEGcLVGGR, Yes, 3.36727, 0.917560, 0.070077, 0.643366,  2,   530.28441,  17, 210582208.000000, 12.000000, -1.365780, 6.702008, 2.218333, 4.516199
GPDWILGEMK, Yes, 0.16766, 0.983958, 0.016436, 0.061004,  2,   573.28661,  15, 179288944.000000, 12.000000, 0.960443, 0.015303, 0.133979, 0.201344
YLVVNADEGEPGTcK, Yes, 0.17128, 0.996206, 0.009699, 0.055409,  2,   826.38524,  26, 64490652.000000, 12.000000, 0.987709, 0.008648, 0.152247, 0.190315
GEFYNEASNLQVAIR, Yes, 0.22954, 0.989673, 0.016116, 0.033022,  2,   855.92591,  34, 89068904.000000, 12.000000, 0.976471, 0.016741, 0.192691, 0.266386
NAcGSDYDFDVFVVR, Yes, 0.16047, 0.995115, 0.009545, 0.044004,  2,   882.38833,  24, 73375672.000000, 12.000000, 0.981345, 0.009901, 0.138681, 0.182265
GAGAYIcGEETALIESIEGK, Yes, 0.08931, 0.970988, 0.020212, 0.082225,  2,  1034.49878,  45, 31375250.000000, 12.000000, 0.936836, 0.007775, 0.072202, 0.106425
HAGGVTGGWDNLLAVIPGGSSTPLIPK, Yes, 0.16502, 0.997021, 0.004926, 0.024441,  3,   872.13778,  45, 80847912.000000, 12.000000, 0.972363, 0.011410, 0.139904, 0.190129
LFNISGHVNHPcTVEEEMSVPLK, Yes, 0.09075, 0.780129, 0.046685, 0.277036,  3,   879.76484,  41, 6797340.500000, 11.000000, 0.272700, 0.034982, 0.012803, 0.168694
KTSFGSLKDEDR, Yes, 0.14051, 0.951594, 0.034689, 0.151236,  2,   691.84915,  20, 755686.000000, 11.000000, 0.797533, 0.026317, 0.081877, 0.199152
LKPPFPADVGVFGcPTTVANVETVAVSPTIcR, Yes, 0.00001, -2.000000, 0.054009, 0.084369,  3,  1133.91952,  53, 18538940.000000, 5.000000, -0.110054, 0.063710, 0.000000, 6.029200


MeanRateConst/CorrCutOff, 0.169756, 0.900000


MedianRateConst/RMSSCutOff, 0.165016, 0.050000
StandDev/NumberPeptides, 0.013580, 8
TotalIonCurrent, 5.0471e+10
