Peptides, PeptideUnique, RateConstants, Correlations, RootMeanRSS, AbsoluteIsotopeError, Charge, m/z(Sequence), NEH, Abundance, NDP, Rsquared,sigma,CI lower band, CI upper band
IMFLLVDK, Yes, 0.17908, 0.954922, 0.019601, 0.120572,  2,   489.78826,  6, 40699900.000000, 12.000000, 0.871406, 0.037331, 0.096911, 0.261242
EAESIYSLAR, Yes, 1.31033, 0.894163, 0.067361, 0.427308,  2,   569.79056,  26, 42768144.000000, 12.000000, -1.369158, 0.640547, 0.408700, 2.211956
QEGQNYGFFLR, Yes, 0.17523, 0.976145, 0.022447, 0.071410,  2,   679.82802,  22, 94074008.000000, 12.000000, 0.922943, 0.021127, 0.128728, 0.221729
INGVFVDKEEHAQVVELVR, Yes, 0.05184, -0.042586, 0.120846, 0.305611,  3,   727.72693,  37, 5804140.000000, 12.000000, -0.596302, 0.032962, 0.000000, 3.110337


MeanRateConst/CorrCutOff, 0.177153, 0.900000


MedianRateConst/RMSSCutOff, 0.179077, 0.050000
StandDev/NumberPeptides, 0.026983, 2
TotalIonCurrent, 6.80588e+09
