Peptides, PeptideUnique, RateConstants, Correlations, RootMeanRSS, AbsoluteIsotopeError, Charge, m/z(Sequence), NEH, Abundance, NDP, Rsquared,sigma,CI lower band, CI upper band
LHALVVGPGLGR, Yes, 0.13727, 0.977213, 0.026754, 0.111169,  3,   396.91190,  22, 33438736.000000, 12.000000, 0.860454, 0.021425, 0.090112, 0.184425
VGADLTHVFcAR, Yes, 0.16697, 0.967360, 0.023329, 0.080138,  3,   449.22757,  22, 28527920.000000, 12.000000, 0.919306, 0.019050, 0.125039, 0.208896
LSQALGNITVVQK, Yes, 0.12360, 0.970830, 0.022675, 0.093948,  2,   685.90373,  22, 203948544.000000, 12.000000, 0.911145, 0.014255, 0.092223, 0.154972
STTTTDMITEVGTAFSR, Yes, 0.21208, 0.991744, 0.012417, 0.079511,  2,   909.43294,  24, 102036168.000000, 12.000000, 0.980138, 0.014360, 0.180471, 0.243685


MeanRateConst/CorrCutOff, 0.159978, 0.900000


MedianRateConst/RMSSCutOff, 0.166967, 0.050000
StandDev/NumberPeptides, 0.016739, 4
TotalIonCurrent, 1.44849e+10
