Peptides, PeptideUnique, RateConstants, Correlations, RootMeanRSS, AbsoluteIsotopeError, Charge, m/z(Sequence), NEH, Abundance, NDP, Rsquared,sigma,CI lower band, CI upper band
GNPSGIQPDLLISLTAPK, Yes, 0.12781, 0.998060, 0.005601, 0.044520,  2,   911.00945,  33, 100043832.000000, 11.000000, 0.961397, 0.009623, 0.106371, 0.149253
GNPSGIQPDLLISLTAPK, Yes, 0.08614, 0.825747, 0.046194, 0.131850,  3,   607.67539,  33, 8858846.000000, 11.000000, 0.396976, 0.022915, 0.035082, 0.137196
RPNKPLFTGLVTQcQK, Yes, 0.12837, 0.981165, 0.012803, 0.087175,  3,   629.68049,  25, 27178854.000000, 11.000000, 0.927707, 0.012428, 0.100679, 0.156060
YQLNLPSYPDTEcVYR, Yes, 0.11833, 0.992638, 0.008541, 0.045860,  2,  1009.46983,  27, 57060712.000000, 11.000000, 0.984699, 0.005723, 0.105584, 0.131085
SPPTVLVIcGPGNNGGDGLVcAR, Yes, 0.07278, 0.960988, 0.032216, 0.185079,  2,  1155.57011,  41, 5721134.500000, 11.000000, 0.749501, 0.015645, 0.037926, 0.107643
EPFHSILSVLSGLTVPIASIDIPSGWDVEK, Yes, 0.09739, 0.992041, 0.005763, 0.032986,  3,  1069.57097,  52, 16734810.000000, 11.000000, 0.970465, 0.006296, 0.083360, 0.111415


MeanRateConst/CorrCutOff, 0.117976, 0.900000


MedianRateConst/RMSSCutOff, 0.118334, 0.050000
StandDev/NumberPeptides, 0.007722, 4
TotalIonCurrent, 8.95362e+09
