Peptides, PeptideUnique, RateConstants, Correlations, RootMeanRSS, AbsoluteIsotopeError, Charge, m/z(Sequence), NEH, Abundance, NDP, Rsquared,sigma,CI lower band, CI upper band
IISDNLTYcK, Yes, 0.02919, 0.760308, 0.128311, 0.398390,  2,   613.80790,  11, 46005720.000000, 11.000000, 0.177622, 0.025289, 0.000000, 4.876059
TYDPSGDSTLPTcSK, Yes, 0.04771, 0.968152, 0.068188, 0.288862,  2,   814.85907,  22, 3665218.500000, 11.000000, 0.716294, 0.014667, 0.015031, 0.080389
FQDTAEALAAFTALMEGK, Yes, 0.09066, 0.962129, 0.024690, 0.109703,  3,   638.64862,  39, 2582705.500000, 11.000000, 0.925442, 0.010535, 0.067191, 0.114136
FQDTAEALAAFTALMEGK, Yes, 0.08272, 0.977723, 0.019564, 0.047919,  2,   957.46930,  39, 10467827.000000, 11.000000, 0.737240, 0.013247, 0.053202, 0.112234
MMAIAPNVTVMVGELVGAR, Yes, 0.25684, 0.988294, 0.020910, 0.148549,  2,   980.01484,  35, 19451080.000000, 11.000000, 0.933653, 0.037520, 0.173239, 0.340440
LNLScIHSPVVNELMR, Yes, 0.35016, 0.885385, 0.029814, 0.418241,  3,   627.99396,  28, 20082442.000000, 11.000000, 0.337886, 0.100260, 0.126769, 0.573557


MeanRateConst/CorrCutOff, 0.143407, 0.900000


MedianRateConst/RMSSCutOff, 0.090663, 0.050000
StandDev/NumberPeptides, 0.015223, 3
TotalIonCurrent, 2.42359e+09
