Peptides, PeptideUnique, RateConstants, Correlations, RootMeanRSS, AbsoluteIsotopeError, Charge, m/z(Sequence), NEH, Abundance, NDP, Rsquared,sigma,CI lower band, CI upper band
GIPEFWFTIFR, Yes, 0.12281, 0.782074, 0.038680, 0.823431,  2,   706.87171,  15, 4805345.000000, 12.000000, -0.466212, 0.064240, 0.000000, 2.834347
QVPNESFFNFFSPLK, Yes, 0.14187, 0.887679, 0.039646, 0.093679,  2,   900.95141,  25, 17571482.000000, 12.000000, 0.304587, 0.036702, 0.061086, 0.222648
YAALYQPLFDK, Yes, 0.04647, 0.745847, 0.048664, 0.121004,  2,   664.84788,  19, 39541436.000000, 12.000000, -0.281248, 0.010436, 0.023498, 0.069436
FYEEVHDLER, Yes, 0.40638, 0.940207, 0.035100, 0.164505,  2,   668.81203,  21, 6143179.000000, 11.000000, 0.787742, 0.111409, 0.158148, 0.654617


MeanRateConst/CorrCutOff, 0.406383, 0.900000


MedianRateConst/RMSSCutOff, 0.406383, 0.050000
StandDev/NumberPeptides, 0.111409, 1
TotalIonCurrent, 1.68624e+09
