Peptides, PeptideUnique, RateConstants, Correlations, RootMeanRSS, AbsoluteIsotopeError, Charge, m/z(Sequence), NEH, Abundance, NDP, Rsquared,sigma,CI lower band, CI upper band
PGGPALWGNAFK, Yes, 0.34655, 0.920850, 0.038369, 0.154379,  2,   607.81947,  22, 134479056.000000, 12.000000, 0.494521, 0.101683, 0.122751, 0.570355
QSNGTFYEFR, Yes, 1.93364, 0.670940, 0.069409, 0.742809,  2,   624.78583,  19, 10131079.000000, 12.000000, -4.164575, 2.892688, 0.041064, 3.826216
EGVYELATFQMK, Yes, 0.17276, 0.988933, 0.015706, 0.137952,  2,   708.34739,  21, 85688232.000000, 12.000000, 0.966999, 0.012889, 0.144391, 0.201130
VHVLWWNESADSR, Yes, 0.15791, 0.987950, 0.014330, 0.056788,  3,   533.59519,  25, 118465656.000000, 12.000000, 0.957413, 0.013618, 0.127936, 0.187881
QEVEITYLVPWcK, Yes, 0.10278, 0.981441, 0.015563, 0.045228,  2,   832.92126,  20, 51341712.000000, 12.000000, 0.819183, 0.015478, 0.068717, 0.136850
TAHSEMIGYWTVEFGGR, Yes, 0.12918, 0.973950, 0.018301, 0.111571,  3,   647.63684,  30, 31872470.000000, 12.000000, 0.932964, 0.013884, 0.098624, 0.159741
ESVSYLESQQNTFLIPTSFSPLK, Yes, 0.08759, 0.989809, 0.009406, 0.050883,  3,   872.44615,  41, 44848484.000000, 12.000000, 0.965443, 0.006097, 0.074168, 0.101008
ESVSYLESQQNTFLIPTSFSPLK, Yes, 0.10567, 0.987667, 0.014287, 0.112683,  2,  1308.16559,  41, 10408170.000000, 10.000000, 0.942604, 0.011400, 0.079885, 0.131462
TYFLKPSK, Yes, 15.01194, 0.478634, 0.084304, 0.429797,  2,   492.28165,  7, 59001988.000000, 12.000000, -1.040652, 1493004.125000, 12.630589, 17.393297
AVNAHVELGYSTLVGVFHTEYGALNR, Yes, 0.00000, -2.000000, 0.196622, 0.222649,  3,   939.81547,  47, 6776721.000000, 5.000000, -0.331473, 0.096744, 0.000000, 10.394015


MeanRateConst/CorrCutOff, 0.116627, 0.900000


MedianRateConst/RMSSCutOff, 0.105673, 0.050000
StandDev/NumberPeptides, 0.010827, 5
TotalIonCurrent, 1.74203e+10
