Peptides, PeptideUnique, RateConstants, Correlations, RootMeanRSS, AbsoluteIsotopeError, Charge, m/z(Sequence), NEH, Abundance, NDP, Rsquared,sigma,CI lower band, CI upper band
HSLDASQGTATGPR, Yes, 0.09546, 0.930331, 0.039255, 0.039259,  3,   466.56378,  33, 8437566.000000, 12.000000, 0.472955, 0.021409, 0.048342, 0.142585
HSLDASQGTATGPR, Yes, 0.09411, 0.991045, 0.016719, 0.036430,  2,   699.34203,  33, 3167639.000000, 12.000000, 0.954483, 0.007261, 0.078126, 0.110087
VLMPSLSPTMEQGNIVK, Yes, 0.09562, 0.980856, 0.031699, 0.171231,  2,   922.48644,  28, 21851002.000000, 12.000000, 0.868909, 0.016177, 0.060019, 0.131230
PMTPPVSIPGQPNAAGTFTEIPASNIR, Yes, 0.05551, 0.445324, 0.035242, 0.164810,  3,   921.80932,  57, 6539613.500000, 9.000000, -0.696359, 0.019094, 0.011476, 0.099540
GLITPIIK, Yes, 16.23269, -0.426726, 0.322520, 1.080195,  2,   427.78911,  8, 57151228.000000, 12.000000, -23.672878, 18669390.000000, 8.769119, 23.696262
STVPHAYATADcDLGAVLK, Yes, 0.02343, 0.881838, 0.023023, 0.118253,  3,   663.66305,  35, 32301760.000000, 12.000000, 0.697303, 0.003472, 0.015793, 0.031075
VSVNDFIIR, Yes, 0.76644, 0.979334, 0.053736, 0.061469,  2,   531.80075,  13, 106579744.000000, 12.000000, 0.576992, 0.421126, 0.000000, 3.850664


MeanRateConst/CorrCutOff, 0.095065, 0.900000


MedianRateConst/RMSSCutOff, 0.095464, 0.050000
StandDev/NumberPeptides, 0.012182, 3
TotalIonCurrent, 6.75506e+09
