Peptides, PeptideUnique, RateConstants, Correlations, RootMeanRSS, AbsoluteIsotopeError, Charge, m/z(Sequence), NEH, Abundance, NDP, Rsquared,sigma,CI lower band, CI upper band
NPITNALVR, Yes, 0.19970, 0.918668, 0.041311, 0.055517,  2,   499.29308,  16, 115636256.000000, 12.000000, -0.111142, 0.066986, 0.052266, 0.347136
IPSQFSEEER, Yes, 0.47176, 0.973193, 0.048536, 0.202672,  2,   611.29093,  28, 24975118.000000, 12.000000, 0.729751, 0.139065, 0.165682, 0.777842
VSVQNYQNQVK, Yes, 0.35025, 0.968690, 0.025047, 0.070679,  2,   653.84113,  20, 55586780.000000, 12.000000, 0.930180, 0.049050, 0.242297, 0.458213
NLWLFHPIVSR, Yes, 0.23734, 0.957545, 0.019652, 0.045715,  3,   461.26282,  16, 45537196.000000, 12.000000, 0.656880, 0.058313, 0.108998, 0.365688
FIFEFIQNADTYK, Yes, 0.00933, 0.467796, 0.040457, 0.185037,  2,   818.40630,  19, 19705702.000000, 12.000000, 0.052795, 0.004870, 0.000000, 3.857755
IHPSQTVHEVLELVK, Yes, 0.24024, 0.991693, 0.018778, 0.113128,  3,   576.99295,  27, 56180468.000000, 12.000000, 0.946978, 0.029137, 0.176114, 0.304374
LLANEFSFPINIVLR, Yes, 0.34950, 0.998020, 0.007737, 0.074303,  2,   873.50106,  25, 30011370.000000, 12.000000, 0.940054, 0.042137, 0.256760, 0.442245
YSHLFTIQGSDPSLQPY, Yes, 0.37059, 0.971284, 0.026692, 0.063686,  2,   976.97307,  31, 22680854.000000, 12.000000, 0.712902, 0.082409, 0.189211, 0.551972
FNPLPLNPQDFSGVHGINEK, Yes, 0.45941, 0.945827, 0.015173, 0.586511,  3,   741.71128,  36, 34736780.000000, 12.000000, 0.511763, 0.119684, 0.195988, 0.722836
SVFPEVDIVVPGIcIANTDTR, Yes, 0.30759, 0.979018, 0.018594, 0.105006,  2,  1151.59103,  34, 3665698.000000, 7.000000, 0.875342, 0.054673, 0.173806, 0.441366
SFEPLPISPSDDQAMGYQLLQETIR, Yes, 0.00000, -2.000000, 0.077043, 0.332059,  3,   945.80049,  54, 12920604.000000, 12.000000, -0.000967, 0.009250, 0.000000, 4.248895
TTTALTMFNAGIK, Yes, 0.18139, 0.408160, 0.061872, 0.272791,  2,   684.86322,  16, 5158602.500000, 9.000000, -1.203383, 0.087453, 0.000000, 1.645666
NLWLFHPIVSR, Yes, 0.00000, -2.000000, 0.067819, 0.347300,  2,   691.39059,  16, 4823575.000000, 11.000000, -0.030312, 0.006310, 0.000000, 3.069795


MeanRateConst/CorrCutOff, 0.331822, 0.900000


MedianRateConst/RMSSCutOff, 0.349503, 0.050000
StandDev/NumberPeptides, 0.057512, 9
TotalIonCurrent, 1.52762e+10
