Peptides, PeptideUnique, RateConstants, Correlations, RootMeanRSS, AbsoluteIsotopeError, Charge, m/z(Sequence), NEH, Abundance, NDP, Rsquared,sigma,CI lower band, CI upper band
QDYMPSDR, Yes, 1.36278, 0.978031, 0.025536, 0.111298,  2,   506.21364,  17, 76902408.000000, 12.000000, 0.920479, 0.319731, 0.659053, 2.066502
YcLLPEILK, Yes, 0.96713, 0.972856, 0.016214, 0.037218,  2,   574.82282,  11, 162989536.000000, 12.000000, 0.929545, 0.165275, 0.603367, 1.330902
GTLKPHDYPK, Yes, 1.48347, 0.965238, 0.018312, 0.049562,  2,   578.31147,  14, 7275912.000000, 12.000000, 0.739156, 0.586439, 0.192727, 2.774215
NLVSDDDIQR, Yes, 3.42957, 0.975566, 0.028257, 0.020208,  2,   587.78856,  19, 67541016.000000, 12.000000, 0.919775, 2.422280, 2.712310, 4.146828
KFYEENGFLVIK, Yes, 0.09178, 0.223460, 0.088173, 0.165010,  3,   496.26952,  16, 46099212.000000, 12.000000, -0.513351, 0.047725, 0.000000, 2.503050
IQDFQEDEELFR, Yes, 5.05328, 0.984508, 0.021261, 0.086673,  2,   784.86500,  29, 21339746.000000, 12.000000, 0.932710, 13.895643, 4.278871, 5.827696
MYHGIQDYDPNSPR, Yes, 2.16802, 0.987262, 0.011042, 0.067544,  3,   564.91934,  28, 59777172.000000, 12.000000, 0.919482, 0.651233, 0.734664, 3.601374
MYHGIQDYDPNSPR, Yes, 1.47223, 0.973056, 0.026320, 0.168233,  2,   846.87537,  28, 17778338.000000, 12.000000, 0.840147, 0.528475, 0.309067, 2.635399
GDTVFFHPLLIHGSGR, Yes, 4.47261, 0.989000, 0.013101, 0.072935,  4,   438.98497,  26, 68152024.000000, 12.000000, 0.913905, 7.602297, 3.875009, 5.070210
PSNLIVcAWTAMEHIDR, Yes, 1.47488, 0.904766, 0.035012, 0.020311,  3,   671.66087,  33, 9108254.000000, 12.000000, 0.555544, 0.769216, 0.595506, 2.354260


MeanRateConst/CorrCutOff, 1.352100, 0.900000


MedianRateConst/RMSSCutOff, 1.472233, 0.050000
StandDev/NumberPeptides, 0.355224, 5
TotalIonCurrent, 1.74062e+10
