Peptides, PeptideUnique, RateConstants, Correlations, RootMeanRSS, AbsoluteIsotopeError, Charge, m/z(Sequence), NEH, Abundance, NDP, Rsquared,sigma,CI lower band, CI upper band
KPNEGADGQWK, Yes, 0.22647, 0.963481, 0.038238, 0.045297,  3,   410.53515,  23, 5795686.000000, 12.000000, 0.534359, 0.051277, 0.113610, 0.339330
KPNEGADGQWK, Yes, 0.26503, 0.986940, 0.021193, 0.127288,  2,   615.29909,  23, 6383335.500000, 12.000000, 0.937269, 0.033136, 0.192100, 0.337964
PGHLQEGFGcVVTNR, Yes, 0.21936, 0.852572, 0.053975, 0.252533,  2,   835.90703,  28, 12115761.000000, 12.000000, 0.494106, 0.071976, 0.060946, 0.377784
PGHLQEGFGcVVTNR, Yes, 0.32666, 0.991767, 0.015138, 0.032823,  3,   557.60711,  28, 56594468.000000, 12.000000, 0.977860, 0.024773, 0.272132, 0.381180
SEEAHAEDSVMDHHFR, Yes, 0.33886, 0.996848, 0.012034, 0.083006,  4,   474.95369,  42, 19265638.000000, 12.000000, 0.986442, 0.021199, 0.292206, 0.385523


MeanRateConst/CorrCutOff, 0.289256, 0.900000


MedianRateConst/RMSSCutOff, 0.326656, 0.050000
StandDev/NumberPeptides, 0.029150, 4
TotalIonCurrent, 5.51931e+09
