Peptides, PeptideUnique, RateConstants, Correlations, RootMeanRSS, AbsoluteIsotopeError, Charge, m/z(Sequence), NEH, Abundance, NDP, Rsquared,sigma,CI lower band, CI upper band
IITLAGPTNAIFK, Yes, 0.23865, 0.950589, 0.026817, 0.087975,  2,   679.90574,  19, 121215816.000000, 12.000000, 0.625066, 0.062144, 0.101872, 0.375429
PSSSPVIFAGGQDR, Yes, 0.02506, 0.600313, 0.054049, 0.070458,  2,   709.35715,  32, 67905784.000000, 12.000000, -0.132274, 0.006899, 0.009876, 0.040244
LVVPASQcGSLIGK, Yes, 0.30856, 0.988062, 0.014179, 0.067727,  2,   714.89760,  25, 66342816.000000, 12.000000, 0.950827, 0.031413, 0.239416, 0.377694
AITIAGIPQSIIEcVK, Yes, 0.08190, 0.843199, 0.065955, 0.130139,  2,   856.98439,  31, 33322774.000000, 12.000000, 0.630437, 0.022168, 0.033108, 0.130691
QVTITGSAASISLAQYLINVR, Yes, 0.34799, 0.982063, 0.015400, 0.068411,  3,   735.74610,  41, 5291541.500000, 10.000000, 0.917979, 0.045569, 0.244904, 0.451071
IANPVEGSTDR, Yes, 0.34476, 0.875189, 0.061724, 0.047640,  2,   579.79110,  24, 77975048.000000, 12.000000, -0.391768, 0.160063, 0.000000, 1.958303


MeanRateConst/CorrCutOff, 0.298398, 0.900000


MedianRateConst/RMSSCutOff, 0.308555, 0.050000
StandDev/NumberPeptides, 0.042936, 3
TotalIonCurrent, 1.01471e+10
