Peptides, PeptideUnique, RateConstants, Correlations, RootMeanRSS, AbsoluteIsotopeError, Charge, m/z(Sequence), NEH, Abundance, NDP, Rsquared,sigma,CI lower band, CI upper band
VLSIQSHVVR, Yes, 0.01808, 0.878709, 0.018142, 0.073078,  3,   379.89614,  18, 931246592.000000, 12.000000, 0.465248, 0.002786, 0.011944, 0.024207
LVYVcDPVMGDK, Yes, 0.59478, 0.960711, 0.022621, 0.079290,  2,   698.33599,  14, 89736360.000000, 12.000000, 0.620732, 0.224539, 0.100578, 1.088992
SQELHELYEGLK, Yes, 0.61459, 0.992261, 0.011520, 0.048537,  2,   723.36716,  26, 62560416.000000, 12.000000, 0.982142, 0.042752, 0.520495, 0.708689
AEAGEGQKPSPAQLELR, Yes, 0.10813, 0.968664, 0.042176, 0.122252,  2,   890.96302,  48, 5667124.000000, 7.000000, 0.804454, 0.022521, 0.053025, 0.163240
WNGEGSMYVPQDLLPVYR, Yes, 0.06823, 0.781860, 0.071000, 0.198714,  2,  1062.51458,  31, 31120940.000000, 10.000000, 0.310598, 0.034999, 0.000000, 1.517460
VVPVADIITPNQFEAELLSGR, Yes, 0.15150, 0.995989, 0.006728, 0.080971,  3,   756.74599,  42, 23762352.000000, 12.000000, 0.986103, 0.007427, 0.135155, 0.167846
VVPVADIITPNQFEAELLSGR, Yes, 0.14571, 0.988838, 0.014123, 0.160014,  2,  1134.61535,  42, 7051480.500000, 12.000000, 0.960944, 0.012932, 0.117251, 0.174177
AAMFPLQVLGFEVDAVNSVQFSNHTGYAHWK, Yes, 0.13761, 0.972093, 0.016254, 0.054787,  4,   866.67776,  57, 6630919.000000, 9.000000, 0.166429, 0.055465, 0.009706, 0.265511
VLSIQSHVVR, Yes, 0.03517, 0.775213, 0.043224, 0.137051,  2,   569.34057,  18, 395756448.000000, 12.000000, 0.159754, 0.008363, 0.016759, 0.053575
DKSFLAMVVDIVR, Yes, 0.10707, 0.917930, 0.064921, 0.228870,  3,   498.27792,  19, 2538707.750000, 11.000000, 0.689661, 0.034226, 0.030809, 0.183328
AEAGEGQKPSPAQLELR, Yes, 0.11799, 0.847498, 0.054547, 0.106914,  3,   594.31110,  48, 10567017.000000, 12.000000, 0.263276, 0.030251, 0.051403, 0.184569


MeanRateConst/CorrCutOff, 0.292055, 0.900000


MedianRateConst/RMSSCutOff, 0.151500, 0.050000
StandDev/NumberPeptides, 0.019851, 6
TotalIonCurrent, 4.17842e+10
