Peptides, PeptideUnique, RateConstants, Correlations, RootMeanRSS, AbsoluteIsotopeError, Charge, m/z(Sequence), NEH, Abundance, NDP, Rsquared,sigma,CI lower band, CI upper band
EEESYSDWGLR, Yes, 0.36700, 0.969387, 0.028688, 0.088550,  2,   685.79657,  25, 9610967.000000, 10.000000, 0.926160, 0.059950, 0.231385, 0.502618
AQEPNGcSSYFLGIK, Yes, 0.03265, 0.782827, 0.053329, 0.222619,  2,   835.89577,  30, 28590868.000000, 10.000000, 0.507561, 0.008712, 0.012941, 0.052355
GSFESVNSYVDSFMELLGGK, Yes, 0.29294, 0.986002, 0.014303, 0.051606,  2,  1083.50662,  33, 9876681.000000, 8.000000, 0.948930, 0.039824, 0.198772, 0.387112


MeanRateConst/CorrCutOff, 0.230864, 0.900000


MedianRateConst/RMSSCutOff, 0.292942, 0.050000
StandDev/NumberPeptides, 0.019159, 2
TotalIonCurrent, 1.66455e+09
