Peptides, PeptideUnique, RateConstants, Correlations, RootMeanRSS, AbsoluteIsotopeError, Charge, m/z(Sequence), NEH, Abundance, NDP, Rsquared,sigma,CI lower band, CI upper band
ATTHEIMGPK, Yes, 16.54914, 0.026147, 0.126903, 0.616361,  3,   362.18670,  18, 9981627.000000, 12.000000, -1.053473, 6696416.500000, 14.344201, 18.754084
ATTHEIMGPK, Yes, 15.14524, -0.025204, 0.104178, 0.582311,  2,   542.77641,  18, 3593441.250000, 12.000000, -2.142055, 1390905.125000, 13.314317, 16.976162
ITAAQHSVTGSAVSK, Yes, 0.31471, 0.994458, 0.011838, 0.073045,  3,   486.26333,  31, 13904131.000000, 12.000000, 0.895444, 0.044043, 0.217773, 0.411651
ITAAQHSVTGSAVSK, Yes, 0.26280, 0.986231, 0.022436, 0.127216,  2,   728.89135,  31, 1978031.500000, 12.000000, 0.920514, 0.036555, 0.182343, 0.343256
LFAAYNEGIINLLEK, Yes, 0.15360, 0.704540, 0.062194, 0.112632,  2,   854.46941,  26, 18681416.000000, 11.000000, -0.488721, 0.077766, 0.000000, 2.475687
ATTLSNAVSSLASTGLSLTK, Yes, 0.21768, 0.964592, 0.026612, 0.143649,  2,   961.52566,  33, 26557654.000000, 12.000000, 0.767250, 0.047351, 0.113460, 0.321897
LPNDLLDLQQPTFHPSVH, Yes, 0.37323, 0.918475, 0.032528, 0.304732,  3,   691.02509,  33, 5898953.000000, 11.000000, 0.574471, 0.094197, 0.163348, 0.583116
VAEQVGIDR, Yes, 0.36493, 0.909712, 0.065894, 0.239118,  2,   493.76690,  21, 309628288.000000, 12.000000, 0.718821, 0.094315, 0.157348, 0.572521
NTLFNLSNFLDK, Yes, 0.07436, 0.866654, 0.092254, 0.287532,  2,   713.37226,  13, 73878600.000000, 12.000000, 0.326263, 0.043007, 0.000000, 3.801862


MeanRateConst/CorrCutOff, 0.292105, 0.900000


MedianRateConst/RMSSCutOff, 0.314712, 0.050000
StandDev/NumberPeptides, 0.048902, 4
TotalIonCurrent, 1.60474e+10
