Peptides, PeptideUnique, RateConstants, Correlations, RootMeanRSS, AbsoluteIsotopeError, Charge, m/z(Sequence), NEH, Abundance, NDP, Rsquared,sigma,CI lower band, CI upper band
QEQNYFVR, Yes, 2.62211, 0.906696, 0.052324, 0.107607,  2,   542.26452,  18, 34689272.000000, 10.000000, 0.735754, 2.450938, 1.647089, 3.597129
VGQMVISGVDR, Yes, 0.47204, 0.962742, 0.030867, 0.147429,  2,   580.80826,  19, 20437732.000000, 10.000000, 0.875137, 0.098208, 0.249876, 0.694201
SAMTSGVQSVMGSR, Yes, 0.08482, 0.865210, 0.054670, 0.147396,  2,   699.32922,  29, 13179430.000000, 10.000000, 0.404375, 0.022052, 0.034933, 0.134703
LEPQIATASEYAHR, Yes, 0.05459, 0.582637, 0.073940, 0.209311,  3,   529.27047,  37, 29887408.000000, 10.000000, -0.410533, 0.021525, 0.005893, 0.103277


MeanRateConst/CorrCutOff, 0.472039, 0.900000


MedianRateConst/RMSSCutOff, 0.472039, 0.050000
StandDev/NumberPeptides, 0.098208, 1
TotalIonCurrent, 2.36456e+09
