Peptides, PeptideUnique, RateConstants, Correlations, RootMeanRSS, AbsoluteIsotopeError, Charge, m/z(Sequence), NEH, Abundance, NDP, Rsquared,sigma,CI lower band, CI upper band
ILLMDLNK, Yes, 0.45183, 0.982309, 0.012813, 0.071027,  2,   480.28333,  8, 244631520.000000, 10.000000, 0.923993, 0.072487, 0.287854, 0.615809
YVYIAELLAHK, Yes, 0.19552, 0.919532, 0.036235, 0.063732,  3,   440.58344,  18, 121878576.000000, 10.000000, 0.688132, 0.052073, 0.077723, 0.313317
EVTPVELPNcNLVK, Yes, 0.02136, 0.583133, 0.054526, 0.079937,  2,   806.42417,  22, 124726256.000000, 10.000000, -0.045357, 0.010435, 0.000000, 3.231210
IFFYDAENPPGSEVLR, Yes, 1.42487, 0.941932, 0.046814, 0.214328,  3,   618.64046,  32, 11282274.000000, 10.000000, 0.806007, 0.575508, 0.122980, 2.726757
EPAVSELEIIGNTLDISSFNPH, Yes, 0.00716, -0.121758, 0.120856, 0.086305,  3,   794.73229,  44, 64712044.000000, 10.000000, -0.091028, 0.013946, 0.000000, 4.345283
EPAVSELEIIGNTLDISSFNPH, Yes, 0.00000, -2.000000, 0.086258, 0.118831,  2,  1191.59480,  44, 21521684.000000, 10.000000, -0.023276, 0.008425, 0.000000, 4.301609
ILLMDLNKK, Yes, 0.39242, 0.953990, 0.032857, 0.196543,  3,   363.22296,  8, 37891320.000000, 10.000000, 0.730149, 0.156535, 0.038316, 0.746527
YVYIAELLAHK, Yes, 15.19408, -0.256061, 0.162839, 0.735493,  2,   660.37152,  18, 34592360.000000, 10.000000, -1.061802, 2590391.500000, 11.959494, 18.428656


MeanRateConst/CorrCutOff, 0.616160, 0.900000


MedianRateConst/RMSSCutOff, 0.451832, 0.050000
StandDev/NumberPeptides, 0.097263, 4
TotalIonCurrent, 1.10813e+10
