Peptides, PeptideUnique, RateConstants, Correlations, RootMeanRSS, AbsoluteIsotopeError, Charge, m/z(Sequence), NEH, Abundance, NDP, Rsquared,sigma,CI lower band, CI upper band
FEDENFHYK, Yes, 0.05928, 0.949459, 0.054475, 0.242307,  2,   614.76710,  16, 37233164.000000, 10.000000, 0.720330, 0.017097, 0.020604, 0.097956
IVLELFADIVPK, Yes, 0.17985, 0.989551, 0.015641, 0.071555,  2,   678.91049,  17, 50295196.000000, 10.000000, 0.966897, 0.021413, 0.131408, 0.228289
LQPIALScVLNIGAcK, Yes, 0.04914, 0.851340, 0.046169, 0.111400,  3,   586.31979,  29, 16156442.000000, 10.000000, 0.616900, 0.011422, 0.023297, 0.074975
LQPIALScVLNIGAcK, Yes, 0.18350, 0.959328, 0.033487, 0.202872,  2,   878.97604,  29, 32109440.000000, 10.000000, 0.402318, 0.050833, 0.068513, 0.298497


MeanRateConst/CorrCutOff, 0.181677, 0.900000


MedianRateConst/RMSSCutOff, 0.183505, 0.050000
StandDev/NumberPeptides, 0.030133, 2
TotalIonCurrent, 3.91893e+09
