Peptides, PeptideUnique, RateConstants, Correlations, RootMeanRSS, AbsoluteIsotopeError, Charge, m/z(Sequence), NEH, Abundance, NDP, Rsquared,sigma,CI lower band, CI upper band
LVTVGWDFK, Yes, 0.03835, 0.887699, 0.018400, 0.035639,  2,   532.79240,  6, 53427140.000000, 11.000000, 0.531194, 0.010422, 0.015130, 0.061574
QPPPcYLTAWDSSTFLPLR, Yes, 0.00000, -2.000000, 0.081101, 0.276407,  3,   750.37350,  33, 3606161.000000, 11.000000, -0.011452, 0.009361, 0.000000, 4.386018
ATMNLALAGDILAAGQDAQcQLLR, Yes, 0.16132, 0.972950, 0.018988, 0.106433,  3,   838.76494,  56, 6674375.500000, 11.000000, 0.871414, 0.019904, 0.116975, 0.205673
NLEAVQTDFSNEPLQK, Yes, 0.03904, 0.673140, 0.049879, 0.240372,  2,   916.95487,  33, 3686615.500000, 7.000000, -1.076977, 0.019067, 0.000000, 1.915224


MeanRateConst/CorrCutOff, 0.161324, 0.900000


MedianRateConst/RMSSCutOff, 0.161324, 0.050000
StandDev/NumberPeptides, 0.019904, 1
TotalIonCurrent, 1.85669e+09
