Peptides, PeptideUnique, RateConstants, Correlations, RootMeanRSS, AbsoluteIsotopeError, Charge, m/z(Sequence), NEH, Abundance, NDP, Rsquared,sigma,CI lower band, CI upper band
QTAVSVENFIAELLPDK, Yes, 0.20711, 0.994259, 0.012280, 0.145033,  2,   937.49891,  33, 10846022.000000, 9.000000, 0.978210, 0.015563, 0.171219, 0.242998
WFDIGcLVVEDPVHGIR, Yes, 0.12652, 0.947662, 0.033683, 0.124636,  3,   671.34014,  27, 67877536.000000, 9.000000, 0.570589, 0.030397, 0.056427, 0.196620
WSGLLVTVGEVLEK, Yes, 0.24437, 0.961566, 0.031240, 0.300679,  2,   765.43232,  18, 39435180.000000, 9.000000, 0.753627, 0.045826, 0.138697, 0.350045


MeanRateConst/CorrCutOff, 0.192668, 0.900000


MedianRateConst/RMSSCutOff, 0.207109, 0.050000
StandDev/NumberPeptides, 0.025216, 3
TotalIonCurrent, 4.42652e+09
