Peptides, PeptideUnique, RateConstants, Correlations, RootMeanRSS, AbsoluteIsotopeError, Charge, m/z(Sequence), NEH, Abundance, NDP, Rsquared,sigma,CI lower band, CI upper band
LTLSILDR, Yes, 0.10040, 0.979194, 0.032132, 0.140456,  2,   465.78456,  10, 10190177.000000, 12.000000, 0.820485, 0.021392, 0.053318, 0.147484
YYTPTISR, Yes, 0.27724, 0.928872, 0.033681, 0.010252,  2,   500.75854,  10, 185090992.000000, 12.000000, 0.803224, 0.070694, 0.121641, 0.432836
VAASNIVQMK, Yes, 0.21045, 0.968903, 0.025961, 0.078907,  2,   530.79460,  20, 189861104.000000, 12.000000, 0.794876, 0.039227, 0.124108, 0.296783
FILNLPTFSVR, Yes, 0.17680, 0.988076, 0.013796, 0.030591,  2,   653.87953,  14, 199354048.000000, 12.000000, 0.830298, 0.030643, 0.109351, 0.244241
NGYELSPTAAANFTR, Yes, 0.35381, 0.985474, 0.015941, 0.094503,  2,   806.39171,  32, 49141552.000000, 12.000000, 0.922320, 0.044836, 0.255125, 0.452492
AAHGYGAFLTLSILDR, Yes, 0.05114, 0.918848, 0.027441, 0.163141,  3,   568.97377,  30, 45326228.000000, 12.000000, 0.596635, 0.008553, 0.032312, 0.069961
APFAAHGYGAFLTLSILDR, Yes, 0.03289, 0.175586, 0.094268, 0.162333,  3,   674.02654,  37, 11022902.000000, 12.000000, -0.313924, 0.019921, 0.000000, 3.465988


MeanRateConst/CorrCutOff, 0.163203, 0.900000


MedianRateConst/RMSSCutOff, 0.176796, 0.050000
StandDev/NumberPeptides, 0.021192, 5
TotalIonCurrent, 1.88863e+10
