Peptides, PeptideUnique, RateConstants, Correlations, RootMeanRSS, AbsoluteIsotopeError, Charge, m/z(Sequence), NEH, Abundance, NDP, Rsquared,sigma,CI lower band, CI upper band
TLGLTVSLIQDAGR, Yes, 0.09168, 0.847482, 0.057653, 0.087818,  2,   722.41192,  23, 34850868.000000, 9.000000, 0.429397, 0.032915, 0.015774, 0.167579
VAAQcSHAAVSAYK, Yes, 0.18037, 0.995353, 0.017003, 0.058425,  3,   488.24175,  35, 22809244.000000, 9.000000, 0.980287, 0.012375, 0.151828, 0.208903
VAAQcSHAAVSAYK, Yes, 0.16008, 0.957901, 0.043471, 0.164046,  2,   731.85899,  35, 4410771.000000, 9.000000, 0.904194, 0.026946, 0.097940, 0.222215
APDEDTLIQLLTHAK, Yes, 0.20174, 0.984025, 0.022501, 0.147663,  3,   555.63330,  28, 36281936.000000, 9.000000, 0.952392, 0.024377, 0.145523, 0.257951
TVLGIGPGPVELIDEVTGHLK, Yes, 0.13403, 0.976576, 0.029101, 0.144159,  3,   715.40357,  32, 22373758.000000, 9.000000, 0.838563, 0.030119, 0.064573, 0.203484


MeanRateConst/CorrCutOff, 0.169052, 0.900000


MedianRateConst/RMSSCutOff, 0.180365, 0.050000
StandDev/NumberPeptides, 0.020818, 4
TotalIonCurrent, 3.23769e+09
