Peptides, PeptideUnique, RateConstants, Correlations, RootMeanRSS, AbsoluteIsotopeError, Charge, m/z(Sequence), NEH, Abundance, NDP, Rsquared,sigma,CI lower band, CI upper band
FFFDVGSNK, Yes, 0.05878, 0.987403, 0.010920, 0.041845,  2,   530.75856,  10, 114009728.000000, 11.000000, 0.957925, 0.004560, 0.048618, 0.068938
GPGLGSTQGQTIALPAQGLIEFR, Yes, 0.06191, 0.992237, 0.018189, 0.111712,  3,   771.08501,  49, 49292732.000000, 11.000000, 0.939552, 0.006423, 0.047597, 0.076221
GPGLGSTQGQTIALPAQGLIEFR, Yes, 0.05407, 0.973180, 0.016813, 0.153768,  2,  1156.12388,  49, 19166432.000000, 11.000000, 0.930874, 0.005159, 0.042577, 0.065566
DYLGDFIEHYAQLGPSQPPDLAQAQDEPR, Yes, 0.00578, 0.290799, 0.025442, 0.063796,  3,  1090.84945,  70, 11492022.000000, 11.000000, -0.172601, 0.005505, 0.000000, 4.122266


MeanRateConst/CorrCutOff, 0.045135, 0.900000


MedianRateConst/RMSSCutOff, 0.058778, 0.050000
StandDev/NumberPeptides, 0.005330, 4
TotalIonCurrent, 6.27812e+09
