Peptides, PeptideUnique, RateConstants, Correlations, RootMeanRSS, AbsoluteIsotopeError, Charge, m/z(Sequence), NEH, Abundance, NDP, Rsquared,sigma,CI lower band, CI upper band
HSMLFIEASAK, Yes, 0.15738, 0.977111, 0.024694, 0.111781,  2,   617.31843,  23, 28559268.000000, 9.000000, 0.859824, 0.025084, 0.099539, 0.215227
GAQGVILVYDVTR, Yes, 0.07288, 0.937637, 0.037505, 0.192976,  2,   695.88809,  21, 80926832.000000, 9.000000, 0.793844, 0.015323, 0.037543, 0.108214
IIQTPGLWESENQNK, Yes, 0.41650, 0.985253, 0.015317, 0.058305,  2,   878.94684,  30, 21988318.000000, 9.000000, 0.930084, 0.056785, 0.285559, 0.547451
LDNWLNELETYcTR, Yes, 0.30132, 0.980249, 0.025696, 0.122216,  2,   913.92251,  21, 10012060.000000, 8.000000, 0.925357, 0.056784, 0.167049, 0.435595


MeanRateConst/CorrCutOff, 0.237022, 0.900000


MedianRateConst/RMSSCutOff, 0.301322, 0.050000
StandDev/NumberPeptides, 0.028501, 4
TotalIonCurrent, 3.50454e+09
