Peptides, PeptideUnique, RateConstants, Correlations, RootMeanRSS, AbsoluteIsotopeError, Charge, m/z(Sequence), NEH, Abundance, NDP, Rsquared,sigma,CI lower band, CI upper band
WLHEINQNcDDVcR, Yes, 0.07894, 0.762894, 0.064727, 0.516253,  3,   620.27016,  27, 1205402.000000, 8.000000, -0.165200, 0.047273, 0.000000, 3.152875
LLIIGDSGVGK, Yes, 0.29688, 0.993123, 0.011012, 0.051974,  2,   536.32406,  14, 346273984.000000, 10.000000, 0.975926, 0.023159, 0.244491, 0.349268
FAGQMGIQLFETSAK, Yes, 0.16471, 0.986350, 0.018258, 0.033240,  2,   814.41106,  30, 1365075712.000000, 10.000000, 0.914832, 0.018186, 0.123568, 0.205848
ENVNVEEMFNcITELVLR, Yes, 0.30021, 0.984532, 0.015625, 0.109369,  3,   737.02576,  32, 1230714.000000, 10.000000, 0.959955, 0.032516, 0.226654, 0.373766


MeanRateConst/CorrCutOff, 0.253932, 0.900000


MedianRateConst/RMSSCutOff, 0.296879, 0.050000
StandDev/NumberPeptides, 0.023270, 3
TotalIonCurrent, 3.81645e+10
