Peptides, PeptideUnique, RateConstants, Correlations, RootMeanRSS, AbsoluteIsotopeError, Charge, m/z(Sequence), NEH, Abundance, NDP, Rsquared,sigma,CI lower band, CI upper band
GVDLQESNPASR, Yes, 0.41386, 0.969422, 0.031853, 0.113549,  2,   636.81257,  30, 37921928.000000, 10.000000, 0.856966, 0.081477, 0.229546, 0.598172
TAMNVNEIFMAIAK, Yes, 0.70492, 0.961891, 0.027228, 0.131917,  2,   776.89672,  25, 18630724.000000, 9.000000, 0.800706, 0.151790, 0.354890, 1.054945
GAQAAIVVYDITNTDTFAR, Yes, 0.00891, 0.190383, 0.079527, 0.122519,  2,  1013.51564,  35, 3065253.750000, 7.000000, -0.071621, 0.012505, 0.000000, 3.760116


MeanRateConst/CorrCutOff, 0.375895, 0.900000


MedianRateConst/RMSSCutOff, 0.413859, 0.050000
StandDev/NumberPeptides, 0.030355, 2
TotalIonCurrent, 1.56194e+09
