Peptides, PeptideUnique, RateConstants, Correlations, RootMeanRSS, AbsoluteIsotopeError, Charge, m/z(Sequence), NEH, Abundance, NDP, Rsquared,sigma,CI lower band, CI upper band
STIGVEFATR, No, 0.74120, 0.952196, 0.043709, 0.177952,  2,   540.78784,  18, 96431056.000000, 5.000000, 0.891696, 0.288871, 0.000000, 3.270488
AQIWDTAGQER, No, 0.42274, 0.997086, 0.012025, 0.025570,  2,   637.80983,  28, 70150400.000000, 5.000000, 0.988031, 0.071154, 0.225182, 0.620291
GAVGALLVYDIAK, No, 0.25415, 0.993003, 0.016719, 0.070568,  2,   645.37681,  22, 109919088.000000, 5.000000, 0.978643, 0.056631, 0.096916, 0.411380
DHADSNIVIMLVGNK, No, 20.95270, -0.584365, 0.233827, 1.383023,  2,   813.41942,  24, 33637088.000000, 5.000000, -1.447736, 1175031936.000000, 15.484598, 26.420805


MeanRateConst/CorrCutOff, 0.472694, 0.900000


MedianRateConst/RMSSCutOff, 0.422737, 0.050000
StandDev/NumberPeptides, 0.085290, 3
TotalIonCurrent, 4.10774e+09
