Peptides, PeptideUnique, RateConstants, Correlations, RootMeanRSS, AbsoluteIsotopeError, Charge, m/z(Sequence), NEH, Abundance, NDP, Rsquared,sigma,CI lower band, CI upper band
SAEFLLH, Yes, 0.07300, 0.977433, 0.020375, 0.050165,  2,   408.71615,  14, 42758468.000000, 12.000000, 0.947347, 0.005921, 0.059971, 0.086033
EQIVPKPEEEVAQK, Yes, 0.10461, 0.995593, 0.010174, 0.063847,  3,   541.95778,  36, 83987288.000000, 12.000000, 0.982416, 0.004962, 0.093689, 0.115533
EQIVPKPEEEVAQK, Yes, 0.08323, 0.985453, 0.026288, 0.107565,  2,   812.43303,  36, 37526756.000000, 12.000000, 0.940017, 0.008269, 0.065029, 0.101427
MSSPcHIEMILTEK, Yes, 0.04692, 0.962595, 0.038268, 0.285755,  2,   838.39623,  25, 20530948.000000, 12.000000, 0.807893, 0.007797, 0.029761, 0.064084
MSSPcHIEMILTEK, Yes, 0.11778, 0.994382, 0.011075, 0.025912,  3,   559.26658,  25, 113520280.000000, 12.000000, 0.984513, 0.005756, 0.105111, 0.130451
GLDVDSLVIEHIQVNK, Yes, 0.02441, 0.511724, 0.048966, 0.098939,  2,   889.98598,  26, 35629688.000000, 12.000000, -0.187179, 0.007802, 0.007243, 0.041586
GLDVDSLVIEHIQVNK, Yes, 0.09877, 0.998258, 0.005190, 0.025171,  3,   593.65975,  26, 223166512.000000, 12.000000, 0.994683, 0.002773, 0.092672, 0.104877
YSLDPENPTK, Yes, 12.68732, 0.610658, 0.086304, 0.464247,  2,   582.28257,  17, 234370176.000000, 12.000000, -2.615472, 93517.398438, 11.293193, 14.081449


MeanRateConst/CorrCutOff, 0.095479, 0.900000


MedianRateConst/RMSSCutOff, 0.098774, 0.050000
StandDev/NumberPeptides, 0.004874, 5
TotalIonCurrent, 2.73766e+10
