Peptides, PeptideUnique, RateConstants, Correlations, RootMeanRSS, AbsoluteIsotopeError, Charge, m/z(Sequence), NEH, Abundance, NDP, Rsquared,sigma,CI lower band, CI upper band
KLYDIDVAK, Yes, 0.08743, 0.987849, 0.015797, 0.067514,  2,   532.80295,  11, 106581672.000000, 12.000000, 0.949717, 0.008422, 0.068890, 0.105965
VNTLIRPDGEK, Yes, 0.08643, 0.997600, 0.013690, 0.058504,  3,   414.56645,  18, 267992192.000000, 12.000000, 0.952671, 0.007035, 0.070949, 0.101919
VNTLIRPDGEK, Yes, 0.06980, 0.994627, 0.021864, 0.087681,  2,   621.34604,  18, 69306448.000000, 12.000000, 0.922140, 0.007322, 0.053685, 0.085916
LAPDYDALDVANK, Yes, 0.06736, 0.965452, 0.023537, 0.050936,  2,   702.85389,  24, 349080096.000000, 12.000000, 0.925201, 0.005705, 0.054800, 0.079915
KIEDNNTLVFIVDVK, Yes, 0.09281, 0.966520, 0.021931, 0.092262,  3,   582.99272,  17, 60183316.000000, 12.000000, 0.909080, 0.012511, 0.065276, 0.120349
FPLTTESAMK, Yes, 0.01351, 0.146864, 0.070611, 0.043875,  2,   562.78644,  16, 318264000.000000, 12.000000, -0.286912, 0.008268, 0.000000, 3.823182
IEDNNTLVFIVDVK, Yes, 15.02333, 0.206171, 0.120080, 0.386095,  2,   809.93797,  16, 98661144.000000, 12.000000, -0.653811, 2167927.500000, 12.068407, 17.978243


MeanRateConst/CorrCutOff, 0.080766, 0.900000


MedianRateConst/RMSSCutOff, 0.086434, 0.050000
StandDev/NumberPeptides, 0.007661, 5
TotalIonCurrent, 3.59399e+10
