Peptides, PeptideUnique, RateConstants, Correlations, RootMeanRSS, AbsoluteIsotopeError, Charge, m/z(Sequence), NEH, Abundance, NDP, Rsquared,sigma,CI lower band, CI upper band
VGLIAAR, Yes, 0.08612, 0.994670, 0.017160, 0.051244,  2,   350.22922,  15, 207944192.000000, 12.000000, 0.881774, 0.010206, 0.063659, 0.108586
AVVGVVAGGGR, Yes, 0.09593, 0.998012, 0.011461, 0.057688,  2,   471.28000,  21, 556672704.000000, 12.000000, 0.955419, 0.007321, 0.079815, 0.112043
ASGNYATVISHNPETK, Yes, 0.09077, 0.998685, 0.006701, 0.033066,  3,   563.61279,  31, 271270112.000000, 12.000000, 0.965525, 0.005929, 0.077721, 0.103820
ASGNYATVISHNPETK, Yes, 0.08246, 0.993290, 0.017614, 0.121475,  2,   844.91555,  31, 61390656.000000, 12.000000, 0.941283, 0.007448, 0.066069, 0.098854
TELFIAAEGIHTGQFVYcGK, Yes, 0.05211, 0.925380, 0.028033, 0.095663,  3,   747.70514,  35, 89204832.000000, 12.000000, 0.702615, 0.009389, 0.031440, 0.072772
AQLNIGNVLPVGTMPEGTIVccLEEKPGDR, Yes, 0.02584, 0.853712, 0.027912, 0.085510,  3,  1089.87719,  55, 26023746.000000, 12.000000, 0.536473, 0.007448, 0.009451, 0.042239


MeanRateConst/CorrCutOff, 0.088821, 0.900000


MedianRateConst/RMSSCutOff, 0.086122, 0.050000
StandDev/NumberPeptides, 0.007442, 4
TotalIonCurrent, 3.74264e+10
