Peptides, PeptideUnique, RateConstants, Correlations, RootMeanRSS, AbsoluteIsotopeError, Charge, m/z(Sequence), NEH, Abundance, NDP, Rsquared,sigma,CI lower band, CI upper band
NIEDVIAQGVGK, Yes, 0.09005, 0.997422, 0.015431, 0.102688,  2,   621.83806,  23, 763009088.000000, 12.000000, 0.973512, 0.005764, 0.077360, 0.102731
YVASYLLAALGGN, Yes, 0.35507, 0.953394, 0.041858, 0.021626,  2,   656.35079,  23, 92212608.000000, 12.000000, 0.511306, 0.096793, 0.142030, 0.568108
ILDSVGIEADDDR, Yes, 0.08712, 0.995315, 0.015998, 0.046182,  2,   709.34390,  26, 67824136.000000, 12.000000, 0.974738, 0.005639, 0.074710, 0.099535
SYLLAALGGNSSPSAK, Yes, 0.06716, 0.980961, 0.032956, 0.096630,  2,   768.40682,  33, 21516946.000000, 12.000000, 0.888998, 0.008575, 0.048292, 0.086038
AAPGSAAPAAGSAPAAAEEK, Yes, 0.09496, 0.979666, 0.047664, 0.216397,  2,   847.92081,  65, 6565635.000000, 11.000000, 0.759731, 0.019913, 0.050588, 0.139325
ILDSVGIEADDDRLNK, Yes, 0.08583, 0.979846, 0.018269, 0.049849,  3,   591.63900,  29, 213840640.000000, 12.000000, 0.956951, 0.006547, 0.071424, 0.100245
ILDSVGIEADDDRLNK, Yes, 0.05195, 0.957271, 0.032526, 0.174282,  2,   886.95487,  29, 15850959.000000, 12.000000, 0.870080, 0.007212, 0.036081, 0.067826
YVASYLLAALGGNSSPSAK, Yes, 0.12427, 0.998944, 0.004164, 0.018412,  2,   934.99125,  38, 210919744.000000, 12.000000, 0.980619, 0.006529, 0.109905, 0.138644
YVASYLLAALGGNSSPSAK, Yes, 0.22949, 0.948475, 0.024015, 0.659381,  3,   623.66326,  38, 145782832.000000, 12.000000, 0.435026, 0.053394, 0.111970, 0.347010
KILDSVGIEADDDRLNK, Yes, 0.11151, 0.989548, 0.036661, 0.153179,  3,   634.33732,  30, 12514493.000000, 12.000000, 0.899145, 0.019111, 0.069453, 0.153577
LASVPAGGAVAVSAAPGSAAPAAGSAPAAAEEK, Yes, 0.07758, 0.969043, 0.038193, 0.212159,  2,  1387.71957,  95, 9798806.000000, 9.000000, 0.351835, 0.026847, 0.015667, 0.139486
LASVPAGGAVAVSAAPGSAAPAAGSAPAAAEEK, Yes, 0.09172, 0.996354, 0.007509, 0.033373,  3,   925.48214,  95, 67114472.000000, 11.000000, 0.982612, 0.004593, 0.081484, 0.101952


MeanRateConst/CorrCutOff, 0.092245, 0.900000


MedianRateConst/RMSSCutOff, 0.090045, 0.050000
StandDev/NumberPeptides, 0.007958, 9
TotalIonCurrent, 6.73652e+10
