Peptides, PeptideUnique, RateConstants, Correlations, RootMeanRSS, AbsoluteIsotopeError, Charge, m/z(Sequence), NEH, Abundance, NDP, Rsquared,sigma,CI lower band, CI upper band
PLEMIEPR, Yes, 0.08641, 0.983699, 0.017345, 0.081450,  2,   492.76276,  19, 132430200.000000, 12.000000, 0.907932, 0.008756, 0.067134, 0.105678
LLEPVLLLGK, Yes, 0.08955, 0.990015, 0.013243, 0.038153,  2,   547.86281,  12, 329100032.000000, 12.000000, 0.962992, 0.007180, 0.073743, 0.105349
GPLQSVQVFGR, Yes, 0.20796, 0.990451, 0.013948, 0.036593,  2,   594.33021,  22, 365819264.000000, 12.000000, 0.779370, 0.035432, 0.129974, 0.285944
GGGHVAQIYAIR, Yes, 0.07289, 0.943668, 0.035624, 0.061707,  2,   621.34110,  27, 80901336.000000, 12.000000, 0.676196, 0.013468, 0.043247, 0.102533
VNGRPLEMIEPR, Yes, 0.08945, 0.990878, 0.022645, 0.093382,  3,   470.92224,  27, 109273184.000000, 12.000000, 0.898061, 0.010835, 0.065607, 0.113301


MeanRateConst/CorrCutOff, 0.084574, 0.900000


MedianRateConst/RMSSCutOff, 0.089454, 0.050000
StandDev/NumberPeptides, 0.009523, 4
TotalIonCurrent, 2.94039e+10
