Peptides, PeptideUnique, RateConstants, Correlations, RootMeanRSS, AbsoluteIsotopeError, Charge, m/z(Sequence), NEH, Abundance, NDP, Rsquared,sigma,CI lower band, CI upper band
ATFDAISK, Yes, 0.12951, 0.991838, 0.016045, 0.017182,  2,   426.72671,  14, 345273568.000000, 12.000000, 0.965070, 0.010252, 0.106945, 0.152074
GcTATLGNFAK, Yes, 0.08897, 0.994842, 0.011044, 0.064361,  2,   570.27932,  17, 360792864.000000, 12.000000, 0.980816, 0.004247, 0.079625, 0.098319
MAGIDDcYTSAR, Yes, 0.08786, 0.997062, 0.019101, 0.059190,  2,   680.28702,  24, 157479808.000000, 12.000000, 0.981765, 0.004664, 0.077599, 0.098130
SPYQEFTDHLVK, Yes, 0.09363, 0.993054, 0.011238, 0.028195,  3,   488.57702,  20, 354314784.000000, 12.000000, 0.980208, 0.005119, 0.082367, 0.104901
SLEEIYLFSLPIK, Yes, 0.16149, 0.987538, 0.012673, 0.018012,  2,   776.43705,  20, 308156640.000000, 12.000000, 0.972183, 0.011123, 0.137003, 0.185968
ESEIIDFFLGASLK, Yes, 0.10143, 0.996552, 0.007254, 0.033598,  2,   784.91395,  25, 87666152.000000, 12.000000, 0.992061, 0.003379, 0.093996, 0.108868
ESEIIDFFLGASLK, Yes, 0.09587, 0.991436, 0.013899, 0.027537,  3,   523.61173,  25, 30845752.000000, 12.000000, 0.974782, 0.006081, 0.082481, 0.109251
AFVAIGDYNGHVGLGVK, Yes, 0.02255, 0.209508, 0.067110, 0.053513,  2,   858.95704,  27, 18612814.000000, 12.000000, -0.725999, 0.012618, 0.000000, 3.699493
ESEIIDFFLGASLKDEVLK, Yes, 0.01413, 0.324642, 0.070656, 0.022908,  3,   718.38405,  32, 65363368.000000, 10.000000, -0.091176, 0.012145, 0.000000, 4.291931
TYSYLTPDLWK, Yes, 0.69186, 0.853679, 0.040756, 0.165884,  2,   693.85063,  10, 627049728.000000, 12.000000, 0.214982, 0.343424, 0.000000, 2.009262
SPYQEFTDHLVK, Yes, 0.08527, 0.989427, 0.018785, 0.097902,  2,   732.36190,  20, 101713992.000000, 12.000000, 0.950637, 0.007744, 0.068229, 0.102316
AFVAIGDYNGHVGLGVK, Yes, 0.13019, 0.966274, 0.021250, 0.037430,  3,   572.97378,  27, 142069936.000000, 12.000000, 0.867538, 0.017096, 0.092566, 0.167823
ESEIIDFFLGASLKDEVLK, Yes, 0.08119, 0.970591, 0.024141, 0.144117,  2,  1077.07244,  32, 1918313.500000, 8.000000, 0.866993, 0.014589, 0.046691, 0.115688
GTGIVSAPVPK, Yes, 0.10421, 0.992126, 0.012493, 0.073179,  2,   513.30313,  18, 428720288.000000, 12.000000, 0.908034, 0.011086, 0.079813, 0.128612


MeanRateConst/CorrCutOff, 0.099815, 0.900000


MedianRateConst/RMSSCutOff, 0.095866, 0.050000
StandDev/NumberPeptides, 0.006453, 10
TotalIonCurrent, 8.48343e+10
