Peptides, PeptideUnique, RateConstants, Correlations, RootMeanRSS, AbsoluteIsotopeError, Charge, m/z(Sequence), NEH, Abundance, NDP, Rsquared,sigma,CI lower band, CI upper band
DIPGLTDTTVPR, Yes, 0.09334, 0.995553, 0.010995, 0.037224,  2,   642.84335,  17, 300820224.000000, 12.000000, 0.967865, 0.006323, 0.079423, 0.107256
LNISFPATGcQK, Yes, 0.04027, 0.952081, 0.024098, 0.095491,  2,   668.33991,  21, 415279872.000000, 12.000000, 0.890426, 0.003868, 0.031757, 0.048784
MATEVAADALGEEWK, Yes, 0.11646, 0.995025, 0.010891, 0.090755,  2,   810.88232,  34, 130445600.000000, 12.000000, 0.987892, 0.005236, 0.104932, 0.127980
GcIVDANLSVLNLVIVK, Yes, 0.08180, 0.990874, 0.012492, 0.052248,  2,   914.02405,  22, 124680056.000000, 12.000000, 0.976697, 0.004596, 0.071681, 0.091911


MeanRateConst/CorrCutOff, 0.082966, 0.900000


MedianRateConst/RMSSCutOff, 0.093340, 0.050000
StandDev/NumberPeptides, 0.004847, 4
TotalIonCurrent, 3.27571e+10
