Peptides, PeptideUnique, RateConstants, Correlations, RootMeanRSS, AbsoluteIsotopeError, Charge, m/z(Sequence), NEH, Abundance, NDP, Rsquared,sigma,CI lower band, CI upper band
QEAIDWLLGLAVR, Yes, 0.36474, 0.961581, 0.033660, 0.307349,  2,   742.41700,  26, 23710564.000000, 9.000000, 0.852845, 0.065401, 0.213924, 0.515556
INEAIVAVQAIIADPK, Yes, 15.39407, -0.077911, 0.127493, 0.777373,  2,   832.98269,  35, 5210102.000000, 9.000000, -2.354059, 2126131.000000, 13.110080, 17.678053
INEAIVAVQAIIADPK, Yes, 14.52592, 0.248947, 0.123597, 0.679316,  3,   555.65755,  35, 6173163.500000, 9.000000, -10.154287, 801385.812500, 12.429535, 16.622303
NAEPLINLDVNNPDFK, Yes, 0.13264, 0.979636, 0.021945, 0.102579,  2,   906.95995,  28, 22794584.000000, 9.000000, 0.801634, 0.028134, 0.067765, 0.197519
HILGFDTGDAVLNEAAQILR, Yes, 0.08391, 0.803776, 0.064174, 0.057547,  3,   718.38316,  40, 24915000.000000, 9.000000, -0.660855, 0.058407, 0.000000, 3.532969


MeanRateConst/CorrCutOff, 0.248691, 0.900000


MedianRateConst/RMSSCutOff, 0.364740, 0.050000
StandDev/NumberPeptides, 0.039343, 2
TotalIonCurrent, 4.11809e+09
