Peptides, PeptideUnique, RateConstants, Correlations, RootMeanRSS, AbsoluteIsotopeError, Charge, m/z(Sequence), NEH, Abundance, NDP, Rsquared,sigma,CI lower band, CI upper band
QTEMVELVPNGK, Yes, 2.61136, 0.959639, 0.023829, 0.106566,  2,   672.84502,  21, 31497256.000000, 12.000000, 0.890138, 1.146011, 0.089006, 5.133713
SELPLVIQTFLNLEK, Yes, 2.53546, 0.976917, 0.018709, 0.065595,  3,   582.00121,  23, 13252475.000000, 12.000000, 0.938474, 1.044006, 0.237616, 4.833300
SELPLVIQTFLNLEK, Yes, 1.94203, 0.987549, 0.012430, 0.065457,  2,   872.49818,  23, 18821770.000000, 12.000000, 0.971709, 0.342396, 1.188425, 2.695643
HLEGLLPVGVPTTDTQR, Yes, 13.93556, 0.967441, 0.047051, 0.211836,  3,   611.66702,  28, 49340116.000000, 12.000000, 0.691368, 183289.390625, 12.846111, 15.025007
AIQQMLFQNQEFSWLR, Yes, 2.03871, 0.978385, 0.016309, 0.099493,  3,   680.34376,  35, 12009363.000000, 12.000000, 0.909752, 0.681599, 0.538525, 3.538904
AIQQMLFQNQEFSWLR, Yes, 1.63507, 0.982082, 0.017410, 0.138130,  2,  1020.01200,  35, 6911697.500000, 12.000000, 0.793180, 0.701793, 0.090436, 3.179707
EPHFTDFEGK, Yes, 1.46189, 0.934726, 0.036587, 0.088582,  2,   603.77493,  18, 13157011.000000, 12.000000, 0.600082, 0.691025, 0.575590, 2.348183


MeanRateConst/CorrCutOff, 2.037421, 0.900000


MedianRateConst/RMSSCutOff, 2.038714, 0.050000
StandDev/NumberPeptides, 0.660050, 6
TotalIonCurrent, 8.6745e+09
