Peptides, PeptideUnique, RateConstants, Correlations, RootMeanRSS, AbsoluteIsotopeError, Charge, m/z(Sequence), NEH, Abundance, NDP, Rsquared,sigma,CI lower band, CI upper band
PLLVLVDR, Yes, 0.18693, 0.912463, 0.031987, 0.096447,  2,   462.79748,  10, 12962077.000000, 12.000000, 0.722067, 0.044058, 0.089957, 0.283901
FGQDIISPLLSVK, Yes, 0.80766, 0.978158, 0.017540, 0.060579,  2,   708.90848,  20, 19649070.000000, 12.000000, 0.946541, 0.112445, 0.560174, 1.055153
VMNTGSQFVMEGVK, Yes, 0.03650, 0.848189, 0.035613, 0.033158,  2,   763.87072,  21, 210717504.000000, 12.000000, 0.633710, 0.007025, 0.021037, 0.051962
ALTDAGcNLSPLQYIK, Yes, 0.05145, 0.655508, 0.048394, 0.192106,  2,   882.45345,  28, 18707634.000000, 12.000000, -0.330171, 0.012536, 0.023861, 0.079046
LIDLHTNVATAVLEHIK, Yes, 0.34279, 0.980038, 0.019565, 0.124563,  4,   472.52291,  27, 13381683.000000, 12.000000, 0.916372, 0.054094, 0.223728, 0.461848


MeanRateConst/CorrCutOff, 0.445794, 0.900000


MedianRateConst/RMSSCutOff, 0.342788, 0.050000
StandDev/NumberPeptides, 0.059908, 3
TotalIonCurrent, 6.58545e+09
