Peptides, PeptideUnique, RateConstants, Correlations, RootMeanRSS, AbsoluteIsotopeError, Charge, m/z(Sequence), NEH, Abundance, NDP, Rsquared,sigma,CI lower band, CI upper band
NISNQLSITTK, Yes, 0.11576, 0.949299, 0.032261, 0.090999,  2,   609.83805,  16, 36650344.000000, 11.000000, 0.713199, 0.023396, 0.063631, 0.167890
ALDVIVDLLEK, Yes, 0.21947, 0.986377, 0.017717, 0.056819,  2,   614.36337,  16, 39717252.000000, 11.000000, 0.944532, 0.027985, 0.157115, 0.281823
NEAWILETSGK, Yes, 0.17417, 0.953548, 0.037689, 0.091242,  2,   624.31695,  20, 20510180.000000, 10.000000, 0.884784, 0.029969, 0.106372, 0.241961
GNITFETMMEILR, Yes, 0.43523, 0.970614, 0.016667, 0.051052,  2,   777.88636,  20, 22319122.000000, 11.000000, 0.893822, 0.070331, 0.278523, 0.591937
GEFLTTASMVSVLPQDPSLPcIHLFTATPHPER, Yes, 0.00000, -2.000000, 0.079428, 0.052369,  4,   912.96019,  62, 3665568.000000, 9.000000, -0.000126, 0.021321, 0.000000, 5.121535


MeanRateConst/CorrCutOff, 0.236156, 0.900000


MedianRateConst/RMSSCutOff, 0.219469, 0.050000
StandDev/NumberPeptides, 0.031730, 4
TotalIonCurrent, 3.82684e+09
