Peptides, PeptideUnique, RateConstants, Correlations, RootMeanRSS, AbsoluteIsotopeError, Charge, m/z(Sequence), NEH, Abundance, NDP, Rsquared,sigma,CI lower band, CI upper band
FEDYLNAESR, Yes, 0.09961, 0.953812, 0.031766, 0.138209,  2,   622.28310,  23, 17065600.000000, 11.000000, 0.858682, 0.013063, 0.070506, 0.128719
DVTNNVHYENYR, Yes, 0.13123, 0.954381, 0.028063, 0.134999,  2,   762.34730,  19, 24352564.000000, 11.000000, 0.858792, 0.021849, 0.082550, 0.179916
ADTLTPEEcQQFK, Yes, 0.06935, 0.936141, 0.040374, 0.216436,  2,   783.85886,  27, 39067676.000000, 11.000000, 0.844011, 0.011299, 0.044174, 0.094523
QYPWGVAEVENGEHcDFTILR, Yes, 0.10243, 0.874756, 0.037390, 0.293166,  3,   840.72526,  41, 8961143.000000, 11.000000, 0.657740, 0.027643, 0.040838, 0.164023
STLINSLFLTDLYSPEYPGPSHR, Yes, 0.12910, 0.989292, 0.009168, 0.140352,  3,   869.77449,  39, 19758392.000000, 11.000000, 0.932561, 0.012956, 0.100231, 0.157966


MeanRateConst/CorrCutOff, 0.107323, 0.900000


MedianRateConst/RMSSCutOff, 0.129098, 0.050000
StandDev/NumberPeptides, 0.013888, 4
TotalIonCurrent, 3.91388e+09
