Peptides, PeptideUnique, RateConstants, Correlations, RootMeanRSS, AbsoluteIsotopeError, Charge, m/z(Sequence), NEH, Abundance, NDP, Rsquared,sigma,CI lower band, CI upper band
IVPGQFLAVDPK, Yes, 0.07644, 0.947587, 0.034353, 0.145587,  2,   642.37154,  20, 21008574.000000, 11.000000, 0.790761, 0.013766, 0.045768, 0.107113
FLAVGLVDNTVR, Yes, 7.46960, 0.957755, 0.080980, 0.083016,  2,   652.37208,  16, 48211432.000000, 11.000000, 0.339714, 728.985535, 6.031209, 8.907997
LGAVFNQVAFPLQYTPR, Yes, 0.99221, 0.975486, 0.016288, 0.046328,  2,   961.02016,  32, 8699853.000000, 11.000000, 0.397219, 0.544711, 0.000000, 3.471244


MeanRateConst/CorrCutOff, 2.846084, 0.900000


MedianRateConst/RMSSCutOff, 0.992208, 0.050000
StandDev/NumberPeptides, 0.040279, 2
TotalIonCurrent, 3.57177e+09
