Peptides, PeptideUnique, RateConstants, Correlations, RootMeanRSS, AbsoluteIsotopeError, Charge, m/z(Sequence), NEH, Abundance, NDP, Rsquared,sigma,CI lower band, CI upper band
HLQEMGLK, Yes, 0.16944, 0.994489, 0.015985, 0.105443,  2,   478.25511,  15, 110597504.000000, 12.000000, 0.958393, 0.016081, 0.134046, 0.204835
DIVSYVLDHF, Yes, 0.18070, 0.979255, 0.017974, 0.027129,  2,   604.30333,  12, 24420514.000000, 12.000000, 0.909870, 0.029006, 0.116862, 0.244544
EMLQIMEEIK, Yes, 0.15075, 0.985153, 0.016911, 0.044942,  2,   632.31978,  21, 101559976.000000, 12.000000, 0.963276, 0.012108, 0.124095, 0.177396
LLLGPGPSNLAPR, Yes, 0.18323, 0.992368, 0.011826, 0.032061,  2,   652.88788,  26, 265609328.000000, 12.000000, 0.828680, 0.029039, 0.119313, 0.247142
VIHHTTPVTSLY, Yes, 0.25850, 0.960867, 0.034630, 0.082043,  2,   684.36954,  14, 40731604.000000, 12.000000, 0.862691, 0.057886, 0.131096, 0.385908
IGLLGYNATTENVDR, Yes, 0.18608, 0.993920, 0.010480, 0.029296,  2,   818.42047,  24, 143147680.000000, 12.000000, 0.969720, 0.013445, 0.156490, 0.215676
TKPVSFYTDITYLAK, Yes, 0.17162, 0.967087, 0.021006, 0.109568,  2,   873.96927,  16, 20909542.000000, 12.000000, 0.895053, 0.027820, 0.110386, 0.232848
LPTITTVTVPAGYNWR, Yes, 0.13228, 0.982526, 0.013311, 0.053158,  2,   894.98579,  20, 173576688.000000, 12.000000, 0.857579, 0.019169, 0.090090, 0.174472
VIHHTTPVTSLYcLR, Yes, 0.15060, 0.982395, 0.011829, 0.025020,  3,   599.65406,  20, 74932232.000000, 12.000000, 0.895763, 0.017823, 0.111371, 0.189826
VIHHTTPVTSLYcLR, Yes, 0.13342, 0.950556, 0.029289, 0.131327,  4,   449.99236,  20, 29847440.000000, 12.000000, 0.850131, 0.023783, 0.081077, 0.185771
VIHHTTPVTSLYcLR, Yes, 0.11909, 0.917899, 0.037144, 0.296729,  2,   898.97744,  20, 9405776.000000, 11.000000, 0.792540, 0.026359, 0.060359, 0.177822
ESLALIAEQGLENcWR, Yes, 0.22101, 0.976921, 0.033145, 0.118688,  3,   630.31223,  38, 27031118.000000, 12.000000, 0.109495, 0.105462, 0.000000, 2.184724
DIVSYVLDHFSIEISGGLGPTEER, Yes, 0.08742, 0.709297, 0.043708, 0.141653,  3,   878.44130,  44, 7072021.500000, 12.000000, -2.844151, 0.029088, 0.023397, 0.151441
QGIQYVFQTR, Yes, 0.24108, 0.987400, 0.014468, 0.045581,  2,   620.32767,  19, 171556176.000000, 12.000000, 0.961388, 0.021165, 0.194495, 0.287662


MeanRateConst/CorrCutOff, 0.169942, 0.900000


MedianRateConst/RMSSCutOff, 0.171617, 0.050000
StandDev/NumberPeptides, 0.021090, 12
TotalIonCurrent, 4.90086e+10
