Peptides, PeptideUnique, RateConstants, Correlations, RootMeanRSS, AbsoluteIsotopeError, Charge, m/z(Sequence), NEH, Abundance, NDP, Rsquared,sigma,CI lower band, CI upper band
VLVDVSNNR, Yes, 0.17987, 0.990112, 0.015633, 0.070223,  2,   508.28018,  13, 83196408.000000, 12.000000, 0.961927, 0.016167, 0.144283, 0.215449
EHYDSLTELVDYLK, Yes, 0.37835, 0.976856, 0.018920, 0.091775,  3,   575.61743,  21, 18674674.000000, 12.000000, 0.951821, 0.041906, 0.286116, 0.470584
AFNTISAWALQSGTLDASR, Yes, 0.15999, 0.789613, 0.071228, 0.403859,  2,  1005.00797,  40, 3961315.750000, 11.000000, 0.454395, 0.061508, 0.022940, 0.297035
FLSPSILR, Yes, 0.13115, 0.964299, 0.029057, 0.062602,  2,   466.78182,  13, 172668752.000000, 12.000000, -0.349723, 0.063071, 0.000000, 2.798507


MeanRateConst/CorrCutOff, 0.229788, 0.900000


MedianRateConst/RMSSCutOff, 0.179866, 0.050000
StandDev/NumberPeptides, 0.029536, 3
TotalIonCurrent, 4.17933e+09
