Peptides, PeptideUnique, RateConstants, Correlations, RootMeanRSS, AbsoluteIsotopeError, Charge, m/z(Sequence), NEH, Abundance, NDP, Rsquared,sigma,CI lower band, CI upper band
ALHHGIDLEK, Yes, 0.17159, 0.973340, 0.026203, 0.111456,  2,   566.80909,  20, 6879970.500000, 12.000000, 0.923815, 0.021177, 0.124978, 0.218197
LQSGIcHLFR, Yes, 0.21227, 0.991931, 0.012196, 0.076446,  3,   410.88525,  19, 60260308.000000, 12.000000, 0.929917, 0.023530, 0.160477, 0.264057
QSNSYDMFMR, Yes, 0.16812, 0.982580, 0.017521, 0.120553,  2,   639.76571,  19, 37630620.000000, 12.000000, 0.914101, 0.020937, 0.122040, 0.214202
LEYcEALAMLR, Yes, 0.22531, 0.997647, 0.011876, 0.046076,  2,   684.83613,  24, 68432392.000000, 12.000000, 0.992761, 0.009314, 0.204812, 0.245811
FGAPPHAGGGIGLER, Yes, 0.05491, 0.424544, 0.094931, 0.132395,  2,   718.37568,  35, 11267841.000000, 12.000000, -0.764492, 0.020981, 0.008731, 0.101090
NNAYLAQSPQLYK, Yes, 0.31017, 0.987199, 0.017338, 0.033689,  2,   755.38843,  27, 46177060.000000, 12.000000, 0.960327, 0.030936, 0.242080, 0.378260
IGScTQQDVELHVQK, Yes, 0.08016, 0.868785, 0.046422, 0.171933,  2,   871.43052,  30, 7633193.500000, 12.000000, 0.386808, 0.021858, 0.032055, 0.128271
IGScTQQDVELHVQK, Yes, 0.12994, 0.986657, 0.015304, 0.019699,  3,   581.28944,  30, 37997376.000000, 12.000000, 0.972955, 0.008591, 0.111031, 0.148849
EIVDAAEDYAK, Yes, 0.15690, 0.968464, 0.034963, 0.187485,  2,   612.29313,  26, 45377212.000000, 12.000000, 0.926393, 0.019657, 0.113634, 0.200162
ESIIDVEGVVR, Yes, 13.94053, 0.180187, 0.117022, 0.443782,  2,   608.33261,  21, 142559088.000000, 12.000000, -0.494973, 577608.875000, 11.642016, 16.239042
VTMLFLGLHNVR, Yes, 0.07762, 0.986301, 0.038581, 0.160241,  3,   467.26747,  14, 28618274.000000, 12.000000, 0.783808, 0.017913, 0.038196, 0.117049
IISAASEGGANVFTVSYFK, Yes, 0.04276, 0.856732, 0.083090, 0.407917,  2,   981.00437,  34, 277223392.000000, 12.000000, 0.481698, 0.016776, 0.005831, 0.079679


MeanRateConst/CorrCutOff, 0.177354, 0.900000


MedianRateConst/RMSSCutOff, 0.168121, 0.050000
StandDev/NumberPeptides, 0.014559, 6
TotalIonCurrent, 2.64312e+10
