Peptides, PeptideUnique, RateConstants, Correlations, RootMeanRSS, AbsoluteIsotopeError, Charge, m/z(Sequence), NEH, Abundance, NDP, Rsquared,sigma,CI lower band, CI upper band
IDVGEAEPR, Yes, 0.24952, 0.900486, 0.054530, 0.078872,  2,   493.25108,  23, 6543407.500000, 8.000000, -0.313660, 0.129424, 0.000000, 2.340965
VHLMNPMVPGLTGSK, Yes, 0.09638, 0.952329, 0.027229, 0.118557,  3,   527.61443,  21, 15258037.000000, 8.000000, 0.787471, 0.023117, 0.041714, 0.151040
HPDADSLYVEK, Yes, 0.56376, 0.695296, 0.093469, 0.573822,  2,   637.30659,  21, 19556398.000000, 8.000000, -2.368241, 0.306406, 0.000000, 2.328380
AMLESIGVPLEK, Yes, 0.05144, 0.207136, 0.095627, 0.061535,  2,   643.85485,  23, 133377080.000000, 8.000000, -1.049029, 0.030103, 0.000000, 3.188161
AFcEPGNVENNGVLSFIK, Yes, 0.00000, 0.295353, 0.049489, 0.105078,  2,   997.98565,  32, 5467979.500000, 7.000000, -0.033234, 0.009708, 0.000000, 2.923580


MeanRateConst/CorrCutOff, 0.048190, 0.900000


MedianRateConst/RMSSCutOff, 0.096377, 0.050000
StandDev/NumberPeptides, 0.013674, 2
TotalIonCurrent, 2.91148e+09
