Peptides, PeptideUnique, RateConstants, Correlations, RootMeanRSS, AbsoluteIsotopeError, Charge, m/z(Sequence), NEH, Abundance, NDP, Rsquared,sigma,CI lower band, CI upper band
ALTVPELTQQVFDAK, Yes, 0.11102, 0.976455, 0.020430, 0.129583,  3,   553.96992,  27, 26407858.000000, 12.000000, 0.950219, 0.009984, 0.089049, 0.132998
ALTVPELTQQVFDAK, Yes, 0.13160, 0.988185, 0.018552, 0.084147,  2,   830.45125,  27, 80099520.000000, 12.000000, 0.954296, 0.010039, 0.109505, 0.153696
MAVTFIGNSTAIQELFK, Yes, 0.00000, -2.000000, 0.059270, 0.081103,  2,   935.49258,  28, 42605204.000000, 12.000000, -0.020834, 0.005203, 0.000000, 4.078568
MAVTFIGNSTAIQELFK, Yes, 0.10618, 0.969797, 0.018174, 0.210904,  3,   623.99748,  28, 19947206.000000, 12.000000, 0.898866, 0.011434, 0.081013, 0.131344
ISVYYNEATGGK, Yes, 0.12864, 0.987492, 0.021164, 0.112020,  2,   651.32223,  19, 181550528.000000, 12.000000, 0.947910, 0.013237, 0.099511, 0.157778


MeanRateConst/CorrCutOff, 0.119362, 0.900000


MedianRateConst/RMSSCutOff, 0.128645, 0.050000
StandDev/NumberPeptides, 0.011026, 4
TotalIonCurrent, 1.00566e+10
