Peptides, PeptideUnique, RateConstants, Correlations, RootMeanRSS, AbsoluteIsotopeError, Charge, m/z(Sequence), NEH, Abundance, NDP, Rsquared,sigma,CI lower band, CI upper band
SIHDALcVIR, Yes, 1.19362, 0.924830, 0.048267, 0.248012,  3,   395.21325,  19, 64822112.000000, 12.000000, 0.482875, 0.434184, 0.237993, 2.149256
TLSGMESYcVR, Yes, 0.24680, 0.971314, 0.020467, 0.064304,  2,   651.79448,  19, 47428276.000000, 12.000000, 0.914055, 0.031937, 0.176508, 0.317096
VIDPATATSVDLR, Yes, 0.20276, 0.983753, 0.019451, 0.072687,  2,   679.36973,  23, 98076704.000000, 12.000000, 0.936925, 0.021789, 0.154802, 0.250715
DALSDLALHFLNK, Yes, 0.22560, 0.996011, 0.014268, 0.073657,  3,   486.26466,  22, 55090840.000000, 10.000000, 0.978128, 0.017633, 0.185709, 0.265487
DALSDLALHFLNK, Yes, 0.55035, 0.905624, 0.024531, 0.333817,  2,   728.89335,  22, 22463106.000000, 12.000000, 0.189902, 0.185199, 0.142731, 0.957973
ETLLNSATTSLNSK, Yes, 0.43072, 0.963225, 0.026265, 0.163439,  2,   739.88846,  22, 69716104.000000, 12.000000, 0.824672, 0.073099, 0.269829, 0.591609
ALIAGGGAPEIELALR, Yes, 0.27300, 0.994295, 0.013111, 0.029952,  2,   775.94865,  39, 53140604.000000, 12.000000, 0.982645, 0.017402, 0.234701, 0.311306
VVSQYSSLLSPMSVNAVMK, Yes, 0.03493, 0.773827, 0.062039, 0.480841,  2,  1020.52884,  32, 7036735.500000, 12.000000, 0.095393, 0.014689, 0.002604, 0.067265
LGGTIDDcELVEGLVLTQK, Yes, 0.31041, 0.956223, 0.031254, 0.151592,  3,   687.35752,  28, 8108405.000000, 11.000000, 0.780707, 0.059219, 0.178458, 0.442353
GIHPTIISESFQK, Yes, 0.23134, 0.944791, 0.031990, 0.070730,  2,   728.89336,  24, 19110220.000000, 12.000000, 0.777961, 0.048237, 0.125170, 0.337508


MeanRateConst/CorrCutOff, 0.235900, 0.900000


MedianRateConst/RMSSCutOff, 0.231339, 0.050000
StandDev/NumberPeptides, 0.023572, 5
TotalIonCurrent, 1.72611e+10
