Peptides, PeptideUnique, RateConstants, Correlations, RootMeanRSS, AbsoluteIsotopeError, Charge, m/z(Sequence), NEH, Abundance, NDP, Rsquared,sigma,CI lower band, CI upper band
TcTIILR, Yes, 7.47200, 0.711348, 0.126457, 0.645858,  2,   438.75221,  8, 126492984.000000, 12.000000, -14.473593, 1024.505615, 4.650611, 10.293379
YNFFTGcPK, Yes, 0.07807, 0.973188, 0.017792, 0.063380,  2,   567.25786,  9, 71821136.000000, 12.000000, 0.863697, 0.010905, 0.054071, 0.102074
IALLNVELELK, Yes, 0.27133, 0.994000, 0.010775, 0.036985,  2,   627.88700,  18, 50714724.000000, 12.000000, 0.987778, 0.014670, 0.239045, 0.303622
TFSYAGFEMQPK, Yes, 0.02561, 0.650243, 0.094916, 0.079216,  2,   703.32647,  22, 197149696.000000, 12.000000, 0.173725, 0.013111, 0.000000, 4.154526
QLcDNAGFDATNILNK, Yes, 0.26392, 0.968428, 0.025081, 0.114117,  2,   897.42797,  28, 30331872.000000, 12.000000, 0.914662, 0.037028, 0.182423, 0.345422
MVVDAVMMLDELLQLK, Yes, 0.27770, 0.990468, 0.009923, 0.060632,  2,   924.48759,  23, 5032013.500000, 12.000000, 0.973251, 0.023149, 0.226747, 0.328649
QVKPYVEEGLHPQIIIR, Yes, 0.24693, 0.981863, 0.016151, 0.096628,  4,   505.54009,  35, 36124692.000000, 12.000000, 0.917741, 0.033003, 0.174295, 0.319571
INALTAASEAAcLIVSVDETIK, Yes, 0.24564, 0.997066, 0.006697, 0.069545,  3,   763.73839,  44, 16476412.000000, 12.000000, 0.988821, 0.011755, 0.219769, 0.271513
VHTVEDYQAIVDAEWNILYDK, Yes, 0.03013, 0.380143, 0.049353, 0.093596,  3,   841.07969,  36, 42020096.000000, 12.000000, -0.505803, 0.015912, 0.000000, 3.424372
GGAEQFMEETER, Yes, 0.28557, 0.991614, 0.017478, 0.083970,  2,   692.29589,  32, 25869742.000000, 12.000000, 0.976196, 0.022638, 0.235745, 0.335395
SQDAEVGDGTTSVTLLAAEFLK, Yes, 0.14688, 0.908414, 0.033728, 0.123733,  2,  1126.56827,  41, 16934892.000000, 12.000000, 0.649154, 0.030943, 0.078777, 0.214986


MeanRateConst/CorrCutOff, 0.248283, 0.900000


MedianRateConst/RMSSCutOff, 0.263923, 0.050000
StandDev/NumberPeptides, 0.021197, 7
TotalIonCurrent, 1.94496e+10
