Peptides, PeptideUnique, RateConstants, Correlations, RootMeanRSS, AbsoluteIsotopeError, Charge, m/z(Sequence), NEH, Abundance, NDP, Rsquared,sigma,CI lower band, CI upper band
KGESGQSWPR, Yes, 0.28521, 0.988190, 0.016856, 0.072241,  3,   377.85623,  23, 43508344.000000, 12.000000, 0.865614, 0.046943, 0.181884, 0.388527
KGESGQSWPR, Yes, 0.25553, 0.997468, 0.010078, 0.041815,  2,   566.28071,  23, 23384438.000000, 12.000000, 0.917226, 0.033162, 0.182539, 0.328516
LTFScLGGSDNFK, Yes, 0.24828, 0.993336, 0.008444, 0.037760,  2,   723.34012,  17, 140953936.000000, 12.000000, 0.977997, 0.016121, 0.212802, 0.283765
LNWLSVDFNNWK, Yes, 0.21519, 0.989029, 0.008860, 0.048446,  2,   768.38570,  12, 274452576.000000, 12.000000, 0.958707, 0.019595, 0.172066, 0.258323
HLNEIDLFHcIDPNDSK, Yes, 0.33117, 0.990081, 0.010455, 0.077727,  3,   689.65819,  30, 70745120.000000, 12.000000, 0.968167, 0.026673, 0.272464, 0.389879


MeanRateConst/CorrCutOff, 0.251053, 0.900000


MedianRateConst/RMSSCutOff, 0.255528, 0.050000
StandDev/NumberPeptides, 0.024313, 4
TotalIonCurrent, 2.15901e+10
