Peptides, PeptideUnique, RateConstants, Correlations, RootMeanRSS, AbsoluteIsotopeError, Charge, m/z(Sequence), NEH, Abundance, NDP, Rsquared,sigma,CI lower band, CI upper band
AVFADVAFVQR, Yes, 0.06696, 0.975434, 0.020680, 0.033097,  2,   611.83259,  23, 681145600.000000, 11.000000, 0.915492, 0.005845, 0.053940, 0.079989
RGDDWTQMLR, Yes, 0.12004, 0.928764, 0.034851, 0.146930,  3,   426.54003,  18, 8060123.500000, 11.000000, 0.778130, 0.027733, 0.058251, 0.181837
ELcALFIGLELIPR, Yes, 0.16161, 0.986111, 0.032627, 0.172322,  2,   822.46309,  26, 2076057.875000, 11.000000, 0.934193, 0.022664, 0.111115, 0.212112
cWEENQYLLcPH, Yes, 0.06856, 0.977809, 0.036823, 0.243039,  2,   824.84777,  24, 5675524.500000, 11.000000, 0.734850, 0.015445, 0.034151, 0.102979
TTLASAMDIQVPYNMER, Yes, 0.04026, 0.828581, 0.066997, 0.353601,  2,   970.46623,  33, 17642572.000000, 11.000000, 0.397270, 0.015289, 0.006189, 0.074323
NGLNILELWHGVTYAFK, Yes, 0.01938, 0.661500, 0.084845, 0.320852,  3,   659.01938,  23, 1548946.375000, 5.000000, -0.190710, 0.047956, 0.000000, 6.348065
SATAVNYHYQQTDSGQSSIR, Yes, 0.13477, 0.980597, 0.017296, 0.083560,  3,   738.34544,  45, 21497184.000000, 11.000000, 0.945785, 0.013235, 0.105279, 0.164258
SATAVNYHYQQTDSGQSSIR, Yes, 0.07066, 0.274943, 0.076535, 0.468698,  2,  1107.01452,  45, 1212108.750000, 7.000000, -3.443320, 0.034867, 0.000000, 1.653281
VTIEGLSQR, Yes, 0.17994, 0.951776, 0.034497, 0.099789,  2,   501.78255,  18, 64125232.000000, 11.000000, 0.498088, 0.043995, 0.081911, 0.277963
ccLASASAVK, Yes, 0.05130, 0.826298, 0.044950, 0.073852,  2,   533.75462,  22, 113976528.000000, 11.000000, 0.141044, 0.011469, 0.025740, 0.076852
HDLNDLIDR, Yes, 0.12494, 0.973732, 0.022199, 0.033120,  2,   555.78054,  16, 43811908.000000, 11.000000, 0.937910, 0.011792, 0.098666, 0.151217


MeanRateConst/CorrCutOff, 0.122405, 0.900000


MedianRateConst/RMSSCutOff, 0.124941, 0.050000
StandDev/NumberPeptides, 0.014026, 7
TotalIonCurrent, 2.63771e+10
