Peptides, PeptideUnique, RateConstants, Correlations, RootMeanRSS, AbsoluteIsotopeError, Charge, m/z(Sequence), NEH, Abundance, NDP, Rsquared,sigma,CI lower band, CI upper band
VVQSLEQTAR, Yes, 0.06237, 0.345149, 0.106595, 0.056329,  2,   565.81184,  23, 26919654.000000, 12.000000, -0.689661, 0.023218, 0.011270, 0.113474
LSVNSVTAGDYSR, Yes, 0.16960, 0.983307, 0.026916, 0.111914,  2,   684.84133,  23, 469401600.000000, 12.000000, 0.945261, 0.018943, 0.127906, 0.211292
PLHISTFINELDSGFR, Yes, 0.28763, 0.993600, 0.014032, 0.098265,  3,   615.98797,  27, 26089202.000000, 12.000000, 0.803021, 0.054209, 0.168313, 0.406939
KVEEVVYDLSIR, Yes, 0.12175, 0.985576, 0.029616, 0.169449,  2,   725.40101,  20, 33629788.000000, 12.000000, 0.923979, 0.017074, 0.084175, 0.159334


MeanRateConst/CorrCutOff, 0.192993, 0.900000


MedianRateConst/RMSSCutOff, 0.169599, 0.050000
StandDev/NumberPeptides, 0.023111, 3
TotalIonCurrent, 1.37444e+10
