Peptides, PeptideUnique, RateConstants, Correlations, RootMeanRSS, AbsoluteIsotopeError, Charge, m/z(Sequence), NEH, Abundance, NDP, Rsquared,sigma,CI lower band, CI upper band
QSFVQSGLLAR, Yes, 13.11700, 0.988604, 0.039440, 0.223922,  2,   603.33548,  24, 107766912.000000, 12.000000, 0.928285, 33238.257812, 12.460438, 13.773567
AAEAGDLHTALEK, Yes, 2.68116, 0.981829, 0.022670, 0.111158,  3,   442.56136,  32, 45204580.000000, 12.000000, 0.953318, 0.838828, 0.834913, 4.527411
LQGDVAGALEDLER, Yes, 14.60645, 0.733028, 0.088465, 0.541603,  2,   743.38081,  33, 82925880.000000, 12.000000, -1.026646, 697914.687500, 13.003886, 16.209023
QLVLLNPYAALcNR, Yes, 2.57887, 0.954464, 0.025179, 0.138687,  2,   822.94813,  26, 24095386.000000, 12.000000, 0.783965, 1.331401, 1.903203, 3.254536


MeanRateConst/CorrCutOff, 6.125678, 0.900000


MedianRateConst/RMSSCutOff, 2.681162, 0.050000
StandDev/NumberPeptides, 1.543800, 3
TotalIonCurrent, 1.75059e+10
