Peptides, PeptideUnique, RateConstants, Correlations, RootMeanRSS, AbsoluteIsotopeError, Charge, m/z(Sequence), NEH, Abundance, NDP, Rsquared,sigma,CI lower band, CI upper band
NDGVLLLQALTR, Yes, 0.57317, 0.915957, 0.047090, 0.234694,  2,   656.88279,  20, 39930796.000000, 12.000000, 0.563246, 0.162651, 0.215174, 0.931157
LQTENcELLQR, Yes, 0.41883, 0.980993, 0.028437, 0.088223,  2,   702.35100,  24, 18177944.000000, 12.000000, 0.812889, 0.081056, 0.240430, 0.597236
SQLcSQSLEITR, Yes, 0.01903, 0.916671, 0.016975, 0.208429,  2,   711.35628,  27, 2292953344.000000, 12.000000, 0.640730, 0.003458, 0.011422, 0.026643
VTNLHLMLQLVR, Yes, 0.06880, 0.863560, 0.035868, 0.257677,  3,   479.61839,  16, 27853978.000000, 12.000000, 0.648149, 0.014269, 0.037392, 0.100205
MKPWFEVGEENSGWSAQK, Yes, 0.27007, 0.977580, 0.025014, 0.136970,  3,   703.99479,  36, 5895800.000000, 12.000000, 0.908673, 0.047007, 0.166606, 0.373529
LEVGIQAMEHLIHVLQTDR, Yes, 0.32532, 0.992538, 0.015597, 0.158225,  4,   551.29794,  39, 7972104.000000, 12.000000, 0.960341, 0.036995, 0.243899, 0.406751
LLTSLLK, Yes, 0.09028, 0.925131, 0.037440, 0.140766,  2,   394.26801,  5, 129185080.000000, 12.000000, 0.651246, 0.033551, 0.016433, 0.164124


MeanRateConst/CorrCutOff, 0.224707, 0.900000


MedianRateConst/RMSSCutOff, 0.270068, 0.050000
StandDev/NumberPeptides, 0.013170, 5
TotalIonCurrent, 8.2257e+10
