Peptides, PeptideUnique, RateConstants, Correlations, RootMeanRSS, AbsoluteIsotopeError, Charge, m/z(Sequence), NEH, Abundance, NDP, Rsquared,sigma,CI lower band, CI upper band
GGPAEGQLQENDR, Yes, 0.10881, 0.295794, 0.142130, 0.067387,  2,   685.81838,  36, 3135594.750000, 10.000000, -1.276227, 0.067704, 0.000000, 2.902322
EEAVLFLLDLPK, Yes, 0.37542, 0.995666, 0.016192, 0.071259,  2,   693.89757,  20, 11456897.000000, 10.000000, 0.964455, 0.044091, 0.275677, 0.475157
IVESDVGDSFYIR, Yes, 0.00001, 0.189209, 0.026486, 0.217689,  2,   750.37246,  22, 113318264.000000, 9.000000, -0.012291, 0.004372, 0.000000, 4.289030
HEEQPAPAYEVHNR, Yes, 0.35422, 0.984057, 0.018422, 0.046293,  3,   559.59736,  41, 2436113.500000, 10.000000, 0.943126, 0.041924, 0.259377, 0.449054
AEQLASVQYTLPK, Yes, 0.00000, -2.000000, 0.119346, 0.343314,  2,   724.39319,  27, 23925288.000000, 10.000000, -0.255185, 0.009341, 0.000000, 5.235605


MeanRateConst/CorrCutOff, 0.243213, 0.900000


MedianRateConst/RMSSCutOff, 0.354215, 0.050000
StandDev/NumberPeptides, 0.010899, 3
TotalIonCurrent, 1.71768e+09
