Peptides, PeptideUnique, RateConstants, Correlations, RootMeanRSS, AbsoluteIsotopeError, Charge, m/z(Sequence), NEH, Abundance, NDP, Rsquared,sigma,CI lower band, CI upper band
YLIANATNPESK, Yes, 0.48034, 0.726169, 0.085311, 0.066877,  2,   660.84332,  23, 123314208.000000, 9.000000, 0.820247, 0.106366, 0.235064, 0.725623
SIcTTVLELLDK, Yes, 1.10559, 0.839941, 0.062395, 0.161724,  2,   696.37616,  14, 145546304.000000, 9.000000, 0.564808, 0.719577, 0.000000, 2.493070
YLAEVAcGDDRK, Yes, 21.90196, 0.851101, 0.066114, 0.481349,  2,   698.82990,  24, 8173201.000000, 9.000000, 0.476800, 894480064.000000, 20.442682, 23.361238
AVTEQGAELSNEER, Yes, 0.56074, 0.980521, 0.022030, 0.136361,  2,   766.86297,  39, 267963840.000000, 9.000000, 0.968022, 0.052717, 0.439178, 0.682308
QTIENSQGAYQEAFDISK, Yes, 0.20886, 0.992029, 0.046696, 0.180366,  2,  1014.97907,  42, 7026619.000000, 6.000000, 0.570129, 0.078337, 0.007487, 0.410232
TAFDEAIAELDTLNEDSYK, Yes, 0.58092, 0.970743, 0.022832, 0.291762,  2,  1072.99712,  37, 9494909.000000, 6.000000, 0.948075, 0.103736, 0.314254, 0.847577
TAFDEAIAELDTLNEDSYK, Yes, 0.57117, 0.918681, 0.036773, 0.140439,  3,   715.66717,  37, 6655874.000000, 8.000000, 0.831846, 0.129886, 0.264042, 0.878307
KQTIENSQGAYQEAFDISK, Yes, 0.71524, 0.768554, 0.081741, 0.145539,  2,  1079.02655,  42, 10535487.000000, 6.000000, -0.584536, 1.258372, 0.000000, 11.532087
YLAEVAcGDDR, Yes, 13.37723, 0.853197, 0.086283, 0.145115,  2,   634.78242,  24, 65042812.000000, 7.000000, -0.456063, 330341.562500, 10.831472, 15.922979
SIcTTVLELLDKYLIANATNPESK, Yes, 0.00147, 0.230367, 0.109019, 0.143537,  3,   898.47371,  38, 22385000.000000, 9.000000, 0.000251, 0.018735, 0.000000, 4.945923


MeanRateConst/CorrCutOff, 0.480423, 0.900000


MedianRateConst/RMSSCutOff, 0.571174, 0.050000
StandDev/NumberPeptides, 0.081510, 4
TotalIonCurrent, 3.44468e+10
