Peptides, PeptideUnique, RateConstants, Correlations, RootMeanRSS, AbsoluteIsotopeError, Charge, m/z(Sequence), NEH, Abundance, NDP, Rsquared,sigma,CI lower band, CI upper band
FSMGSAVAGMLK, Yes, 0.72912, 0.929515, 0.030577, 0.017296,  2,   599.80157,  21, 63824868.000000, 9.000000, 0.689969, 0.237107, 0.182355, 1.275894
NLSEFGLIQEK, Yes, 0.24529, 0.675952, 0.119078, 0.075363,  2,   639.34042,  21, 130115312.000000, 9.000000, -0.298324, 0.104323, 0.004716, 0.485855
SGNVTTVMETIGR, Yes, 0.21987, 0.963799, 0.020752, 0.055839,  2,   682.84556,  19, 87019688.000000, 9.000000, 0.811081, 0.037674, 0.132992, 0.306746
LFIALTGLQHAGR, Yes, 0.19731, 0.976018, 0.019345, 0.105878,  3,   466.27350,  25, 38842736.000000, 8.000000, 0.946741, 0.020074, 0.149837, 0.244774
VPVENVLGEVGGGFK, Yes, 0.20667, 0.947423, 0.048032, 0.043944,  2,   750.90648,  24, 149961152.000000, 9.000000, 0.478496, 0.052377, 0.085890, 0.327453
VWITNGGLANIFTVFAK, Yes, 0.10581, 0.838699, 0.042094, 0.248369,  2,   926.01181,  21, 20527440.000000, 9.000000, -0.459954, 0.036212, 0.022303, 0.189311
GIILVGNEEQK, Yes, 0.49344, 0.558178, 0.141779, 0.931759,  2,   600.33514,  21, 117573832.000000, 9.000000, -1.176760, 0.357182, 0.000000, 3.137500
VFSSEAAWQcVSEALQILGGSGYMK, Yes, 0.01672, 0.322286, 0.068343, 0.062613,  3,   906.76825,  51, 1400043.625000, 9.000000, -0.143825, 0.016272, 0.000000, 4.476377


MeanRateConst/CorrCutOff, 0.338242, 0.900000


MedianRateConst/RMSSCutOff, 0.219869, 0.050000
StandDev/NumberPeptides, 0.040133, 4
TotalIonCurrent, 2.44536e+10
