Peptides, PeptideUnique, RateConstants, Correlations, RootMeanRSS, AbsoluteIsotopeError, Charge, m/z(Sequence), NEH, Abundance, NDP, Rsquared,sigma,CI lower band, CI upper band
VTLVSAAPEK, Yes, 0.74069, 0.951647, 0.035644, 0.072146,  2,   507.79513,  19, 380127040.000000, 6.000000, 0.879900, 0.216068, 0.185267, 1.296110
TLAFASVDLTNK, Yes, 0.04119, 0.870022, 0.076053, 0.283863,  2,   640.34826,  17, 203134032.000000, 7.000000, 0.270810, 0.039710, 0.000000, 4.330134
GAPGVSVDMNITYMSPAK, Yes, 40.79549, 0.448396, 0.157930, 0.142902,  2,   919.44478,  31, 111067376.000000, 8.000000, -27.341793, 0.000000, 40.795494, 40.795494
LGTLHGGLTATLVDSISTMALMcTER, Yes, 12.20800, 0.612833, 0.073767, 0.125874,  3,   916.79581,  40, 34411752.000000, 8.000000, -1.295554, 110606.148438, 9.730516, 14.685486
GAPGVSVDmNITYMSPAK, Yes, 0.00356, -0.090529, 0.092703, 0.391563,  2,   927.44224,  31, 8327195.000000, 7.000000, -0.057104, 0.018891, 0.000000, 4.696063


MeanRateConst/CorrCutOff, 0.740689, 0.900000


MedianRateConst/RMSSCutOff, 0.740689, 0.050000
StandDev/NumberPeptides, 0.216068, 1
TotalIonCurrent, 2.18067e+10
