Peptides, PeptideUnique, RateConstants, Correlations, RootMeanRSS, AbsoluteIsotopeError, Charge, m/z(Sequence), NEH, Abundance, NDP, Rsquared,sigma,CI lower band, CI upper band
VEAFDcQEWAEGQGR, Yes, 0.52593, 0.970224, 0.023831, 0.175437,  2,   891.38103,  39, 43042688.000000, 9.000000, 0.939773, 0.066663, 0.372203, 0.679651
LVGSPAHIAYHLLSDLTK, Yes, 0.65922, 0.963007, 0.020581, 0.068611,  4,   484.52291,  30, 23380768.000000, 9.000000, 0.705505, 0.197125, 0.204648, 1.113789
HINSAFLIYNAVDDQEK, Yes, 13.09221, 0.452400, 0.138334, 0.157502,  2,   988.98924,  33, 10736614.000000, 7.000000, -1.950472, 415888.312500, 9.002821, 17.181599
SVVLPSVPSSPQYIR, Yes, 0.50747, 0.981817, 0.020333, 0.055221,  2,   814.95395,  29, 84964216.000000, 9.000000, 0.925386, 0.065939, 0.355412, 0.659524
LVGSPAHIAYHLLSDLTK, Yes, 0.37076, 0.965817, 0.038006, 0.617933,  3,   645.69479,  30, 25139988.000000, 8.000000, 0.767736, 0.071501, 0.201683, 0.539831
SIEEAAAScIK, Yes, 0.88898, 0.969598, 0.029091, 0.073868,  2,   589.78970,  29, 71272608.000000, 9.000000, 0.817417, 0.249942, 0.312614, 1.465350
LQHENTFNNIMK, Yes, 0.63159, 0.932697, 0.084223, 0.572701,  2,   744.86681,  20, 48102960.000000, 8.000000, 0.589541, 0.378510, 0.000000, 1.901349
GSLSNTNVEALK, Yes, 0.69693, 0.743213, 0.108898, 0.863617,  2,   616.82768,  21, 38386752.000000, 8.000000, -0.437387, 0.391137, 0.000000, 3.420982


MeanRateConst/CorrCutOff, 0.515843, 0.900000


MedianRateConst/RMSSCutOff, 0.525927, 0.050000
StandDev/NumberPeptides, 0.081259, 4
TotalIonCurrent, 1.38593e+10
