Peptides, PeptideUnique, RateConstants, Correlations, RootMeanRSS, AbsoluteIsotopeError, Charge, m/z(Sequence), NEH, Abundance, NDP, Rsquared,sigma,CI lower band, CI upper band
AQYYLPDGSTIEIGPSR, Yes, 17.91358, 0.964790, 0.027859, 0.852593,  2,   933.96524,  35, 30326718.000000, 5.000000, 0.949014, 6555139.000000, 16.112293, 19.714874
AcYLSINPQKDETLETEK, Yes, 0.33552, 0.953101, 0.041630, 0.165853,  2,  1070.01733,  34, 10509286.000000, 5.000000, 0.606959, 0.112577, 0.022959, 0.648085
DQLQTFSEEHPVLLTEAPLNPR, Yes, 0.06144, 0.812540, 0.167130, 0.265512,  2,  1267.64790,  47, 22756952.000000, 8.000000, 0.244090, 0.085206, 0.000000, 5.956579
DQLQTFSEEHPVLLTEAPLNPR, Yes, 0.25896, 0.959555, 0.035167, 0.059114,  3,   845.43436,  47, 29887878.000000, 7.000000, 0.752758, 0.063238, 0.104219, 0.413694
TLFSNIVLSGGSTLFK, Yes, 0.67554, -2.000000, 0.185079, 0.490345,  2,   842.46944,  18, 8505334.000000, 1.000000, 0.000000, inf, 0.675537, 0.675537
TTGVVLDSGDGVTHAVPIYEGFAMPHSIMR, Yes, 0.67532, -2.000000, 0.129211, 0.652498,  4,   790.14160,  51, 476454.687500, 1.000000, 0.000000, inf, 0.675318, 0.675318


MeanRateConst/CorrCutOff, 6.169354, 0.900000


MedianRateConst/RMSSCutOff, 0.335522, 0.050000
StandDev/NumberPeptides, 0.121476, 3
TotalIonCurrent, 4.90218e+09
