Peptides, PeptideUnique, RateConstants, Correlations, RootMeanRSS, AbsoluteIsotopeError, Charge, m/z(Sequence), NEH, Abundance, NDP, Rsquared,sigma,CI lower band, CI upper band
ADATNVNNWHWTER, Yes, 0.44522, 0.898969, 0.054221, 0.096132,  2,   857.39004,  26, 25384198.000000, 8.000000, 0.072089, 0.209916, 0.000000, 2.344184
FHMVDGNVTGEFTDLVPEK, Yes, 1.08490, 0.977920, 0.035548, 0.190380,  3,   712.34199,  28, 42881484.000000, 8.000000, 0.834321, 0.393701, 0.153948, 2.015860
VFTTQELVQAFTHAPAALEADR, Yes, 0.66709, 0.991833, 0.008831, 0.139936,  3,   805.74828,  50, 48343852.000000, 7.000000, 0.986142, 0.047672, 0.550437, 0.783737
VFTTQELVQAFTHAPAALEADR, Yes, 0.40957, 0.963441, 0.028526, 0.136646,  2,  1208.11879,  50, 6618980.000000, 6.000000, 0.770011, 0.087687, 0.184164, 0.634976


MeanRateConst/CorrCutOff, 0.720520, 0.900000


MedianRateConst/RMSSCutOff, 0.667087, 0.050000
StandDev/NumberPeptides, 0.085909, 3
TotalIonCurrent, 9.26338e+09
