Peptides, PeptideUnique, RateConstants, Correlations, RootMeanRSS, AbsoluteIsotopeError, Charge, m/z(Sequence), NEH, Abundance, NDP, Rsquared,sigma,CI lower band, CI upper band
SPAQILIR, Yes, 0.20369, 0.991512, 0.022458, 0.045505,  2,   449.27944,  19, 2131763712.000000, 9.000000, 0.926070, 0.021571, 0.153948, 0.253435
NLGVSNFNHEQLER, Yes, 0.49532, 0.970678, 0.032898, 0.314442,  3,   552.94113,  30, 44972908.000000, 8.000000, 0.291670, 0.280624, 0.000000, 2.152382
NLGVSNFNHEQLER, Yes, 0.44198, 0.642279, 0.097156, 0.121066,  2,   828.90806,  30, 88861984.000000, 9.000000, -0.980090, 0.252474, 0.000000, 2.834504
NVSVTAYRPLGGSGGGFHLMDDTVIR, Yes, 0.07796, 0.427220, 0.142513, 0.271274,  3,   907.12555,  43, 14106980.000000, 8.000000, 0.002031, 0.099932, 0.000000, 3.974896
VRPITNQIEcHPYLNQK, Yes, 0.33015, 0.764800, 0.046813, 0.152031,  3,   704.03358,  33, 22584448.000000, 8.000000, -0.066782, 0.221669, 0.000000, 2.935524


MeanRateConst/CorrCutOff, 0.349508, 0.900000


MedianRateConst/RMSSCutOff, 0.495324, 0.050000
StandDev/NumberPeptides, 0.040063, 2
TotalIonCurrent, 8.28883e+10
