Peptides, PeptideUnique, RateConstants, Correlations, RootMeanRSS, AbsoluteIsotopeError, Charge, m/z(Sequence), NEH, Abundance, NDP, Rsquared,sigma,CI lower band, CI upper band
SEMTDDLVTDAR, Yes, 0.20918, 0.947579, 0.030516, 0.087424,  2,   676.80356,  22, 57746540.000000, 9.000000, 0.875275, 0.034064, 0.130630, 0.287733
HRDDTTPAAAPAPQGLEHGK, Yes, 0.21453, 0.855308, 0.155885, 0.090670,  2,  1035.01158,  50, 2121626.750000, 4.000000, -1.282596, 0.165107, 0.000000, 4.826487
HRDDTTPAAAPAPQGLEHGK, Yes, 0.18479, 0.980212, 0.020470, 0.344104,  4,   518.00943,  50, 56475736.000000, 8.000000, 0.928331, 0.017784, 0.142742, 0.226847
FYPcEEcAEDIR, Yes, 0.14932, 0.990585, 0.016224, 0.214211,  2,   794.82396,  28, 37914156.000000, 4.000000, 0.939251, 0.033877, 0.041513, 0.257137
HRDDTTPAAAPAPQGLEHGK, Yes, 0.22422, 0.897105, 0.044230, 0.128983,  3,   690.34348,  50, 11736508.000000, 9.000000, 0.621571, 0.052817, 0.102425, 0.346019


MeanRateConst/CorrCutOff, 0.181100, 0.900000


MedianRateConst/RMSSCutOff, 0.184795, 0.050000
StandDev/NumberPeptides, 0.026063, 3
TotalIonCurrent, 7.94424e+09
