Peptides, PeptideUnique, RateConstants, Correlations, RootMeanRSS, AbsoluteIsotopeError, Charge, m/z(Sequence), NEH, Abundance, NDP, Rsquared,sigma,CI lower band, CI upper band
WVDVGGAYVGPTQNR, Yes, 0.54094, 0.674573, 0.132541, 0.160939,  2,   809.90227,  26, 31285574.000000, 9.000000, -3.733620, 0.433589, 0.000000, 3.347879
DVPALEITHTFLER, Yes, 0.26627, 0.920823, 0.083437, 0.109792,  2,   820.93576,  26, 46563148.000000, 9.000000, -0.295100, 0.100024, 0.035611, 0.496921
DVPALEITHTFLER, Yes, 0.29168, 0.947582, 0.031851, 0.069837,  3,   547.62626,  26, 29065836.000000, 8.000000, 0.850568, 0.046141, 0.182575, 0.400785
ELGIETYK, Yes, 0.28164, 0.872063, 0.041881, 0.033924,  2,   476.75292,  12, 507777984.000000, 9.000000, 0.611328, 0.082146, 0.092216, 0.471072
INVLVLEAR, Yes, 0.31453, 0.893712, 0.081056, 0.553668,  2,   513.81893,  16, 10465275.000000, 8.000000, 0.566401, 0.119842, 0.031144, 0.597908
VLGSQEALSPVHYEEK, Yes, 0.04586, 0.955334, 0.044993, 0.272993,  2,   893.45450,  35, 3639780.000000, 6.000000, 0.627478, 0.019953, 0.000000, 3.162952
GAFPPVWNPLAYLDYNNLWR, Yes, 1.33429, 0.412158, 0.119627, 0.601422,  2,  1203.60511,  32, 4141571.750000, 9.000000, -15.594152, 2.625844, 0.000000, 4.814277


MeanRateConst/CorrCutOff, 0.168771, 0.900000


MedianRateConst/RMSSCutOff, 0.291680, 0.050000
StandDev/NumberPeptides, 0.027858, 2
TotalIonCurrent, 9.84195e+09
