Peptides, PeptideUnique, RateConstants, Correlations, RootMeanRSS, AbsoluteIsotopeError, Charge, m/z(Sequence), NEH, Abundance, NDP, Rsquared,sigma,CI lower band, CI upper band
DGIWKPTLVILR, Yes, 0.10448, 0.954264, 0.015451, 0.036435,  3,   470.95376,  14, 49286620.000000, 9.000000, 0.904672, 0.012488, 0.075683, 0.133278
EVDEKPASTPWGSK, Yes, 0.28816, 0.886458, 0.069718, 0.041207,  2,   765.87536,  28, 23859286.000000, 9.000000, 0.350490, 0.086817, 0.087955, 0.488356
LAWVSHDSTVSVADASK, Yes, 0.05997, 0.595682, 0.123358, 0.199706,  2,   886.94432,  32, 12875243.000000, 8.000000, -0.221810, 0.035023, 0.000000, 3.882130
TQIALSPNNHEVHIYK, Yes, 0.07265, 0.806408, 0.132523, 0.224838,  2,   932.48921,  30, 13600389.000000, 6.000000, -0.238183, 0.034536, 0.000000, 3.856049
STVLSLDWHPNNVLLAAGScDFK, No, 0.04386, 0.939199, 0.037201, 0.288833,  2,  1272.63121,  37, 24488960.000000, 9.000000, 0.655959, 0.014588, 0.010216, 0.077496
MPFGQLMSEFGGSGTGGWVHGVSFSASGNR, Yes, 0.24616, 0.835645, 0.042711, 0.157745,  3,  1015.46413,  57, 24416222.000000, 9.000000, -4.666267, 0.142876, 0.000000, 3.503205


MeanRateConst/CorrCutOff, 0.074168, 0.900000


MedianRateConst/RMSSCutOff, 0.104480, 0.050000
StandDev/NumberPeptides, 0.013457, 2
TotalIonCurrent, 8.56233e+09
