Peptides, PeptideUnique, RateConstants, Correlations, RootMeanRSS, AbsoluteIsotopeError, Charge, m/z(Sequence), NEH, Abundance, NDP, Rsquared,sigma,CI lower band, CI upper band
EVTVEcHIAGTR, Yes, 20.05834, 0.883396, 0.049351, 0.178528,  3,   457.89436,  24, 40418388.000000, 8.000000, 0.706133, 106075432.000000, 18.889500, 21.227188
EVTVEcHIAGTR, Yes, 0.38983, 0.944504, 0.068885, 0.333331,  2,   686.33790,  24, 11645342.000000, 9.000000, 0.197849, 0.129725, 0.090682, 0.688975
IIDLIPDGYPQIScLPK, Yes, 0.01274, 0.588291, 0.119755, 0.067074,  2,   971.52134,  27, 89202472.000000, 8.000000, -0.082127, 0.026165, 0.000000, 4.949652
AcQFPVSLLEEcSGVTDANFGYSK, Yes, 0.00548, 0.684811, 0.023844, 0.432526,  2,  1340.10691,  45, 20085544.000000, 8.000000, 0.154342, 0.009852, 0.000000, 4.156746


MeanRateConst/CorrCutOff, 0.005481, 0.900000


MedianRateConst/RMSSCutOff, 0.005481, 0.050000
StandDev/NumberPeptides, 0.009852, 1
TotalIonCurrent, 4.38684e+09
