Peptides, PeptideUnique, RateConstants, Correlations, RootMeanRSS, AbsoluteIsotopeError, Charge, m/z(Sequence), NEH, Abundance, NDP, Rsquared,sigma,CI lower band, CI upper band
YDDDTVLVSLLK, Yes, 1.31659, 0.887751, 0.041422, 0.015756,  2,   690.86648,  12, 27891152.000000, 9.000000, 0.508703, 1.119382, 0.000000, 2.956140
LPEMAFSPDcPK, Yes, 0.50503, 0.956479, 0.026815, 0.167204,  2,   696.32033,  24, 61998608.000000, 9.000000, 0.912031, 0.076443, 0.328756, 0.681310
LVPTLDLDKVVSVK, Yes, 0.56494, 0.962691, 0.019658, 0.135114,  3,   509.31151,  14, 6917051.000000, 7.000000, 0.714907, 0.225350, 0.013524, 1.116347
LLLEQSANEIWEAIK, Yes, 0.99211, 0.663582, 0.108846, 0.087366,  2,   878.97760,  32, 11776350.000000, 8.000000, -1.458122, 1.289821, 0.000000, 6.740875
LGcYFcNDVVAPGDSTR, Yes, 1.13241, 0.969926, 0.029641, 0.135756,  2,   965.92476,  28, 11199539.000000, 5.000000, 0.913919, 0.347131, 0.168617, 2.096200
GYYYNGDSAGLPTR, Yes, 0.96136, 0.465851, 0.162468, 0.466534,  2,   767.35206,  24, 67126512.000000, 6.000000, -3.475167, 1.937958, 0.000000, 10.665752


MeanRateConst/CorrCutOff, 0.734126, 0.900000


MedianRateConst/RMSSCutOff, 0.564936, 0.050000
StandDev/NumberPeptides, 0.147059, 3
TotalIonCurrent, 7.13656e+09
