Peptides, PeptideUnique, RateConstants, Correlations, RootMeanRSS, AbsoluteIsotopeError, Charge, m/z(Sequence), NEH, Abundance, NDP, Rsquared,sigma,CI lower band, CI upper band
AGLTDQVSHHAR, Yes, 0.94123, 0.861980, 0.063589, 0.045044,  3,   431.22158,  29, 16203360.000000, 8.000000, 0.393967, 0.571792, 0.000000, 4.301419
DWSYPYEHSYGLEGGK, Yes, 0.76433, 0.948885, 0.021999, 0.242127,  2,   944.41284,  29, 7874433.500000, 6.000000, -0.605448, 0.518671, 0.000000, 5.904150
SMEQVcGGDKPYIAPSDLER, Yes, 11.96976, 0.438262, 0.140369, 0.109219,  2,  1126.51973,  43, 19426420.000000, 8.000000, -3.463513, 127337.828125, 8.414985, 15.524539
NLVPLLLAPENLVEK, Yes, 0.61966, 0.989320, 0.013332, 0.042642,  2,   831.49544,  25, 65328584.000000, 7.000000, 0.976356, 0.064439, 0.461980, 0.777335
SMEQVcGGDKPYIAPSDLER, Yes, 0.02346, 0.591211, 0.111258, 0.128785,  3,   751.34891,  43, 91734248.000000, 9.000000, -0.034754, 0.020120, 0.000000, 4.428444
LKDIDEDFKR, Yes, 19.04350, 0.775088, 0.133537, 0.816328,  3,   426.89446,  16, 17064496.000000, 9.000000, 0.228515, 95042472.000000, 16.366800, 21.720198
IYQGEELPHPK, Yes, 0.98759, 0.967081, 0.025856, 0.705620,  3,   437.56282,  24, 47185648.000000, 9.000000, 0.818685, 0.261330, 0.384957, 1.590213


MeanRateConst/CorrCutOff, 0.790523, 0.900000


MedianRateConst/RMSSCutOff, 0.764327, 0.050000
StandDev/NumberPeptides, 0.141024, 3
TotalIonCurrent, 7.67659e+09
