Peptides, PeptideUnique, RateConstants, Correlations, RootMeanRSS, AbsoluteIsotopeError, Charge, m/z(Sequence), NEH, Abundance, NDP, Rsquared,sigma,CI lower band, CI upper band
GAAEDGDKLDIGNTEMK, Yes, 0.44915, 0.989621, 0.019437, 0.033787,  2,   882.40944,  33, 56472160.000000, 9.000000, 0.962633, 0.044649, 0.346189, 0.552111
VNLQNNPGAMEHFHMK, Yes, 0.33324, 0.959611, 0.045078, 0.094231,  2,   933.94052,  32, 51322304.000000, 9.000000, 0.506938, 0.082312, 0.143428, 0.523051
KGAAEDGDKLDIGNTEMK, Yes, 0.38366, 0.950577, 0.029192, 0.079724,  2,   946.45691,  34, 7525989.500000, 8.000000, 0.779320, 0.093116, 0.163476, 0.603844
KGAAEDGDKLDIGNTEMK, Yes, 0.62740, 0.838532, 0.109419, 0.036895,  3,   631.30704,  34, 26716094.000000, 7.000000, -0.725590, 1.311819, 0.000000, 6.449806
GAAEDGDKLDIGNTEMKLEENK, Yes, 0.21113, 0.997803, 0.027549, 0.375006,  2,  1189.06299,  44, 17552180.000000, 4.000000, 0.616172, 0.093522, 0.000000, 3.572212
GAAEDGDKLDIGNTEMKLEENK, Yes, 0.74445, 0.979626, 0.019103, 0.030098,  3,   793.04442,  44, 179549104.000000, 7.000000, 0.910027, 0.129231, 0.428229, 1.060665
VNLQNNPGAMEHFHMK, Yes, 0.35925, 0.979495, 0.015507, 0.047929,  4,   467.47390,  32, 480906528.000000, 9.000000, 0.955997, 0.034656, 0.279331, 0.439164
VNLQNNPGAMEHFHMK, Yes, 0.53561, 0.766524, 0.074687, 0.125865,  3,   622.96277,  32, 75724616.000000, 8.000000, -0.596832, 0.324442, 0.000000, 2.291147
GAAEDGDKLDIGNTEMK, Yes, 0.45489, 0.897181, 0.060365, 0.287275,  3,   588.60872,  33, 38777912.000000, 7.000000, 0.671430, 0.147582, 0.093769, 0.816011
GAAEDGDKLDIGNTEMKLEENK, Yes, 0.24633, 0.925254, 0.041133, 0.342996,  4,   595.03513,  44, 26984200.000000, 8.000000, 0.687261, 0.073906, 0.071571, 0.421092


MeanRateConst/CorrCutOff, 0.330459, 0.900000


MedianRateConst/RMSSCutOff, 0.359247, 0.050000
StandDev/NumberPeptides, 0.060998, 6
TotalIonCurrent, 5.47553e+10
