Peptides, PeptideUnique, RateConstants, Correlations, RootMeanRSS, AbsoluteIsotopeError, Charge, m/z(Sequence), NEH, Abundance, NDP, Rsquared,sigma,CI lower band, CI upper band
SEINVEGPPR, Yes, 0.43709, 0.967464, 0.035693, 0.010505,  2,   549.28291,  24, 231776800.000000, 9.000000, 0.944249, 0.045464, 0.332251, 0.541931
VLQEDTLPDLHTK, Yes, 0.68637, 0.987623, 0.047730, 0.246038,  3,   503.60335,  20, 220701728.000000, 9.000000, 0.759668, 0.231257, 0.153085, 1.219646
VLQEDTLPDLHTK, Yes, 0.42354, 0.988239, 0.030356, 0.043087,  2,   754.90139,  20, 90889216.000000, 8.000000, 0.905943, 0.075291, 0.245500, 0.601572
SGEYScIFLPEPVGR, Yes, 0.58461, 0.993751, 0.011122, 0.019317,  2,   855.91143,  30, 140791184.000000, 8.000000, 0.982696, 0.049212, 0.468239, 0.700973
RKPDQTLDEDDPGAAPLK, Yes, 0.00082, 0.158439, 0.034012, 0.333055,  2,   983.49743,  39, 29678254.000000, 6.000000, -0.784703, 0.022638, 0.000000, 5.197526
RKPDQTLDEDDPGAAPLK, Yes, 1.87573, 0.494685, 0.135080, 0.155569,  3,   656.00071,  39, 156999072.000000, 9.000000, -2.212911, 3.837715, 0.000000, 4.519668
KPDQTLDEDDPGAAPLK, Yes, 0.22148, 0.656882, 0.073989, 0.080405,  2,   905.44688,  35, 3988946.000000, 8.000000, 0.290974, 0.092524, 0.002694, 0.440265


MeanRateConst/CorrCutOff, 0.532900, 0.900000


MedianRateConst/RMSSCutOff, 0.437091, 0.050000
StandDev/NumberPeptides, 0.066754, 4
TotalIonCurrent, 4.42337e+10
