Peptides, PeptideUnique, RateConstants, Correlations, RootMeanRSS, AbsoluteIsotopeError, Charge, m/z(Sequence), NEH, Abundance, NDP, Rsquared,sigma,CI lower band, CI upper band
AKLEQALSPEVLELR, Yes, 0.36314, 0.950981, 0.040303, 0.060327,  3,   565.99282,  35, 20611578.000000, 6.000000, 0.394433, 0.199696, 0.000000, 2.298375
AKLEQALSPEVLELR, Yes, 0.74214, 0.999892, 0.017725, 0.193825,  2,   848.48559,  35, 6804002.500000, 4.000000, 0.981821, 0.104184, 0.410583, 1.073704
NESGGHAVPAGSETHFR, Yes, 0.66486, 0.966601, 0.038900, 0.057765,  4,   438.95667,  42, 34497228.000000, 6.000000, 0.011677, 0.630862, 0.000000, 3.133857
LVHEALSEELAGPVHALAIQAK, Yes, 0.73383, 0.997484, 0.022125, 0.091554,  4,   574.82194,  53, 24684770.000000, 5.000000, 0.906363, 0.180565, 0.232504, 1.235160


MeanRateConst/CorrCutOff, 0.625994, 0.900000


MedianRateConst/RMSSCutOff, 0.733832, 0.050000
StandDev/NumberPeptides, 0.184083, 4
TotalIonCurrent, 2.6145e+09
