Peptides, PeptideUnique, RateConstants, Correlations, RootMeanRSS, AbsoluteIsotopeError, Charge, m/z(Sequence), NEH, Abundance, NDP, Rsquared,sigma,CI lower band, CI upper band
SLcLGPTLIYSAK, Yes, 0.17177, 0.968013, 0.026323, 0.203228,  2,   711.88669,  19, 257812064.000000, 8.000000, 0.788937, 0.037632, 0.082788, 0.260758
WSLPMALSVcHR, Yes, 0.12609, 0.897053, 0.088835, 1.362645,  2,   728.86303,  22, 126367048.000000, 6.000000, 0.424600, 0.085790, 0.000000, 1.196134
FVLVFPLMYHSLNGIR, Yes, 0.17409, 0.979822, 0.021310, 0.049743,  3,   636.01844,  21, 124608312.000000, 9.000000, 0.705013, 0.033687, 0.096409, 0.251773
FVLVFPLmYHSLNGIR, Yes, 0.41819, 0.962495, 0.026494, 0.097087,  3,   641.35008,  21, 61968260.000000, 8.000000, 0.264250, 0.148146, 0.067880, 0.768497
HLLWDLGK, Yes, 0.14601, 0.667034, 0.064365, 0.066645,  2,   491.27945,  9, 386266848.000000, 9.000000, -0.053771, 0.116074, 0.000000, 2.515632
FVLVFPLMYHSLNGIR, Yes, 0.33848, 0.865521, 0.060629, 0.061132,  2,   953.52402,  21, 84946024.000000, 7.000000, -1.238567, 0.220329, 0.000000, 3.036010
NTSSNRPLSPHLTIYK, Yes, 0.04607, 0.991937, 0.012653, 0.149689,  2,   914.48921,  26, 135918048.000000, 7.000000, 0.591016, 0.017490, 0.003275, 0.088868
WSLPMALSVcHR, Yes, 0.11267, 0.966517, 0.019555, 0.041314,  3,   486.24444,  22, 189309504.000000, 8.000000, 0.900972, 0.014515, 0.078344, 0.146991
NTSSNRPLSPHLTIYK, Yes, 0.19379, 0.963230, 0.031291, 0.122949,  3,   609.99523,  26, 219769696.000000, 8.000000, 0.575342, 0.039272, 0.100927, 0.286652


MeanRateConst/CorrCutOff, 0.163080, 0.900000


MedianRateConst/RMSSCutOff, 0.171773, 0.050000
StandDev/NumberPeptides, 0.026558, 4
TotalIonCurrent, 8.77345e+10
