Peptides, PeptideUnique, RateConstants, Correlations, RootMeanRSS, AbsoluteIsotopeError, Charge, m/z(Sequence), NEH, Abundance, NDP, Rsquared,sigma,CI lower band, CI upper band
AIINLAVYGK, Yes, 0.14673, 0.972770, 0.078255, 0.085950,  2,   531.32130,  16, 123094624.000000, 6.000000, 0.530867, 0.082479, 0.000000, 2.006184
GEESAVMLEPR, Yes, 0.22806, 0.965659, 0.040239, 0.028252,  2,   609.29516,  28, 227406608.000000, 9.000000, 0.459264, 0.064932, 0.078323, 0.377791
VGAVASLIQSVASFSIYSPHTGIQK, Yes, 0.36632, 0.973131, 0.042653, 0.065135,  3,   854.13051,  49, 25298626.000000, 9.000000, -0.608164, 0.139920, 0.043661, 0.688974
AIQIMYQNLQQDGLENVHLEQVR, Yes, 0.10795, 0.902221, 0.020345, 0.193437,  2,  1370.19776,  52, 10605115.000000, 5.000000, 0.517353, 0.039067, 0.000000, 3.892503
AIQIMYQNLQQDGLENVHLEQVR, Yes, 0.19218, 0.958837, 0.023675, 0.068825,  3,   913.80093,  52, 82934096.000000, 9.000000, 0.736821, 0.036084, 0.108966, 0.275387
IIVYNQPYTGYEK, Yes, 0.22132, 0.985987, 0.017431, 0.440000,  2,   794.40629,  19, 107108960.000000, 9.000000, 0.877781, 0.029126, 0.154151, 0.288482


MeanRateConst/CorrCutOff, 0.187374, 0.900000


MedianRateConst/RMSSCutOff, 0.221317, 0.050000
StandDev/NumberPeptides, 0.038818, 4
TotalIonCurrent, 2.22803e+10
