Peptides, PeptideUnique, RateConstants, Correlations, RootMeanRSS, AbsoluteIsotopeError, Charge, m/z(Sequence), NEH, Abundance, NDP, Rsquared,sigma,CI lower band, CI upper band
AMHQAQTMEGcSSPMVVK, Yes, 0.31509, 0.966624, 0.100873, 0.326559,  2,   996.44393,  39, 25256966.000000, 7.000000, -1.843592, 0.162996, 0.000000, 3.110275
KAALEAQNALHNMK, Yes, 2.08861, 0.799876, 0.116043, 0.347356,  3,   513.60842,  33, 130172112.000000, 7.000000, -1.662345, 4.557929, 0.000000, 4.774838
AMHQAQTMEGcSSPMVVK, Yes, 0.44090, 0.993945, 0.045493, 0.101711,  3,   664.63171,  39, 76148080.000000, 4.000000, 0.566616, 0.234857, 0.000000, 2.402603


MeanRateConst/CorrCutOff, 0.948199, 0.900000


MedianRateConst/RMSSCutOff, 0.440896, 0.050000
StandDev/NumberPeptides, 0.282688, 1
TotalIonCurrent, 6.67199e+09
