Peptides, PeptideUnique, RateConstants, Correlations, RootMeanRSS, AbsoluteIsotopeError, Charge, m/z(Sequence), NEH, Abundance, NDP, Rsquared,sigma,CI lower band, CI upper band
QAQNIVTLATSIK, Yes, 0.04403, 0.714468, 0.153569, 0.123842,  2,   693.90118,  24, 195310080.000000, 9.000000, -0.480661, 0.039101, 0.000000, 4.161448
VDcAVLDcEDGVAENK, Yes, 0.08397, 0.974174, 0.031942, 0.074558,  2,   897.38766,  31, 46512044.000000, 9.000000, 0.794651, 0.018802, 0.040612, 0.127329
QVIHPNQIAVVQEQFTPTPEK, Yes, 0.06958, 0.933700, 0.054668, 0.158844,  2,  1202.13698,  45, 20290656.000000, 8.000000, 0.541664, 0.016613, 0.030299, 0.108867
QVIHPNQIAVVQEQFTPTPEK, Yes, 0.20098, 0.992715, 0.023403, 0.084545,  3,   801.76041,  45, 159294592.000000, 7.000000, 0.728784, 0.035446, 0.114249, 0.287716
VLPSSLMLPK, Yes, 0.02628, 0.780456, 0.069925, 0.179905,  2,   542.82537,  14, 373546208.000000, 5.000000, -0.409916, 0.041956, 0.000000, 1.171128
TLEDFDLGTTEK, Yes, 14.67731, 0.616411, 0.080008, 0.033235,  2,   684.83010,  16, 266271696.000000, 9.000000, -0.164573, 888556.562500, 13.035931, 16.318686
ASIGATSNKDTQDILYAR, Yes, 0.84144, -0.078350, 0.067190, 0.058909,  3,   641.99719,  36, 184152112.000000, 8.000000, -7.401368, 1.535932, 0.000000, 10.730220
KLEQPmNLIPFVETAMGLLNFK, Yes, 14.60279, 0.844171, 0.095169, 0.146391,  3,   850.45505,  34, 6322868.000000, 9.000000, -20.071894, 1454087.375000, 11.892408, 17.313166
ASIGATSNKDTQDILYAR, Yes, 0.07184, 0.814512, 0.077622, 0.104818,  2,   962.49215,  36, 50617544.000000, 9.000000, 0.122944, 0.035293, 0.000000, 3.207511
VDcAVLDcEDGVAENKK, Yes, 0.13968, 0.983128, 0.017408, 0.375135,  3,   641.29252,  32, 17968800.000000, 9.000000, 0.897313, 0.019225, 0.095347, 0.184013


MeanRateConst/CorrCutOff, 0.141544, 0.900000


MedianRateConst/RMSSCutOff, 0.139680, 0.050000
StandDev/NumberPeptides, 0.022487, 3
TotalIonCurrent, 4.24771e+10
