Peptides, PeptideUnique, RateConstants, Correlations, RootMeanRSS, AbsoluteIsotopeError, Charge, m/z(Sequence), NEH, Abundance, NDP, Rsquared,sigma,CI lower band, CI upper band
TFSGQTHGFVHR, Yes, 0.71669, 0.930306, 0.031891, 0.148970,  3,   458.56183,  21, 230839680.000000, 9.000000, 0.742163, 0.216417, 0.217633, 1.215750
TFSGQTHGFVHR, Yes, 0.31109, 0.989886, 0.026781, 0.125080,  2,   687.33911,  21, 30726242.000000, 9.000000, 0.862357, 0.048670, 0.198859, 0.423325
EDcSPADKPYIEEAR, Yes, 0.23660, 0.995441, 0.009017, 0.083127,  2,   890.39632,  38, 19994546.000000, 9.000000, 0.990524, 0.009392, 0.214946, 0.258261
EDcSPADKPYIEEAR, Yes, 0.23531, 0.982834, 0.018330, 0.025269,  3,   593.93331,  38, 61704576.000000, 8.000000, 0.962129, 0.019750, 0.188606, 0.282009
LEYGGMGHEVQVEHIK, Yes, 0.26703, 0.987599, 0.013856, 0.091168,  2,   913.44871,  32, 41601736.000000, 8.000000, 0.969754, 0.020632, 0.218246, 0.315819
REDcSPADKPYIEEAR, Yes, 0.23727, 0.998626, 0.011517, 0.100172,  3,   645.96701,  41, 33322232.000000, 7.000000, 0.984157, 0.013154, 0.205088, 0.269462
REDcSPADKPYIEEAR, Yes, 0.39916, 0.990484, 0.093495, 0.175678,  2,   968.44687,  41, 3065684.750000, 4.000000, -6.919626, 0.295862, 0.000000, 4.223103
AVIVVQDIFGWQLPNTR, Yes, 1.16150, 0.374982, 0.152268, 0.158129,  2,   978.53872,  28, 31618402.000000, 9.000000, -14.839240, 1.985585, 0.000000, 4.557082
KREDcSPADKPYIEEAR, Yes, 0.16508, 0.979641, 0.030286, 0.099593,  2,  1032.49435,  42, 8235895.000000, 6.000000, 0.836135, 0.034023, 0.077623, 0.252543
NPTLFIFAENDTVIPLEQVSTLTQK, Yes, 0.29740, 0.932734, 0.068244, 0.065499,  3,   940.16728,  40, 61116820.000000, 9.000000, -5.138138, 0.157507, 0.000000, 3.108574
KREDcSPADKPYIEEAR, Yes, 0.27344, 0.895714, 0.046710, 0.154288,  3,   688.66533,  42, 33747624.000000, 8.000000, 0.483358, 0.114162, 0.003490, 0.543390
REDcSPADKPYIEEAR, Yes, 0.54081, 0.882973, 0.047373, 0.120394,  4,   484.72708,  41, 21160164.000000, 9.000000, 0.406433, 0.173950, 0.139683, 0.941942
KREDcSPADKPYIEEAR, Yes, 0.31384, 0.995832, 0.009000, 0.027777,  4,   516.75081,  42, 206285520.000000, 9.000000, 0.990564, 0.012836, 0.284243, 0.343442
LKEHcIVNYQVK, Yes, 0.14625, 0.825570, 0.041688, 0.235961,  2,   765.90848,  18, 424428896.000000, 9.000000, 0.310923, 0.051025, 0.028584, 0.263914


MeanRateConst/CorrCutOff, 0.266859, 0.900000


MedianRateConst/RMSSCutOff, 0.237275, 0.050000
StandDev/NumberPeptides, 0.015787, 6
TotalIonCurrent, 7.0413e+10
