Peptides, PeptideUnique, RateConstants, Correlations, RootMeanRSS, AbsoluteIsotopeError, Charge, m/z(Sequence), NEH, Abundance, NDP, Rsquared,sigma,CI lower band, CI upper band
AEATTLHAAPQGAAMAVSTFR, Yes, 11.61400, 0.996105, 0.013916, 0.189591,  3,   701.02134,  52, 34453952.000000, 7.000000, 0.979731, 6241.295898, 10.491104, 12.736893
AEATTLHAAPQGAAMAVSTFR, Yes, 17.89205, 0.997316, 0.021989, 0.207242,  2,  1051.02838,  52, 6617750.500000, 4.000000, 0.948360, 6061313.000000, 16.233891, 19.550205
YGFcETADQLHILNEVPR, Yes, 0.13768, 0.588634, 0.108024, 0.032104,  2,  1081.52039,  35, 26818174.000000, 8.000000, 0.072929, 0.078639, 0.000000, 1.548816
SLPVNDSVLDVFER, Yes, 11.24420, 0.936899, 0.030003, 0.705909,  2,   795.41212,  24, 56538920.000000, 9.000000, 0.736519, 16097.792969, 9.979155, 12.509245


MeanRateConst/CorrCutOff, 13.583416, 0.900000


MedianRateConst/RMSSCutOff, 11.613998, 0.050000
StandDev/NumberPeptides, 13482.635742, 3
TotalIonCurrent, 8.09517e+09
