Peptides, PeptideUnique, RateConstants, Correlations, RootMeanRSS, AbsoluteIsotopeError, Charge, m/z(Sequence), NEH, Abundance, NDP, Rsquared,sigma,CI lower band, CI upper band
GLDPYNMLPPK, Yes, 0.21313, 0.986799, 0.019329, 0.067018,  2,   622.82081,  16, 230530288.000000, 7.000000, 0.636533, 0.057124, 0.073353, 0.352909
EDPNLVPSISNKR, Yes, 0.02185, 0.613077, 0.181496, 0.098795,  3,   490.26332,  26, 91641776.000000, 8.000000, 0.066881, 0.048792, 0.000000, 5.240256
AASGTKEDPNLVPSISNKR, Yes, 12.18644, 0.876931, 0.141480, 0.346045,  2,   992.52652,  39, 5064200.500000, 5.000000, -10.975951, 139710.234375, 8.677165, 15.695724
AASGTKEDPNLVPSISNKR, Yes, 0.11773, 0.982178, 0.017500, 0.230743,  4,   496.76690,  39, 61394260.000000, 8.000000, 0.954150, 0.010558, 0.092768, 0.142701
AASGTKEDPNLVPSISNK, Yes, 0.09851, 0.827860, 0.087777, 0.291214,  2,   914.47596,  36, 132906912.000000, 8.000000, 0.618773, 0.021908, 0.046709, 0.150316
AASGTKEDPNLVPSISNKR, Yes, 0.12343, 0.972831, 0.022673, 0.101701,  3,   662.02010,  39, 299555072.000000, 6.000000, 0.925921, 0.023728, 0.062437, 0.184425


MeanRateConst/CorrCutOff, 0.151432, 0.900000


MedianRateConst/RMSSCutOff, 0.123431, 0.050000
StandDev/NumberPeptides, 0.019435, 3
TotalIonCurrent, 1.84966e+10
