Peptides, PeptideUnique, RateConstants, Correlations, RootMeanRSS, AbsoluteIsotopeError, Charge, m/z(Sequence), NEH, Abundance, NDP, Rsquared,sigma,CI lower band, CI upper band
GTVVMIPIYPLHR, Yes, 0.37755, 0.955720, 0.036208, 0.070969,  3,   499.28664,  19, 56958120.000000, 7.000000, 0.833493, 0.094539, 0.146222, 0.608880
IWGFYEGPQPILAIMDPEIIK, Yes, 1.70513, 0.965062, 0.018308, 0.212633,  2,  1215.64251,  37, 1340747.750000, 9.000000, 0.862641, 0.578708, 0.370625, 3.039633
LAVIGVLQNFTVQPcEETQIPLK, Yes, 0.00064, 0.458115, 0.108748, 0.073655,  3,   866.47176,  41, 1081464960.000000, 9.000000, -0.456951, 0.023596, 0.000000, 6.105248


MeanRateConst/CorrCutOff, 0.694439, 0.900000


MedianRateConst/RMSSCutOff, 0.377551, 0.050000
StandDev/NumberPeptides, 0.054859, 2
TotalIonCurrent, 2.27775e+09
