Peptides, PeptideUnique, RateConstants, Correlations, RootMeanRSS, AbsoluteIsotopeError, Charge, m/z(Sequence), NEH, Abundance, NDP, Rsquared,sigma,CI lower band, CI upper band
LQDEIDAALPNK, Yes, 1.28492, 0.992034, 0.055543, 0.030949,  2,   663.84861,  26, 51277028.000000, 7.000000, 0.825736, 0.655425, 0.187967, 2.381873
VLQNFTVQPcK, Yes, 1.07790, 0.918532, 0.034319, 0.048780,  2,   667.35029,  16, 174300688.000000, 8.000000, 0.409046, 0.803765, 0.000000, 2.634090
DVISFFTTSVER, Yes, 1.55346, 0.957278, 0.054641, 0.053887,  2,   700.85646,  17, 100543400.000000, 9.000000, 0.703910, 0.961854, 0.347470, 2.759452
QPVLAITDPDIIK, Yes, 0.78556, 0.934717, 0.038183, 0.168362,  2,   711.91376,  21, 18398348.000000, 9.000000, 0.821287, 0.237453, 0.237993, 1.333130
VDFLQLMINSQNYK, Yes, 1.20978, 0.969698, 0.016477, 0.038774,  2,   856.93744,  21, 39941324.000000, 9.000000, 0.826123, 0.389968, 0.310509, 2.109045
EMFPIINQFTDVLVR, Yes, 1.77473, 0.969165, 0.017439, 0.092284,  3,   607.99044,  23, 7194033.000000, 9.000000, 0.932379, 0.506461, 0.606827, 2.942631
EMFPIINQFTDVLVR, Yes, 0.95660, 0.980053, 0.012416, 0.077400,  2,   911.48202,  23, 49392784.000000, 9.000000, 0.959745, 0.128833, 0.659511, 1.253690
LKEMFPIINQFTDVLVR, Yes, 0.60053, 0.972814, 0.017058, 0.111316,  3,   688.38345,  24, 73115208.000000, 9.000000, 0.856346, 0.111478, 0.343463, 0.857599
LGIPGPKPLPFLGTILAYQK, Yes, 0.01820, 0.513393, 0.075982, 0.037941,  3,   708.42575,  30, 176939600.000000, 9.000000, 0.009008, 0.021696, 0.000000, 4.979910
KNQDSINPYMYLPFGSGPR, Yes, 0.66910, 0.836733, 0.058895, 0.079419,  2,  1092.53075,  34, 14994688.000000, 7.000000, -0.343376, 0.494323, 0.000000, 1.538119
GTVVMIPTFALHK, Yes, 0.49772, 0.882162, 0.034643, 0.172285,  2,   707.39978,  16, 44595324.000000, 9.000000, 0.765063, 0.133775, 0.189235, 0.806206
APATYDTLLQMEYLDMVVNETLR, Yes, 11.06366, 0.673579, 0.079474, 0.523446,  2,  1343.65876,  38, 847474.187500, 7.000000, -3.691638, 36483.863281, 8.546139, 13.581184
EcYSTFTNR, Yes, 0.47426, 0.800091, 0.055317, 0.142107,  2,   589.25076,  14, 29997888.000000, 8.000000, 0.711617, 0.162687, 0.089565, 0.858951
AISISENEEWKR, Yes, 13.53393, 0.796554, 0.185152, 0.273541,  2,   731.37023,  29, 26190344.000000, 7.000000, -15.436188, 563169.750000, 10.172318, 16.895538


MeanRateConst/CorrCutOff, 1.007459, 0.900000


MedianRateConst/RMSSCutOff, 0.956601, 0.050000
StandDev/NumberPeptides, 0.253457, 4
TotalIonCurrent, 3.53199e+10
