Peptides, PeptideUnique, RateConstants, Correlations, RootMeanRSS, AbsoluteIsotopeError, Charge, m/z(Sequence), NEH, Abundance, NDP, Rsquared,sigma,CI lower band, CI upper band
LYGPTNFAPIINHVAR, Yes, 0.53082, 0.483062, 0.145066, 0.131235,  3,   594.99317,  29, 75097696.000000, 7.000000, -3.972624, 0.668240, 0.000000, 4.297515
ETLAQTVLAEVPTQMVSYFR, Yes, 2.93872, 0.963244, 0.028631, 0.118709,  2,  1142.08811,  37, 17336562.000000, 8.000000, 0.754782, 3.068851, 2.081141, 3.796296
ETLAQTVLAEVPTQMVSYFR, Yes, 1.35735, 0.988067, 0.032264, 0.049566,  3,   761.72783,  37, 23055454.000000, 8.000000, 0.530857, 0.650456, 0.480491, 2.234200


MeanRateConst/CorrCutOff, 1.608962, 0.900000


MedianRateConst/RMSSCutOff, 1.357346, 0.050000
StandDev/NumberPeptides, 0.892936, 2
TotalIonCurrent, 3.59422e+09
