Peptides, PeptideUnique, RateConstants, Correlations, RootMeanRSS, AbsoluteIsotopeError, Charge, m/z(Sequence), NEH, Abundance, NDP, Rsquared,sigma,CI lower band, CI upper band
GPFYFVQGADTQFGLMK, Yes, 15.98155, 0.793533, 0.076704, 0.233232,  2,   953.46384,  26, 13678953.000000, 7.000000, -0.917375, 3508894.250000, 14.229504, 17.733597
FFVLcGDLVHAMPGTPWR, Yes, 1.11843, 0.997316, 0.020937, 0.068039,  3,   701.68162,  27, 20173768.000000, 6.000000, 0.865700, 0.365968, 0.177682, 2.059183
AWSTGNcDAGGDEWGQEIR, Yes, 0.46131, 0.986702, 0.016587, 0.101798,  2,  1054.93997,  42, 37449496.000000, 8.000000, 0.963784, 0.044310, 0.356535, 0.566088
NAGGTYQNLDMVVSSAIGcQLGK, Yes, 1.97548, 0.971094, 0.056872, 0.084900,  2,  1192.07267,  42, 10665711.000000, 7.000000, -0.762681, 2.828853, 0.137149, 3.813816
YYSLDELSQGGVEEDLKELLKE, Yes, 1.28614, 0.949906, 0.019912, 0.248055,  3,   853.09002,  42, 19006936.000000, 6.000000, 0.828168, 0.479223, 0.054257, 2.518019


MeanRateConst/CorrCutOff, 0.955294, 0.900000


MedianRateConst/RMSSCutOff, 1.118432, 0.050000
StandDev/NumberPeptides, 0.109539, 3
TotalIonCurrent, 5.53572e+09
