Peptides, PeptideUnique, RateConstants, Correlations, RootMeanRSS, AbsoluteIsotopeError, Charge, m/z(Sequence), NEH, Abundance, NDP, Rsquared,sigma,CI lower band, CI upper band
ASSVTTFTGEPNMcPR, Yes, 0.38496, 0.988372, 0.027124, 0.021834,  2,   877.89546,  29, 187359408.000000, 7.000000, 0.878988, 0.064065, 0.228202, 0.541726
GVNIGGAGSYIYEKPQTEAPQVTGPIEVPVVR, Yes, 0.30505, 0.993483, 0.008132, 0.046286,  3,  1109.25241,  63, 124892080.000000, 9.000000, 0.951204, 0.026745, 0.243371, 0.366721
GVNIGGAGSYIYEKPQTEAPQVTGPIEVPVVR, Yes, 0.36093, 0.998889, 0.012654, 0.087201,  4,   832.19113,  63, 20552990.000000, 5.000000, 0.855188, 0.063905, 0.183506, 0.538361
ASSVTTFTGEPNmcPR, Yes, 0.12385, 0.949395, 0.056524, 0.255438,  2,   885.89292,  29, 10323767.000000, 7.000000, 0.588712, 0.025044, 0.062570, 0.185130


MeanRateConst/CorrCutOff, 0.350315, 0.900000


MedianRateConst/RMSSCutOff, 0.360934, 0.050000
StandDev/NumberPeptides, 0.043702, 3
TotalIonCurrent, 2.951e+10
