Peptides, PeptideUnique, RateConstants, Correlations, RootMeanRSS, AbsoluteIsotopeError, Charge, m/z(Sequence), NEH, Abundance, NDP, Rsquared,sigma,CI lower band, CI upper band
VILSSSSScLLPSK, Yes, 0.10720, 0.987525, 0.027378, 0.082309,  2,   739.40016,  23, 58438460.000000, 9.000000, 0.862081, 0.018148, 0.065349, 0.149046
HVLSTFGPVPEFSGATVER, Yes, 0.83318, 0.896458, 0.101410, 0.038616,  3,   677.34958,  36, 52289728.000000, 7.000000, -1.749985, 0.672954, 0.000000, 5.842248
HVLSTFGPVPEFSGATVER, Yes, 0.75791, 0.907023, 0.040474, 0.136864,  2,  1015.52073,  36, 14715679.000000, 9.000000, 0.149987, 0.368606, 0.000000, 3.832170
LYDIEQQQITDALENIR, Yes, 0.00203, -0.264971, 0.073668, 0.205731,  2,  1031.52618,  37, 14351803.000000, 9.000000, -0.118628, 0.014788, 0.000000, 4.910508
LVEEEIVSPSDLDLVMSDGLGMR, Yes, 0.00077, 0.170949, 0.067918, 0.206177,  3,   835.41347,  42, 16837714.000000, 9.000000, -1.444264, 0.013297, 0.000000, 5.551163
LVEEEIVSPSDLDLVMSDGLGMR, Yes, 0.04502, 0.916788, 0.023092, 0.055897,  2,  1252.61657,  42, 10800094.000000, 9.000000, 0.746085, 0.009631, 0.022806, 0.067225
LQYAVISEAWR, Yes, 0.08224, 0.628082, 0.137375, 0.097075,  2,   668.35640,  24, 63663968.000000, 7.000000, -0.782617, 0.054110, 0.000000, 2.965733
LYDIEQQQITDALENIRK, Yes, 0.09397, 0.930512, 0.022518, 0.052126,  3,   730.71820,  38, 76178704.000000, 6.000000, 0.377921, 0.043229, 0.000000, 3.861245


MeanRateConst/CorrCutOff, 0.251022, 0.900000


MedianRateConst/RMSSCutOff, 0.107197, 0.050000
StandDev/NumberPeptides, 0.021647, 4
TotalIonCurrent, 1.10173e+10
