Peptides, PeptideUnique, RateConstants, Correlations, RootMeanRSS, AbsoluteIsotopeError, Charge, m/z(Sequence), NEH, Abundance, NDP, Rsquared,sigma,CI lower band, CI upper band
NFGPTGIGFGGLTQQVEK, Yes, 0.44075, 0.965027, 0.020716, 0.081597,  2,   925.47580,  30, 32581766.000000, 8.000000, 0.929417, 0.057450, 0.304904, 0.576601
SLESTNVTDKDGELYcK, Yes, 2.09353, 0.965801, 0.029559, 0.290082,  2,   979.95421,  26, 20039146.000000, 8.000000, 0.773930, 1.496113, 0.951036, 3.236015
KALDSTTVAAHESEIYcK, Yes, 0.19555, 0.986892, 0.032191, 0.139113,  3,   674.99820,  35, 10344223.000000, 6.000000, 0.779268, 0.045173, 0.079426, 0.311665


MeanRateConst/CorrCutOff, 0.909941, 0.900000


MedianRateConst/RMSSCutOff, 0.440752, 0.050000
StandDev/NumberPeptides, 0.074604, 3
TotalIonCurrent, 4.3474e+09
