Peptides, PeptideUnique, RateConstants, Correlations, RootMeanRSS, AbsoluteIsotopeError, Charge, m/z(Sequence), NEH, Abundance, NDP, Rsquared,sigma,CI lower band, CI upper band
GGDVSVcEWYR, Yes, 0.23401, 0.992492, 0.011250, 0.021702,  2,   664.29043,  19, 1189644672.000000, 9.000000, 0.973005, 0.016543, 0.195857, 0.272155
NcWQNYLDFHR, Yes, 0.27828, 0.969101, 0.019725, 0.033676,  2,   776.84114,  18, 496995168.000000, 9.000000, 0.917955, 0.032024, 0.204428, 0.352123
SLcPVSWVSAWDDR, Yes, 0.03719, 0.780707, 0.059290, 0.309042,  3,   559.92784,  25, 3399295.500000, 6.000000, 0.341843, 0.029122, 0.000000, 3.447667
SLcPVSWVSAWDDR, Yes, 0.22150, 0.993708, 0.008659, 0.083388,  2,   839.38813,  25, 1165873408.000000, 9.000000, 0.987032, 0.010366, 0.197597, 0.245406
IAEGTFPGKI, Yes, 15.15624, 0.457999, 0.131435, 0.191379,  2,   516.78985,  17, 772059008.000000, 9.000000, -0.056579, 2033554.750000, 12.320699, 17.991781
NcWQNYLDFHR, Yes, 0.22873, 0.985918, 0.051802, 0.043498,  3,   518.22985,  18, 1393786368.000000, 6.000000, 0.420988, 0.115855, 0.000000, 2.314523


MeanRateConst/CorrCutOff, 0.244595, 0.900000


MedianRateConst/RMSSCutOff, 0.234006, 0.050000
StandDev/NumberPeptides, 0.015945, 3
TotalIonCurrent, 2.24647e+11
