Peptides, PeptideUnique, RateConstants, Correlations, RootMeanRSS, AbsoluteIsotopeError, Charge, m/z(Sequence), NEH, Abundance, NDP, Rsquared,sigma,CI lower band, CI upper band
VNEDSGDTHGEDAVVILEK, Yes, 0.23037, 0.966884, 0.041601, 0.199567,  2,  1013.98182,  37, 5577610.000000, 3.000000, 0.822221, 0.111710, 0.000000, 2.898943
TPFQVEHVAQLLTGSPELK, Yes, 0.45566, 0.952216, 0.022537, 0.043696,  3,   698.71251,  36, 51815208.000000, 8.000000, 0.894859, 0.070511, 0.288928, 0.622391
TPFQVEHVAQLLTGSPELK, Yes, 0.63930, 0.964477, 0.046400, 0.214570,  2,  1047.56513,  36, 5097860.500000, 5.000000, -0.525056, 0.450621, 0.000000, 3.659867


MeanRateConst/CorrCutOff, 0.441776, 0.900000


MedianRateConst/RMSSCutOff, 0.455660, 0.050000
StandDev/NumberPeptides, 0.118328, 2
TotalIonCurrent, 2.61262e+09
