Peptides, PeptideUnique, RateConstants, Correlations, RootMeanRSS, AbsoluteIsotopeError, Charge, m/z(Sequence), NEH, Abundance, NDP, Rsquared,sigma,CI lower band, CI upper band
SFLLDLLNATGK, No, 1.18108, 0.957700, 0.054744, 0.033717,  2,   646.36644,  15, 115634096.000000, 9.000000, 0.646566, 0.682275, 0.000000, 2.401317
KQYPISLVLAPTR, No, 0.00757, 0.530069, 0.159062, 0.160190,  2,   743.44301,  23, 258730704.000000, 9.000000, 0.033610, 0.027810, 0.000000, 4.941545
VGNLGLATSFFNER, No, 0.98140, 0.957840, 0.064429, 0.056410,  2,   762.89390,  24, 80183088.000000, 9.000000, 0.693680, 0.462404, 0.000000, 2.953306
LEQELFSGGNTGINFEK, No, 1.65145, 0.872109, 0.065353, 0.058465,  2,   941.96270,  31, 18822730.000000, 8.000000, -0.428438, 1.861813, 0.000000, 3.350642
VRPcVVYGGAEIGQQIR, Yes, 0.94920, 0.989700, 0.022162, 0.059332,  3,   634.67199,  37, 159005024.000000, 4.000000, 0.960239, 0.253151, 0.143559, 1.754837
HVINFDLPSDIEEYVHR, No, 18.02011, 0.246793, 0.161161, 0.104994,  2,  1042.01580,  32, 13299030.000000, 7.000000, -3.221296, 53398300.000000, 14.376654, 21.663568
HVINFDLPSDIEEYVHR, No, 1.20010, 0.960361, 0.024684, 0.053924,  3,   695.01296,  32, 155815856.000000, 9.000000, 0.897278, 0.324420, 0.451985, 1.948212
TAAFLLPILSQIYADGPGEALR, Yes, 2.67569, 0.972504, 0.015285, 0.179397,  2,  1158.63353,  46, 7800134.000000, 9.000000, 0.945194, 1.097227, 0.145477, 5.205895
TAAFLLPILSQIYADGPGEALR, Yes, 2.79450, 0.970474, 0.023035, 0.154903,  3,   772.75811,  46, 11403565.000000, 9.000000, 0.850219, 1.941999, 2.044992, 3.544005
DLLDLLVEAK, No, 0.90783, 0.958118, 0.102934, 0.086848,  2,   564.82916,  15, 36761976.000000, 7.000000, 0.378530, 0.814893, 0.000000, 5.048293
HVINFDLPSDIEEYVHR, No, 1.13176, 0.972506, 0.019890, 0.172757,  4,   521.51154,  32, 36607480.000000, 9.000000, 0.931207, 0.235590, 0.588488, 1.675033


MeanRateConst/CorrCutOff, 1.750248, 0.900000


MedianRateConst/RMSSCutOff, 1.200098, 0.050000
StandDev/NumberPeptides, 0.393589, 5
TotalIonCurrent, 3.79889e+10
