Peptides, PeptideUnique, RateConstants, Correlations, RootMeanRSS, AbsoluteIsotopeError, Charge, m/z(Sequence), NEH, Abundance, NDP, Rsquared,sigma,CI lower band, CI upper band
QETGITEGQGPVGEEEEK, Yes, 0.09563, 0.947526, 0.047074, 0.152028,  2,   958.93962,  44, 15834617.000000, 6.000000, 0.649288, 0.031948, 0.013507, 0.177756
WPEVDDDSIEDLGEVKK, Yes, 0.37680, 0.928190, 0.052116, 0.121255,  2,   987.47056,  30, 4936792.000000, 5.000000, 0.179359, 0.191355, 0.000000, 2.325145
VLYcGVcSLPTEYcEYMPDVAK, Yes, 0.03519, 0.660661, 0.040671, 0.142453,  2,  1327.58590,  34, 15457210.000000, 7.000000, 0.014756, 0.035824, 0.000000, 3.277054
WPEVDDDSIEDLGEVKK, Yes, 1.41299, 0.981712, 0.027369, 0.307383,  3,   658.64946,  30, 26461044.000000, 5.000000, 0.876296, 0.648502, 0.144262, 2.681712


MeanRateConst/CorrCutOff, 0.754309, 0.900000


MedianRateConst/RMSSCutOff, 1.412987, 0.050000
StandDev/NumberPeptides, 0.060896, 2
TotalIonCurrent, 2.47804e+09
