Peptides, PeptideUnique, RateConstants, Correlations, RootMeanRSS, AbsoluteIsotopeError, Charge, m/z(Sequence), NEH, Abundance, NDP, Rsquared,sigma,CI lower band, CI upper band
VELQELNDR, No, 22.16801, 0.927451, 0.053132, 0.881100,  2,   558.28819,  20, 85977144.000000, 9.000000, 0.818783, 693042240.000000, 20.829512, 23.506514
VAELYEEEMR, Yes, 21.78165, 0.786666, 0.069302, 0.221769,  2,   634.79498,  25, 24467690.000000, 9.000000, 0.612047, 741444608.000000, 20.156309, 23.406984
FASEANGYQDNIAR, Yes, 0.57595, 0.926221, 0.063047, 0.141933,  2,   778.36040,  35, 13410512.000000, 5.000000, -1.934206, 0.625624, 0.000000, 3.778909
TNEKVELQELNDR, No, 0.23312, 0.739501, 0.100771, 0.049648,  2,   794.40227,  27, 153372768.000000, 9.000000, -3.719812, 0.131136, 0.000000, 3.542990
FLEQQNAALAAEVNR, Yes, 0.10145, 0.627045, 0.172013, 0.167361,  2,   837.43390,  41, 49988740.000000, 8.000000, -0.895013, 0.064460, 0.000000, 3.642075
HQIQSYTcEIDALK, Yes, 2.88857, 0.708736, 0.125068, 0.264619,  2,   853.41433,  28, 10182966.000000, 8.000000, -7.395565, 9.852268, 0.537749, 5.239399
TFGGAPGFSLGSPLSSPVFPR, Yes, 0.18636, 0.715338, 0.108524, 0.188410,  2,  1039.53893,  39, 13015042.000000, 7.000000, -1.546613, 0.131815, 0.000000, 3.676703
TNEKVELQELNDR, No, 0.13741, 0.884811, 0.067693, 0.278893,  3,   529.93727,  27, 138180224.000000, 7.000000, 0.520761, 0.050425, 0.014027, 0.260799
APSYGAGELLDFSLADAVNQEFLATR, Yes, 11.72096, 0.020098, 0.023500, 0.216999,  2,  1378.18230,  57, 1500932.750000, 8.000000, -26.068312, 129454.859375, 7.166085, 16.275843


MeanRateConst/CorrCutOff, 6.643721, 0.900000


MedianRateConst/RMSSCutOff, 0.575945, 0.050000
StandDev/NumberPeptides, 0.172226, 0
TotalIonCurrent, 2.14728e+10
