Peptides, PeptideUnique, RateConstants, Correlations, RootMeanRSS, AbsoluteIsotopeError, Charge, m/z(Sequence), NEH, Abundance, NDP, Rsquared,sigma,CI lower band, CI upper band
QEELMGQVNTFMR, Yes, 0.14572, 0.993985, 0.076944, 0.424235,  2,   791.87124,  27, 1849039.250000, 4.000000, 0.382465, 0.081427, 0.000000, 1.370064
THPEWQVATEPIAEWQNIQAAGAQK, Yes, 0.00098, -0.281299, 0.046736, 0.084713,  3,   935.13145,  63, 55764876.000000, 6.000000, -0.264927, 0.043093, 0.000000, 5.413614
LGNLLEMMYQEPAR, Yes, 1.84264, 0.946916, 0.028837, 0.281052,  2,   832.91035,  30, 17198522.000000, 6.000000, 0.832307, 0.985669, 0.734857, 2.950419


MeanRateConst/CorrCutOff, 0.663112, 0.900000


MedianRateConst/RMSSCutOff, 0.145723, 0.050000
StandDev/NumberPeptides, 0.082190, 2
TotalIonCurrent, 2.25216e+09
