Peptides, PeptideUnique, RateConstants, Correlations, RootMeanRSS, AbsoluteIsotopeError, Charge, m/z(Sequence), NEH, Abundance, NDP, Rsquared,sigma,CI lower band, CI upper band
GSIINISSIIGK, Yes, 0.10852, 0.971823, 0.019789, 0.065178,  2,   601.36116,  19, 110449200.000000, 9.000000, 0.953865, 0.009268, 0.087146, 0.129892
LLGSPGSEDGAPR, Yes, 0.72299, 0.967770, 0.034586, 0.066632,  2,   628.31749,  31, 278181408.000000, 9.000000, 0.706896, 0.202628, 0.255734, 1.190255
SALALVTGAGSGIGR, Yes, 0.01069, 0.572967, 0.179453, 0.122760,  3,   443.92101,  31, 7495592.000000, 9.000000, 0.050580, 0.015893, 0.000000, 3.824368
SALALVTGAGSGIGR, Yes, 0.10088, 0.976228, 0.024111, 0.113685,  2,   665.37788,  31, 316276576.000000, 9.000000, 0.944292, 0.010551, 0.076551, 0.125215
HAAFQADVSQGPAAR, Yes, 0.16720, 0.989391, 0.042187, 0.025906,  2,   763.37894,  44, 89860488.000000, 9.000000, 0.640102, 0.033492, 0.089963, 0.244431
cNSVLPGFIATPMTQK, Yes, 2.33460, 0.748080, 0.076825, 0.080741,  2,   882.44459,  25, 89475400.000000, 8.000000, -0.798245, 4.271246, 0.457191, 4.212003
GTFLVTQAAAQALVSSGGR, Yes, 0.20404, 0.645394, 0.127253, 0.211260,  2,   917.49451,  41, 17739506.000000, 9.000000, 0.124617, 0.101659, 0.000000, 2.506359
LAAEGAAVAAcDLDGAAAQDTVR, Yes, 0.05480, 0.523379, 0.120471, 0.069553,  3,   739.35857,  61, 159768976.000000, 9.000000, -0.381621, 0.022479, 0.002964, 0.106636
LAAEGAAVAAcDLDGAAAQDTVR, Yes, 0.09442, 0.980771, 0.023904, 0.078131,  2,  1108.53422,  61, 104010720.000000, 9.000000, 0.887451, 0.011253, 0.068471, 0.120369
LLEEVQAcFSRPPSVVVScAGITR, Yes, 0.00155, 0.234747, 0.056668, 0.539752,  3,   892.45964,  49, 65852256.000000, 8.000000, -0.117142, 0.019145, 0.000000, 5.235727
AGVIGLTQTAAR, Yes, 22.49340, 0.293970, 0.222256, 0.299123,  2,   579.33548,  26, 356908224.000000, 9.000000, -1.706763, 4139551488.000000, 19.266609, 25.720184
HAAFQADVSQGPAAR, Yes, 0.18256, 0.941056, 0.067278, 0.174400,  3,   509.25505,  44, 233057280.000000, 8.000000, 0.470479, 0.040963, 0.085693, 0.279418


MeanRateConst/CorrCutOff, 0.117755, 0.900000


MedianRateConst/RMSSCutOff, 0.108519, 0.050000
StandDev/NumberPeptides, 0.012446, 4
TotalIonCurrent, 8.34232e+10
