Peptides, PeptideUnique, RateConstants, Correlations, RootMeanRSS, AbsoluteIsotopeError, Charge, m/z(Sequence), NEH, Abundance, NDP, Rsquared,sigma,CI lower band, CI upper band
GYLFPTSAEDcK, Yes, 0.24030, 0.983946, 0.038079, 0.151398,  2,   694.31356,  20, 98828080.000000, 7.000000, 0.826755, 0.048297, 0.122121, 0.358477
AIEcSYTSADGLK, Yes, 0.56764, 0.969784, 0.025388, 0.022670,  2,   707.82956,  25, 225286064.000000, 9.000000, 0.929318, 0.077042, 0.389982, 0.745299
FLPGYVGGVQEGAITPAGVVNK, Yes, 16.18600, 0.216933, 0.167219, 0.060438,  2,  1087.08624,  38, 43842252.000000, 8.000000, -3.124096, 8389837.000000, 12.740899, 19.631104
YTAAVPYR, Yes, 0.87132, 0.738467, 0.081154, 0.120552,  2,   470.74798,  15, 166222272.000000, 9.000000, -1.402309, 1.079144, 0.000000, 7.506979


MeanRateConst/CorrCutOff, 0.403970, 0.900000


MedianRateConst/RMSSCutOff, 0.567641, 0.050000
StandDev/NumberPeptides, 0.059373, 2
TotalIonCurrent, 1.84758e+10
