Peptides, PeptideUnique, RateConstants, Correlations, RootMeanRSS, AbsoluteIsotopeError, Charge, m/z(Sequence), NEH, Abundance, NDP, Rsquared,sigma,CI lower band, CI upper band
LLPEYPGVLSEVQEEK, Yes, 0.31907, 0.995700, 0.009227, 0.034460,  2,   915.48018,  33, 294210432.000000, 9.000000, 0.990731, 0.013662, 0.287567, 0.350576
VRPLNcIVAVSQNMGIGK, Yes, 0.09608, 0.829879, 0.094794, 0.175481,  2,   978.52951,  32, 27202806.000000, 8.000000, -0.620581, 0.056941, 0.000000, 3.022484
VRPLNcIVAVSQNMGIGK, Yes, 0.24554, 0.982797, 0.014221, 0.053717,  3,   652.68876,  32, 116843944.000000, 8.000000, 0.952741, 0.019979, 0.198302, 0.292786
IMQEFESDTFFPEIDLGK, Yes, 0.29346, 0.994849, 0.006398, 0.046448,  2,  1073.50609,  32, 78967584.000000, 9.000000, 0.987080, 0.014277, 0.260533, 0.326380
ImQEFESDTFFPEIDLGK, Yes, 0.01246, 0.791084, 0.091750, 0.414965,  2,  1081.50355,  32, 68103128.000000, 9.000000, -0.074589, 0.023062, 0.000000, 5.353190


MeanRateConst/CorrCutOff, 0.286024, 0.900000


MedianRateConst/RMSSCutOff, 0.293456, 0.050000
StandDev/NumberPeptides, 0.015521, 3
TotalIonCurrent, 4.09616e+10
