Peptides, PeptideUnique, RateConstants, Correlations, RootMeanRSS, AbsoluteIsotopeError, Charge, m/z(Sequence), NEH, Abundance, NDP, Rsquared,sigma,CI lower band, CI upper band
AAEMLLFGK, No, 0.33164, 0.982657, 0.016150, 0.049235,  2,   490.26768,  17, 462249056.000000, 9.000000, 0.959992, 0.029008, 0.264749, 0.398535
WDAWNALGSLPK, Yes, 0.34467, 0.966582, 0.025904, 0.072501,  2,   679.34858,  20, 287234976.000000, 9.000000, 0.860596, 0.051434, 0.226064, 0.463277
ASQQDFENALNQVK, Yes, 0.95064, 0.602546, 0.149981, 0.026947,  2,   796.38917,  34, 353410144.000000, 8.000000, -1.435632, 1.701203, 0.000000, 8.899551
ESKDILVTSEDGITK, No, 0.33193, 0.976058, 0.017433, 0.103505,  2,   817.92779,  23, 72080520.000000, 9.000000, 0.943512, 0.034463, 0.252460, 0.411406
WLSEEcMNAIMSFVSR, Yes, 1.54184, 0.953686, 0.053685, 0.024070,  2,   980.44170,  31, 10771606.000000, 9.000000, -0.046304, 1.163827, 0.380554, 2.703134
ATFHTPFSQLGQSPEAcSSYTFPK, Yes, 0.26667, 0.993542, 0.010675, 0.020011,  3,   896.75148,  47, 223231712.000000, 9.000000, 0.958665, 0.020752, 0.218821, 0.314527
ATFHTPFSQLGQSPEAcSSYTFPK, Yes, 0.24120, 0.995881, 0.013566, 0.055939,  2,  1344.62359,  47, 63841632.000000, 9.000000, 0.925543, 0.023869, 0.186155, 0.296238
EAWAQGLVTEVFPESTFETEVWTR, No, 0.59585, 0.594968, 0.074336, 0.107307,  3,   938.12034,  46, 9952043.000000, 8.000000, -6.346942, 0.488395, 0.000000, 3.357395
QNYVDLVSSLSSSSEAPSQGK, Yes, 0.23573, 0.951379, 0.076642, 0.172979,  2,  1092.02675,  45, 101043848.000000, 8.000000, -2.856265, 0.121385, 0.000000, 1.709058
DILVTSEDGITK, No, 0.27939, 0.917739, 0.048281, 0.106725,  2,   645.84301,  16, 291159936.000000, 8.000000, 0.609995, 0.088954, 0.069042, 0.489729
AKWDAWNALGSLPK, Yes, 20.32725, 0.436856, 0.136215, 0.081771,  2,   778.91462,  25, 172067088.000000, 9.000000, -1.033360, 469850016.000000, 17.191601, 23.462891
ESKDILVTSEDGITK, No, 0.25819, 0.959094, 0.031665, 0.119840,  3,   545.62095,  23, 62273988.000000, 8.000000, 0.796089, 0.052718, 0.133530, 0.382847


MeanRateConst/CorrCutOff, 0.293384, 0.900000


MedianRateConst/RMSSCutOff, 0.279385, 0.050000
StandDev/NumberPeptides, 0.034444, 7
TotalIonCurrent, 9.93905e+10
