Peptides, PeptideUnique, RateConstants, Correlations, RootMeanRSS, AbsoluteIsotopeError, Charge, m/z(Sequence), NEH, Abundance, NDP, Rsquared,sigma,CI lower band, CI upper band
SIQLDGLVWGASK, Yes, 1.52377, 0.971109, 0.024514, 0.056937,  2,   687.37481,  22, 335714432.000000, 9.000000, 0.897387, 0.409837, 0.578683, 2.468856
ITSLEVENQNLR, Yes, 0.25421, 0.990893, 0.012255, 0.032438,  2,   708.37806,  24, 750270400.000000, 9.000000, 0.977256, 0.015942, 0.217444, 0.290969
FYEQmNGPVTSGSR, Yes, 0.15158, 0.668499, 0.105750, 0.121429,  2,   794.85666,  27, 8045704.000000, 8.000000, -0.379760, 0.110550, 0.000000, 3.181135
RFYEQMNGPVTSGSR, Yes, 0.05532, 0.976743, 0.042864, 0.104602,  2,   864.90975,  31, 14349168.000000, 9.000000, 0.789884, 0.011184, 0.029533, 0.081113
RFYEQMNGPVTSGSR, Yes, 0.25487, 0.963253, 0.043281, 0.050893,  3,   576.94226,  31, 16765345.000000, 9.000000, 0.654405, 0.077836, 0.075384, 0.434363
SLAGSSGPGASSGPGGDHSELIVR, Yes, 0.19248, 0.995839, 0.010991, 0.063591,  2,  1098.03800,  56, 103010384.000000, 9.000000, 0.976130, 0.011828, 0.165201, 0.219751
SLAGSSGPGASSGPGGDHSELIVR, Yes, 0.14765, 0.971288, 0.060620, 0.017812,  3,   732.36109,  56, 724092416.000000, 9.000000, 0.304426, 0.037450, 0.061285, 0.234005
GVVQDLQQAISK, Yes, 0.15619, 0.974095, 0.025888, 0.051335,  2,   643.35916,  25, 601445312.000000, 9.000000, 0.939997, 0.017855, 0.115013, 0.197358
FYEQMNGPVTSGSR, Yes, 0.15482, 0.969975, 0.032607, 0.016964,  2,   786.85920,  27, 253238688.000000, 6.000000, 0.668958, 0.067609, 0.000000, 2.405559
SSILLDVKPWDDETDMAQLETcVR, Yes, 0.00175, 0.010655, 0.176422, 0.031662,  3,   941.11761,  42, 62835604.000000, 9.000000, -0.029673, 0.036675, 0.000000, 6.217857


MeanRateConst/CorrCutOff, 0.202512, 0.900000


MedianRateConst/RMSSCutOff, 0.192476, 0.050000
StandDev/NumberPeptides, 0.021652, 5
TotalIonCurrent, 1.51972e+11
