Peptides, PeptideUnique, RateConstants, Correlations, RootMeanRSS, AbsoluteIsotopeError, Charge, m/z(Sequence), NEH, Abundance, NDP, Rsquared,sigma,CI lower band, CI upper band
ELVNNLAEIYGR, Yes, 3.11543, 0.991957, 0.055325, 0.488588,  2,   695.86987,  24, 130135224.000000, 9.000000, 0.749659, 4.488328, 1.757990, 4.472871
LFEAEEQDLFR, Yes, 0.72225, 0.920677, 0.055274, 0.072743,  2,   698.84079,  26, 14238602.000000, 7.000000, 0.608814, 0.290113, 0.012372, 1.432132
DKPMYDEIFYTLSPVDGK, Yes, 0.04494, 0.505877, 0.102537, 0.107172,  2,  1059.50863,  25, 7451581.500000, 9.000000, 0.058199, 0.045210, 0.000000, 4.565768
FVcAQLPNAVLESISVIDTPGILSGEK, Yes, 1.23750, 0.973569, 0.054231, 0.082111,  3,   953.17204,  49, 15781125.000000, 9.000000, -1.896269, 1.060606, 0.000000, 2.836589
GGAFEGTLQGPFGHGYGEGAGEGIDDAEWVVAR, Yes, 1.05077, -0.013715, 0.044658, 0.159565,  3,  1102.84108,  73, 16632558.000000, 6.000000, -2.321400, 3.414574, 0.000000, 7.469722
DKPMYDEIFYTLSPVDGK, Yes, 13.94568, 0.975297, 0.053099, 0.617560,  3,   706.67484,  25, 8215362.500000, 6.000000, -0.285157, 365392.968750, 12.495852, 15.395511
MQDQLQAQDFSK, Yes, 0.40587, 0.955738, 0.029816, 0.118055,  2,   719.83519,  28, 120236664.000000, 9.000000, 0.901047, 0.062023, 0.262848, 0.548899


MeanRateConst/CorrCutOff, 0.405873, 0.900000


MedianRateConst/RMSSCutOff, 0.405873, 0.050000
StandDev/NumberPeptides, 0.062023, 1
TotalIonCurrent, 2.06439e+10
