Peptides, PeptideUnique, RateConstants, Correlations, RootMeanRSS, AbsoluteIsotopeError, Charge, m/z(Sequence), NEH, Abundance, NDP, Rsquared,sigma,CI lower band, CI upper band
ILQEDPTNTAAR, Yes, 0.36950, 0.964013, 0.037081, 0.116365,  2,   664.84386,  27, 116361048.000000, 9.000000, 0.817032, 0.063005, 0.224208, 0.514789
YTQGGLENLELSR, Yes, 2.16294, 0.272035, 0.197941, 0.077260,  2,   740.37552,  26, 92702216.000000, 9.000000, -1.857172, 8.189241, 0.000000, 6.432806
NSEQIMEVGEELINDYASK, Yes, 0.22166, 0.889090, 0.035564, 0.176183,  2,  1085.00442,  41, 13374609.000000, 8.000000, 0.752921, 0.045747, 0.113486, 0.329837


MeanRateConst/CorrCutOff, 0.918035, 0.900000


MedianRateConst/RMSSCutOff, 0.369499, 0.050000
StandDev/NumberPeptides, 0.079254, 1
TotalIonCurrent, 7.53417e+09
