Peptides, PeptideUnique, RateConstants, Correlations, RootMeanRSS, AbsoluteIsotopeError, Charge, m/z(Sequence), NEH, Abundance, NDP, Rsquared,sigma,CI lower band, CI upper band
VAQVAEITYGQK, Yes, 0.28919, 0.825141, 0.095837, 0.054670,  2,   653.85370,  25, 52382212.000000, 8.000000, -0.579493, 0.131894, 0.000000, 2.693249
DIPNMFMDSAGGLGK, Yes, 0.30478, 0.958131, 0.033187, 0.220096,  2,   776.86035,  25, 38592820.000000, 7.000000, 0.818406, 0.067636, 0.139281, 0.470278
IEVVNFLVPNAVYDIVK, Yes, 0.18558, 0.404468, 0.106749, 0.252364,  2,   966.54567,  22, 35990484.000000, 9.000000, -1.360394, 0.127455, 0.000000, 3.725782
SVQTTLQTDEVK, Yes, 0.50122, 0.977968, 0.019244, 0.094442,  2,   674.85137,  19, 103590680.000000, 7.000000, 0.952429, 0.072505, 0.323803, 0.678628
LALQQDLTSMAPGLVIQAVR, Yes, 0.45790, 0.975465, 0.019359, 0.071489,  2,  1062.59590,  42, 10977345.000000, 9.000000, 0.913035, 0.060278, 0.318901, 0.596903
VTKPNIPEAIR, Yes, 0.31486, 0.954810, 0.030919, 0.295306,  3,   413.24694,  21, 33171956.000000, 8.000000, 0.883377, 0.057469, 0.178964, 0.450747
ISEIEDAAFLAR, Yes, 0.75401, 1.000000, 0.031320, 0.112547,  2,   667.85115,  30, 134678928.000000, 2.000000, 0.973454, 1.979358, 0.000000, 2029.304810


MeanRateConst/CorrCutOff, 0.394688, 0.900000


MedianRateConst/RMSSCutOff, 0.457902, 0.050000
StandDev/NumberPeptides, 0.063931, 4
TotalIonCurrent, 7.40881e+09
