Peptides, PeptideUnique, RateConstants, Correlations, RootMeanRSS, AbsoluteIsotopeError, Charge, m/z(Sequence), NEH, Abundance, NDP, Rsquared,sigma,CI lower band, CI upper band
LGAVDESLSEETQK, Yes, 0.12235, 0.998376, 0.118324, 0.812571,  2,   753.37011,  31, 47318336.000000, 3.000000, -0.580720, 0.155853, 0.000000, 0.903952
YSEEANRIEEcEQAER, Yes, 0.22569, 0.936700, 0.054894, 0.095391,  3,   671.62530,  50, 16888772.000000, 4.000000, 0.770562, 0.072095, 0.000000, 3.175620
LIANMPESGPSYEFQLTR, Yes, 0.56320, 0.969133, 0.033875, 0.221814,  2,  1027.00657,  37, 12673255.000000, 9.000000, 0.525142, 0.169041, 0.173393, 0.953013
ALLLEILHEIK, Yes, 0.13580, 0.685893, 0.082383, 0.214488,  3,   431.27097,  19, 11135702.000000, 5.000000, 0.205872, 0.087002, 0.000000, 3.464999


MeanRateConst/CorrCutOff, 0.563203, 0.900000


MedianRateConst/RMSSCutOff, 0.563203, 0.050000
StandDev/NumberPeptides, 0.169041, 1
TotalIonCurrent, 1.66973e+10
