Peptides, PeptideUnique, RateConstants, Correlations, RootMeanRSS, AbsoluteIsotopeError, Charge, m/z(Sequence), NEH, Abundance, NDP, Rsquared,sigma,CI lower band, CI upper band
LLAETVAPAVR, Yes, 0.22679, 0.763165, 0.099409, 0.087928,  2,   570.34277,  24, 39403864.000000, 9.000000, 0.107429, 0.106325, 0.000000, 2.792123
ALTLGALTLPLAR, Yes, 0.27250, 0.958020, 0.040322, 0.107987,  2,   655.41372,  23, 19143670.000000, 9.000000, 0.715412, 0.055690, 0.144076, 0.400919
LLVPLVPDLQDVAQLR, Yes, 0.08637, 0.788482, 0.071795, 0.069008,  3,   597.02425,  28, 5463320.000000, 9.000000, 0.152135, 0.036202, 0.002888, 0.169851
LLVPLVPDLQDVAQLR, Yes, 0.27442, 0.692220, 0.056028, 0.098587,  2,   895.03274,  28, 20155088.000000, 8.000000, -0.170685, 0.126224, 0.000000, 3.018290


MeanRateConst/CorrCutOff, 0.272497, 0.900000


MedianRateConst/RMSSCutOff, 0.272497, 0.050000
StandDev/NumberPeptides, 0.055690, 1
TotalIonCurrent, 1.83428e+09
