Peptides, PeptideUnique, RateConstants, Correlations, RootMeanRSS, AbsoluteIsotopeError, Charge, m/z(Sequence), NEH, Abundance, NDP, Rsquared,sigma,CI lower band, CI upper band
KAQEGGGSEVFQELK, Yes, 1.75250, 0.186593, 0.265332, 0.206428,  2,   803.90719,  35, 3457542.500000, 6.000000, -7.278491, 5.815314, 0.000000, 6.033707
HQGGWTDGGSGSGGGYQDGAYR, Yes, 0.44473, 0.974129, 0.019924, 0.162464,  3,   723.97050,  46, 29115344.000000, 6.000000, 0.968206, 0.041360, 0.338416, 0.551054
GPLLDDGALLQAVSAGAASPEFTK, Yes, 0.00054, 0.453122, 0.062618, 0.344773,  2,  1164.60772,  52, 23981024.000000, 7.000000, -0.620025, 0.029149, 0.000000, 5.248515
IEAINQAIANEYEVR, Yes, 0.52474, 0.977579, 0.023905, 0.337920,  2,   866.94683,  38, 30424376.000000, 8.000000, 0.921454, 0.071231, 0.356306, 0.693173


MeanRateConst/CorrCutOff, 0.484737, 0.900000


MedianRateConst/RMSSCutOff, 0.524740, 0.050000
StandDev/NumberPeptides, 0.052333, 2
TotalIonCurrent, 2.9273e+09
