Peptides, PeptideUnique, RateConstants, Correlations, RootMeanRSS, AbsoluteIsotopeError, Charge, m/z(Sequence), NEH, Abundance, NDP, Rsquared,sigma,CI lower band, CI upper band
IVALNAHTFLR, Yes, 0.19209, 0.984991, 0.034246, 0.036819,  3,   418.91542,  19, 225728240.000000, 9.000000, 0.762376, 0.041339, 0.096765, 0.287422
VSISEGDDKIEYR, Yes, 13.56623, 0.954664, 0.108374, 1.068522,  2,   755.87282,  25, 52080940.000000, 6.000000, 0.485256, 331716.812500, 10.622837, 16.509632
LAAAILGGVDQIHIKPGAK, Yes, 0.14150, 0.990608, 0.025658, 0.048969,  4,   468.78209,  39, 80964352.000000, 7.000000, 0.861112, 0.019210, 0.094492, 0.188500
LAAAILGGVDQIHIKPGAK, Yes, 0.24529, 0.974361, 0.021471, 0.059071,  3,   624.70702,  39, 119334616.000000, 9.000000, 0.917902, 0.028270, 0.180102, 0.310484
MQQENMKPQEQLTLEPYER, Yes, 0.01461, 0.944581, 0.089698, 0.352013,  2,  1196.56719,  46, 45835228.000000, 8.000000, -0.087887, 0.025467, 0.000000, 5.423332
MQQENMKPQEQLTLEPYER, Yes, 0.05607, 0.748350, 0.050412, 0.422658,  3,   798.04722,  46, 156525760.000000, 9.000000, 0.469444, 0.024143, 0.000396, 0.111744
TNIIPVIEDAR, Yes, 0.27371, 0.957250, 0.027161, 0.196316,  2,   620.84842,  21, 187884560.000000, 7.000000, 0.853683, 0.038675, 0.179074, 0.368340
DHAVVVGVYRPPPK, Yes, 0.30726, 0.925813, 0.032099, 0.104632,  3,   511.95606,  25, 102316672.000000, 8.000000, 0.782639, 0.056126, 0.174548, 0.439980
LAAAILGGVDQIHIKPGAK, Yes, 0.10593, 0.762226, 0.033152, 0.230665,  2,   936.55690,  39, 6070002.500000, 6.000000, -1.260039, 0.052551, 0.000000, 3.843753
IVALNAHTFLR, Yes, 0.28377, 0.981642, 0.013841, 0.062404,  2,   627.86949,  19, 112097744.000000, 5.000000, 0.848216, 0.066993, 0.097766, 0.469769
NLVPGESVYGEKR, Yes, 1.37173, 0.681472, 0.113325, 0.130541,  2,   724.38061,  25, 38177924.000000, 8.000000, -1.775532, 1.813313, 0.000000, 3.725157
DHAVVVGVYRPPPK, Yes, 0.16767, 0.921434, 0.148050, 0.243518,  2,   767.43046,  25, 4575454.500000, 5.000000, -1.587573, 0.093417, 0.000000, 3.063887


MeanRateConst/CorrCutOff, 0.260425, 0.900000


MedianRateConst/RMSSCutOff, 0.273707, 0.050000
StandDev/NumberPeptides, 0.042314, 5
TotalIonCurrent, 4.00963e+10
