Peptides, PeptideUnique, RateConstants, Correlations, RootMeanRSS, AbsoluteIsotopeError, Charge, m/z(Sequence), NEH, Abundance, NDP, Rsquared,sigma,CI lower band, CI upper band
ILVTGGSGLVGR, Yes, 0.29486, 0.926359, 0.049009, 0.052326,  2,   564.84041,  17, 114828144.000000, 9.000000, 0.600068, 0.075723, 0.120241, 0.469478
SSDSALTVWGTGKPR, Yes, 0.22882, 0.901015, 0.041528, 0.170518,  2,   781.40209,  26, 37952452.000000, 9.000000, 0.275501, 0.077441, 0.050242, 0.407401
DADLTDAAQTQALFQK, Yes, 0.69450, 0.787900, 0.083663, 0.165288,  2,   868.42849,  35, 57443956.000000, 8.000000, 0.416836, 0.316322, 0.000000, 3.442195
ETcTWFTDNYEQAR, Yes, 0.23884, 0.982237, 0.020547, 0.130658,  2,   910.88086,  26, 21302788.000000, 6.000000, 0.958271, 0.039298, 0.137820, 0.339858
SSDSALTVWGTGKPR, Yes, 0.03465, 0.636064, 0.118733, 0.050714,  3,   521.27049,  26, 33211630.000000, 9.000000, 0.149036, 0.031891, 0.000000, 3.589354


MeanRateConst/CorrCutOff, 0.254173, 0.900000


MedianRateConst/RMSSCutOff, 0.238839, 0.050000
StandDev/NumberPeptides, 0.058178, 3
TotalIonCurrent, 1.1528e+10
