Peptides, PeptideUnique, RateConstants, Correlations, RootMeanRSS, AbsoluteIsotopeError, Charge, m/z(Sequence), NEH, Abundance, NDP, Rsquared,sigma,CI lower band, CI upper band
ELGHPEIGDAIAR, Yes, 0.60037, 0.945801, 0.045800, 0.034598,  2,   689.35968,  33, 191493264.000000, 9.000000, 0.498458, 0.234189, 0.060326, 1.140406
QNFIQHFSQIVK, Yes, 0.61027, 0.509960, 0.107864, 0.074939,  2,   744.90152,  22, 245632016.000000, 8.000000, -0.552565, 0.428796, 0.000000, 2.953033
ALYEALDLQSAFFK, Yes, 0.93007, 0.964182, 0.028355, 0.079250,  2,   808.42194,  27, 168411152.000000, 9.000000, 0.902550, 0.210007, 0.445796, 1.414349
GLTVVQAFQELVEPK, Yes, 0.68826, 0.969837, 0.022422, 0.112802,  3,   553.31017,  28, 37728740.000000, 9.000000, 0.931493, 0.106404, 0.442894, 0.933630
QILEENYGQKDPEK, Yes, 1.25041, 0.715789, 0.077690, 0.032983,  3,   564.28092,  31, 90013128.000000, 9.000000, 0.253816, 0.971508, 0.000000, 2.695225
QILEENYGQKDPEK, Yes, 0.96058, 0.966147, 0.023653, 0.045203,  2,   845.91774,  31, 221524688.000000, 9.000000, 0.760875, 0.316641, 0.230406, 1.690758
SLIEQcSAPLPPSIFMELANK, Yes, 0.91644, 0.925703, 0.038717, 0.038436,  2,  1173.09760,  44, 98086496.000000, 9.000000, 0.162232, 0.552412, 0.000000, 3.986612
SLIEQcSAPLPPSIFMELANK, Yes, 1.35489, 0.632371, 0.114095, 0.031636,  3,   782.40083,  44, 73793624.000000, 9.000000, -5.469932, 2.097111, 0.000000, 4.077028
TAFYSFYLPIAAAMYMAGIDGEKEHANALK, Yes, 2.19722, 0.982963, 0.035587, 0.034453,  4,   824.15568,  60, 76139920.000000, 9.000000, -1.355643, 3.186018, 0.696572, 3.697864
LKEVLEYNALGGK, Yes, 0.70438, 0.967416, 0.045427, 0.061874,  2,   717.40355,  21, 334390688.000000, 9.000000, 0.797934, 0.218795, 0.199838, 1.208923
GLTVVQAFQELVEPK, Yes, 0.61109, 0.974350, 0.026292, 0.040650,  2,   829.46161,  28, 564026112.000000, 9.000000, 0.922239, 0.099487, 0.381669, 0.840505
ELGHPEIGDAIAR, Yes, 0.82547, 0.875376, 0.052352, 0.055066,  3,   459.90888,  33, 252016976.000000, 9.000000, 0.726664, 0.265426, 0.213400, 1.437548
TAFYSFYLPIAAAMYMAGIDGEK, Yes, 0.24536, 0.605584, 0.040492, 0.346914,  2,  1265.60526,  42, 919239.500000, 7.000000, 0.150722, 0.099540, 0.001796, 0.488927


MeanRateConst/CorrCutOff, 0.773027, 0.900000


MedianRateConst/RMSSCutOff, 0.704381, 0.050000
StandDev/NumberPeptides, 0.184112, 7
TotalIonCurrent, 1.43269e+11
