Peptides, PeptideUnique, RateConstants, Correlations, RootMeanRSS, AbsoluteIsotopeError, Charge, m/z(Sequence), NEH, Abundance, NDP, Rsquared,sigma,CI lower band, CI upper band
GYALLIDcR, Yes, 1.31836, 0.680895, 0.158973, 0.259229,  2,   540.77895,  15, 99271856.000000, 9.000000, 0.125726, 2.141454, 0.000000, 4.289767
HSLGSSEYPVR, Yes, 1.58025, 0.789326, 0.062598, 0.243058,  2,   616.30692,  24, 66913844.000000, 9.000000, 0.515970, 1.246597, 0.305538, 2.854969
TDGLVSLLTTSK, Yes, 0.19938, 0.899353, 0.050895, 0.312459,  2,   617.84810,  12, 182770512.000000, 9.000000, 0.633845, 0.063630, 0.052651, 0.346114
AFMEEFGAEPELAVSAPGR, Yes, 0.55182, 0.915618, 0.035535, 0.441620,  2,  1004.47765,  50, 198547760.000000, 9.000000, 0.483187, 0.203325, 0.082947, 1.020685
AFMEEFGAEPELAVSAPGR, Yes, 11.28328, 0.961881, 0.049056, 0.243541,  3,   669.98753,  50, 66120176.000000, 9.000000, 0.380390, 17184.318359, 10.247420, 12.319142
RAFMEEFGAEPELAVSAPGR, Yes, 0.07589, 0.781786, 0.111622, 0.336675,  2,  1082.52820,  53, 32125430.000000, 8.000000, -0.992744, 0.042173, 0.000000, 3.627617
RAFMEEFGAEPELAVSAPGR, Yes, 0.00809, 0.297593, 0.066763, 0.069366,  3,   722.02123,  53, 175503104.000000, 9.000000, -0.001418, 0.011984, 0.000000, 4.005347
LQFPLPSAQWSLEPGIPQWANYVK, Yes, 0.61040, 0.966072, 0.033320, 0.099935,  2,  1385.22358,  48, 21736890.000000, 9.000000, -0.173420, 0.252233, 0.028751, 1.192049
AEHSFAGVPcGIMDQLIALLGQK, Yes, 0.42258, 0.917185, 0.097499, 0.423800,  2,  1228.12724,  47, 1710993.500000, 5.000000, -9.896967, 0.297924, 0.000000, 2.878569
AEHSFAGVPcGIMDQLIALLGQK, Yes, 1.45218, 0.981644, 0.068055, 0.118929,  3,   819.08725,  47, 45899568.000000, 9.000000, -2.253139, 1.423454, 0.000000, 3.050096
SLETSLVPLSDPK, Yes, 0.35162, 0.966247, 0.135543, 0.485774,  2,   693.37975,  21, 84968048.000000, 6.000000, 0.102419, 0.336794, 0.000000, 1.518064


MeanRateConst/CorrCutOff, 4.148499, 0.900000


MedianRateConst/RMSSCutOff, 0.610400, 0.050000
StandDev/NumberPeptides, 0.337728, 3
TotalIonCurrent, 5.85763e+10
