Peptides, PeptideUnique, RateConstants, Correlations, RootMeanRSS, AbsoluteIsotopeError, Charge, m/z(Sequence), NEH, Abundance, NDP, Rsquared,sigma,CI lower band, CI upper band
VLSMTGVGQTLVWcLHK, Yes, 0.48590, 0.708263, 0.061442, 0.390774,  3,   643.67435,  20, 17687372.000000, 9.000000, -1.263573, 0.360937, 0.000000, 3.234380
SVLGNNFYEYYVNDPPR, Yes, 0.10293, 0.874253, 0.084923, 0.052757,  2,  1023.98142,  28, 310323392.000000, 9.000000, -0.646783, 0.041335, 0.007615, 0.198253
VLSMTGVGQTLVWcLHKE, Yes, 0.32007, 0.979936, 0.011717, 0.086612,  3,   686.68855,  24, 210784208.000000, 9.000000, 0.957763, 0.028980, 0.253247, 0.386902
VLSMTGVGQTLVWcLHKE, Yes, 0.33437, 0.908536, 0.040610, 0.051688,  2,  1029.52919,  24, 18101576.000000, 9.000000, -0.008989, 0.127068, 0.041352, 0.627391
MEVGPTMVGDEHSDPELMQHLGASK, Yes, 0.13621, 0.971418, 0.014472, 0.042916,  4,   674.55947,  52, 142211008.000000, 7.000000, 0.888161, 0.017421, 0.093578, 0.178835
MEVGPTMVGDEHSDPELMQHLGASK, Yes, 0.00945, 0.654442, 0.045462, 0.164985,  3,   899.07687,  52, 129633296.000000, 9.000000, -0.173192, 0.011057, 0.000000, 4.624790
MEVGPTMVGDEHSDPELMQHLGASK, Yes, 0.03881, 0.602502, 0.098129, 0.217768,  2,  1348.11166,  52, 12990991.000000, 8.000000, -0.897794, 0.027439, 0.000000, 4.162176
SVLGNNFYEYYVNDPPR, Yes, 0.45291, 0.368339, 0.141873, 0.050739,  3,   682.99004,  28, 81092456.000000, 8.000000, -9.047515, 0.460988, 0.000000, 4.199115
IVLDKLEcK, Yes, 0.19559, 0.913726, 0.039370, 0.763619,  2,   559.31791,  11, 94241856.000000, 9.000000, 0.723938, 0.058903, 0.059763, 0.331426


MeanRateConst/CorrCutOff, 0.246562, 0.900000


MedianRateConst/RMSSCutOff, 0.195595, 0.050000
StandDev/NumberPeptides, 0.034260, 4
TotalIonCurrent, 6.59186e+10
