Peptides, PeptideUnique, RateConstants, Correlations, RootMeanRSS, AbsoluteIsotopeError, Charge, m/z(Sequence), NEH, Abundance, NDP, Rsquared,sigma,CI lower band, CI upper band
DYAAYNVLDDPELR, Yes, 0.89081, 0.977846, 0.021082, 0.066036,  2,   827.39137,  28, 124539752.000000, 9.000000, 0.914991, 0.157007, 0.528755, 1.252871
GTPEQPQcGFSNAVVQILR, Yes, 1.24194, 0.655074, 0.091097, 0.134800,  3,   701.02135,  41, 40307592.000000, 9.000000, -0.964690, 1.387916, 0.000000, 3.366198
GTPEQPQcGFSNAVVQILR, Yes, 0.30058, 0.995626, 0.009221, 0.023418,  2,  1051.02839,  41, 78404376.000000, 9.000000, 0.986633, 0.014181, 0.267878, 0.333282


MeanRateConst/CorrCutOff, 0.811109, 0.900000


MedianRateConst/RMSSCutOff, 0.890813, 0.050000
StandDev/NumberPeptides, 0.038657, 2
TotalIonCurrent, 1.8673e+10
