Peptides, PeptideUnique, RateConstants, Correlations, RootMeanRSS, AbsoluteIsotopeError, Charge, m/z(Sequence), NEH, Abundance, NDP, Rsquared,sigma,CI lower band, CI upper band
LAILALPSR, Yes, 1.33568, 0.980186, 0.027866, 0.061474,  2,   477.31074,  19, 20580406.000000, 6.000000, 0.915282, 0.404566, 0.295710, 2.375649
LLQLAcPGTGEADAR, Yes, 0.85522, 0.955129, 0.056039, 0.406137,  2,   786.39594,  35, 9589593.000000, 6.000000, 0.875170, 0.326163, 0.016793, 1.693653
FLTPLGTVFAFATSEAFNK, Yes, 18.99196, 0.954294, 0.022579, 0.152173,  3,   687.69457,  29, 2850369.000000, 7.000000, 0.854001, 27808506.000000, 17.645506, 20.338419
FLTPLGTVFAFATSEAFNK, Yes, 1.85449, 0.888103, 0.045003, 0.182590,  2,  1031.03822,  29, 1879693.250000, 6.000000, 0.189230, 2.087631, 0.154500, 3.554475


MeanRateConst/CorrCutOff, 10.163821, 0.900000


MedianRateConst/RMSSCutOff, 18.991962, 0.050000
StandDev/NumberPeptides, 0.809131, 2
TotalIonCurrent, 9.56202e+08
