Peptides, PeptideUnique, RateConstants, Correlations, RootMeanRSS, AbsoluteIsotopeError, Charge, m/z(Sequence), NEH, Abundance, NDP, Rsquared,sigma,CI lower band, CI upper band
KLWEEQQAAAK, Yes, 0.47015, 0.874479, 0.073776, 0.107898,  2,   651.34603,  29, 134476912.000000, 7.000000, 0.690768, 0.233479, 0.000000, 1.893768
EKESLQQLAEVTR, Yes, 0.47328, 0.983981, 0.024918, 0.035127,  2,   765.90973,  32, 72835864.000000, 9.000000, 0.950619, 0.053982, 0.348799, 0.597763
YEQGTGcWQGPNR, Yes, 0.33315, 0.993031, 0.011929, 0.021879,  2,   776.83352,  28, 216484416.000000, 9.000000, 0.984184, 0.018850, 0.289682, 0.376618
MPPYDEETQAIIDAAQEAR, Yes, 0.47923, 0.938062, 0.034357, 0.058185,  2,  1074.49930,  51, 25221114.000000, 7.000000, 0.318341, 0.174287, 0.052761, 0.905692
HGGSPTSLGTWGSWAGPDHDK, Yes, 11.21176, 0.604764, 0.053387, 0.547946,  2,  1075.48796,  38, 2930043.500000, 4.000000, -3.800817, 94922.273438, 3.677361, 18.746151
HGGSPTSLGTWGSWAGPDHDKFSAMK, Yes, 0.00083, -0.990729, 0.080790, 0.195906,  3,   905.41873,  47, 39675996.000000, 3.000000, -0.883343, 0.190534, 0.000000, 11.461454
HGGSPTSLGTWGSWAGPDHDKFSAMK, Yes, 0.33934, 0.965253, 0.017746, 0.050537,  4,   679.31587,  47, 193563888.000000, 7.000000, 0.877024, 0.058323, 0.196628, 0.482050
SLEDQVETLR, Yes, 0.15457, 0.938662, 0.038816, 0.275594,  2,   595.30659,  21, 175639632.000000, 8.000000, 0.815293, 0.028411, 0.087385, 0.221750
ESLQQLAEVTR, Yes, 0.37157, 0.927252, 0.053111, 0.180306,  2,   637.34096,  27, 168394288.000000, 8.000000, 0.693094, 0.095333, 0.146141, 0.596997


MeanRateConst/CorrCutOff, 0.406249, 0.900000


MedianRateConst/RMSSCutOff, 0.339339, 0.050000
StandDev/NumberPeptides, 0.042346, 4
TotalIonCurrent, 5.21048e+10
