Peptides, PeptideUnique, RateConstants, Correlations, RootMeanRSS, AbsoluteIsotopeError, Charge, m/z(Sequence), NEH, Abundance, NDP, Rsquared,sigma,CI lower band, CI upper band
YGVVVcEADTGR, Yes, 0.17951, 0.668016, 0.084693, 0.147488,  2,   663.31136,  21, 18666286.000000, 9.000000, 0.336649, 0.071146, 0.015451, 0.343578
DFLTGMcLFLQSLR, Yes, 3.71865, 0.764986, 0.052010, 0.199806,  2,   850.92857,  19, 6134747.500000, 9.000000, -2.556481, 17.793440, 1.916981, 5.520313
ISMSHEEEPLGTAGPLALAR, Yes, 0.38199, 0.986629, 0.028709, 0.049207,  3,   693.68948,  48, 35325872.000000, 7.000000, 0.830571, 0.073601, 0.201892, 0.562081
ISMSHEEEPLGTAGPLALAR, Yes, 0.80987, 0.935570, 0.058621, 0.243244,  2,  1040.03058,  48, 11442300.000000, 7.000000, -0.059842, 0.431895, 0.000000, 4.375400
FVEKPQVFVSNK, Yes, 0.34661, 0.967337, 0.040915, 0.304464,  2,   711.39300,  18, 16397001.000000, 5.000000, 0.236544, 0.121428, 0.009471, 0.683748
LYSGPGIVGNVLVDPSAR, Yes, 0.61424, -0.292308, 0.088512, 0.231858,  2,   907.49398,  32, 56914268.000000, 8.000000, -2.743395, 1.201513, 0.000000, 6.398114


MeanRateConst/CorrCutOff, 0.364298, 0.900000


MedianRateConst/RMSSCutOff, 0.381986, 0.050000
StandDev/NumberPeptides, 0.091650, 2
TotalIonCurrent, 5.25643e+09
