Peptides, PeptideUnique, RateConstants, Correlations, RootMeanRSS, AbsoluteIsotopeError, Charge, m/z(Sequence), NEH, Abundance, NDP, Rsquared,sigma,CI lower band, CI upper band
EVYTHFTcATDTK, Yes, 1.00496, 0.953697, 0.072912, 0.043057,  2,   786.85359,  16, 29815600.000000, 8.000000, 0.383818, 0.874861, 0.000000, 2.911769
ISQTNYIPTQQDVLR, Yes, 0.00317, 0.236869, 0.143182, 0.143655,  2,   888.46795,  28, 202430864.000000, 8.000000, 0.002198, 0.025403, 0.000000, 5.483768
EYQLNDSASYYLNDLDR, Yes, 18.62069, 0.652223, 0.099777, 0.344756,  2,  1039.96869,  33, 13959900.000000, 5.000000, 0.064798, 70643720.000000, 15.031137, 22.210239
EVYTHFTcATDTK, Yes, 0.60126, 0.970069, 0.048709, 0.052700,  3,   524.90482,  16, 77701984.000000, 8.000000, 0.682304, 0.278497, 0.000000, 1.549588


MeanRateConst/CorrCutOff, 0.601256, 0.900000


MedianRateConst/RMSSCutOff, 0.601256, 0.050000
StandDev/NumberPeptides, 0.278497, 1
TotalIonCurrent, 5.82502e+09
