Peptides, PeptideUnique, RateConstants, Correlations, RootMeanRSS, AbsoluteIsotopeError, Charge, m/z(Sequence), NEH, Abundance, NDP, Rsquared,sigma,CI lower band, CI upper band
VDFAQPFSLK, Yes, 0.03006, 0.369752, 0.156015, 0.211268,  2,   576.30841,  17, 56445668.000000, 9.000000, 0.158173, 0.024736, 0.000000, 3.714429
NVIYINETHTR, Yes, 0.80023, 0.921572, 0.027885, 0.077528,  2,   680.35440,  17, 146790528.000000, 9.000000, 0.862683, 0.200333, 0.338257, 1.262196
ILQEMVATVSPGMIR, Yes, 0.14218, 0.899131, 0.055169, 0.250667,  2,   822.94421,  28, 9071476.000000, 7.000000, 0.267309, 0.059572, 0.000000, 2.367365
GMFATSVTENVLSSSR, Yes, 1.38530, 0.756160, 0.070951, 0.387415,  2,   843.41179,  29, 7331171.000000, 7.000000, 0.488666, 0.913653, 0.285572, 2.485023
AATETNLPLLFLPVHR, Yes, 0.85297, 0.969167, 0.018482, 0.050651,  3,   598.00871,  29, 96889376.000000, 9.000000, 0.935741, 0.135326, 0.540907, 1.165031
APYIASGNNLNIPVFSTLIHK, Yes, 0.94955, 0.954164, 0.020148, 0.117465,  3,   757.08282,  35, 33089264.000000, 8.000000, 0.938812, 0.169462, 0.548839, 1.350266
ALLHGHVVELLR, Yes, 0.51698, 0.967576, 0.060583, 0.340070,  3,   452.94186,  22, 22925502.000000, 5.000000, 0.774777, 0.249551, 0.000000, 1.063828
ALLHGHVVELLR, Yes, 0.54840, 0.900866, 0.055621, 0.210350,  2,   678.90915,  22, 8921305.000000, 5.000000, 0.110713, 0.547373, 0.000000, 1.584789
LIANLAEHILFTASK, Yes, 0.34139, 0.916008, 0.060753, 0.283690,  3,   547.65051,  28, 6067308.000000, 5.000000, 0.537993, 0.152342, 0.000000, 1.244122
AATETNLPLLFLPVHR, Yes, 0.62415, 0.958462, 0.024390, 0.168242,  2,   896.50942,  29, 12442437.000000, 8.000000, 0.886459, 0.122597, 0.334249, 0.914042


MeanRateConst/CorrCutOff, 0.806723, 0.900000


MedianRateConst/RMSSCutOff, 0.852969, 0.050000
StandDev/NumberPeptides, 0.151291, 4
TotalIonCurrent, 1.32708e+10
