Peptides, PeptideUnique, RateConstants, Correlations, RootMeanRSS, AbsoluteIsotopeError, Charge, m/z(Sequence), NEH, Abundance, NDP, Rsquared,sigma,CI lower band, CI upper band
PMTLGYWNTR, Yes, 1.75795, 0.952907, 0.018476, 0.172570,  2,   619.80296,  12, 740857664.000000, 9.000000, 0.528190, 1.325249, 0.615505, 2.900387
YVmGDAPNFDR, Yes, 0.09307, 0.895605, 0.049364, 0.127364,  2,   650.78497,  20, 15840681.000000, 7.000000, 0.443532, 0.040910, 0.000000, 2.810513
VDTLENQVMDTR, Yes, 0.39461, 0.953111, 0.025897, 0.431661,  2,   710.84047,  20, 300520384.000000, 9.000000, 0.907566, 0.057807, 0.261307, 0.527913
LLLEYTDSSYEEK, Yes, 1.59879, 0.456663, 0.133528, 0.065922,  2,   795.38267,  22, 110888288.000000, 8.000000, -2.527797, 3.473478, 0.000000, 4.848826
IRVDTLENQVMDTR, Yes, 0.69998, 0.943404, 0.087023, 0.078404,  2,   845.43306,  24, 52637416.000000, 7.000000, -4.252728, 0.748015, 0.000000, 7.181884
IQLMIVccSPDFEK, Yes, 0.21618, 0.979882, 0.015446, 0.059370,  2,   870.41189,  23, 153205376.000000, 9.000000, 0.928545, 0.024755, 0.159093, 0.273264
LLLEYTDSSYEEKR, Yes, 0.28654, 0.959086, 0.023572, 0.050013,  3,   582.62458,  25, 151872576.000000, 9.000000, 0.958036, 0.026282, 0.225935, 0.347146
LLLEYTDSSYEEKR, Yes, 0.19410, 0.947035, 0.034705, 0.128464,  2,   873.43322,  25, 94932312.000000, 9.000000, 0.862916, 0.029961, 0.125013, 0.263194
FNLGLDFPNLPYLIDGSHK, Yes, 0.19020, 0.974657, 0.013460, 0.062729,  3,   720.70899,  27, 107879000.000000, 9.000000, 0.967046, 0.015022, 0.155563, 0.224844
FNLGLDFPNLPYLIDGSHK, Yes, 0.00036, 0.520295, 0.151179, 0.311846,  2,  1080.55984,  27, 187560000.000000, 9.000000, -0.912609, 0.029292, 0.000000, 7.043181


MeanRateConst/CorrCutOff, 0.221756, 0.900000


MedianRateConst/RMSSCutOff, 0.216178, 0.050000
StandDev/NumberPeptides, 0.022423, 4
TotalIonCurrent, 8.54278e+10
