Peptides, PeptideUnique, RateConstants, Correlations, RootMeanRSS, AbsoluteIsotopeError, Charge, m/z(Sequence), NEH, Abundance, NDP, Rsquared,sigma,CI lower band, CI upper band
SFEEIAAEFR, Yes, 0.40466, 0.989481, 0.021365, 0.052005,  2,   599.79056,  27, 323961184.000000, 8.000000, 0.804523, 0.088583, 0.195198, 0.614129
FGPAHALIIAGR, Yes, 0.56262, 0.765990, 0.129411, 0.273766,  3,   408.24001,  27, 59489784.000000, 6.000000, -0.094437, 0.848696, 0.000000, 4.883999
SVSGLYcGLISGLVPMYIGEIAPTTLR, Yes, 10.44319, 0.939217, 0.047906, 0.460324,  3,   956.50637,  43, 2754238.250000, 8.000000, -1.438202, 12804.777344, 8.872832, 12.013553
FGPAHALIIAGR, Yes, 0.32387, 0.899431, 0.047627, 0.300702,  2,   611.85638,  27, 30520984.000000, 6.000000, 0.357337, 0.119362, 0.017037, 0.630699


MeanRateConst/CorrCutOff, 5.423928, 0.900000


MedianRateConst/RMSSCutOff, 10.443192, 0.050000
StandDev/NumberPeptides, 0.177165, 2
TotalIonCurrent, 9.77085e+09
