Peptides, PeptideUnique, RateConstants, Correlations, RootMeanRSS, AbsoluteIsotopeError, Charge, m/z(Sequence), NEH, Abundance, NDP, Rsquared,sigma,CI lower band, CI upper band
AGLQFPVGR, No, 0.03970, 0.990188, 0.008622, 0.064219,  2,   472.76925,  19, 21146265600.000000, 9.000000, 0.963087, 0.002537, 0.033847, 0.045547
NDEELNKLLGR, Yes, 0.75599, 0.695982, 0.131932, 0.167365,  2,   650.84640,  21, 492589696.000000, 9.000000, -1.023440, 0.644542, 0.000000, 5.364618
VTIAQGGVLPNIQAVLLPK, No, 0.02814, 0.991152, 0.009938, 0.035991,  3,   644.39445,  33, 3928919296.000000, 8.000000, 0.954118, 0.002242, 0.022840, 0.033444
VTIAQGGVLPNIQAVLLPK, No, 0.05121, 0.979925, 0.009058, 0.040685,  2,   966.08804,  33, 10364393472.000000, 9.000000, 0.661247, 0.009715, 0.028809, 0.073613
HLQLAIR, No, 0.01541, 0.494193, 0.215768, 0.163162,  2,   425.76650,  16, 751176384.000000, 7.000000, -0.348963, 0.024409, 0.000000, 3.379627


MeanRateConst/CorrCutOff, 0.039683, 0.900000


MedianRateConst/RMSSCutOff, 0.039697, 0.050000
StandDev/NumberPeptides, 0.003181, 3
TotalIonCurrent, 1.42203e+12
