Peptides, PeptideUnique, RateConstants, Correlations, RootMeanRSS, AbsoluteIsotopeError, Charge, m/z(Sequence), NEH, Abundance, NDP, Rsquared,sigma,CI lower band, CI upper band
NDEELNKLLGK, Yes, 0.42402, 0.944163, 0.064537, 0.091964,  2,   636.84332,  18, 1299009408.000000, 9.000000, -1.016784, 0.182302, 0.003633, 0.844410
NDEELNKLLGK, Yes, 0.20390, 0.716160, 0.100101, 0.497609,  3,   424.89797,  18, 302107936.000000, 8.000000, 0.198863, 0.067603, 0.044043, 0.363756
AGLQFPVGR, No, 0.01758, 1.000000, 0.058287, 0.025314,  2,   472.76925,  19, 13457262592.000000, 2.000000, 0.584505, 0.017738, 0.000000, 1.011999
VTIAQGGVLPNIQAVLLPK, No, 0.01571, 1.000000, 0.014672, 0.019311,  2,   966.08804,  33, 5839849472.000000, 2.000000, 0.910045, 0.004969, 0.000000, 1.230033
VTIAQGGVLPNIQAVLLPK, No, 0.02375, 1.000000, 0.023580, 0.033270,  3,   644.39445,  33, 2397778432.000000, 2.000000, 0.874259, 0.010220, 0.000000, 1.046747


MeanRateConst/CorrCutOff, 0.136993, 0.900000


MedianRateConst/RMSSCutOff, 0.023751, 0.050000
StandDev/NumberPeptides, 0.013307, 0
TotalIonCurrent, 1.54764e+11
