Peptides, PeptideUnique, RateConstants, Correlations, RootMeanRSS, AbsoluteIsotopeError, Charge, m/z(Sequence), NEH, Abundance, NDP, Rsquared,sigma,CI lower band, CI upper band
LAFPELDMVDLQR, Yes, 0.41591, 0.979680, 0.027202, 0.142870,  2,   773.90033,  25, 39592284.000000, 8.000000, 0.712478, 0.082969, 0.219722, 0.612102
SDFPAIEGVLLLGEPVR, Yes, 0.97699, 0.779509, 0.154438, 0.026657,  2,   906.49872,  33, 80207936.000000, 8.000000, -26.251966, 1.308990, 0.000000, 7.682252
YEGLMGKPSILTYQYAEDVIR, Yes, 0.00054, 0.401590, 0.135494, 0.185153,  3,   816.08226,  37, 37702312.000000, 8.000000, -0.438090, 0.028232, 0.000000, 6.295934
ALGFQNVVTIDELR, Yes, 0.15644, 0.950571, 0.043038, 0.204678,  2,   787.93048,  25, 26794476.000000, 8.000000, 0.402718, 0.040917, 0.059690, 0.253196
VPVVFVTNAGNILQHNK, Yes, 0.00956, 0.415315, 0.094103, 0.312266,  3,   617.34762,  26, 83007208.000000, 7.000000, 0.108818, 0.018044, 0.000000, 4.187299


MeanRateConst/CorrCutOff, 0.286178, 0.900000


MedianRateConst/RMSSCutOff, 0.415912, 0.050000
StandDev/NumberPeptides, 0.054806, 2
TotalIonCurrent, 6.06233e+09
