Peptides, PeptideUnique, RateConstants, Correlations, RootMeanRSS, AbsoluteIsotopeError, Charge, m/z(Sequence), NEH, Abundance, NDP, Rsquared,sigma,CI lower band, CI upper band
LEAPcQQWMELR, Yes, 0.70460, 0.993760, 0.021149, 0.075944,  2,   780.86850,  29, 616785664.000000, 9.000000, 0.939962, 0.106787, 0.458346, 0.950847
LEAPcQQWmELR, Yes, 0.41187, 0.974277, 0.023873, 0.071983,  2,   788.86596,  29, 50010544.000000, 9.000000, 0.938779, 0.052090, 0.291746, 0.531986
cPGLLTPSQIKPGTYK, Yes, 0.15351, 0.379414, 0.181990, 0.094084,  3,   587.31856,  24, 435178464.000000, 9.000000, -0.093207, 0.143288, 0.000000, 4.344897
cPGLLTPSQIKPGTYK, Yes, 0.17156, 0.839275, 0.060059, 0.049965,  2,   880.47420,  24, 103181928.000000, 9.000000, 0.418998, 0.066770, 0.017592, 0.325537
FHVPLLLSPWSYTTYR, Yes, 0.41542, 0.977547, 0.014714, 0.043754,  3,   660.68412,  20, 568843904.000000, 9.000000, 0.872498, 0.063889, 0.268097, 0.562751
FHVPLLLSPWSYTTYR, Yes, 0.33904, 0.873864, 0.052663, 0.551671,  2,   990.52253,  20, 152978592.000000, 8.000000, -0.462229, 0.308896, 0.000000, 3.276622


MeanRateConst/CorrCutOff, 0.510629, 0.900000


MedianRateConst/RMSSCutOff, 0.415424, 0.050000
StandDev/NumberPeptides, 0.067852, 3
TotalIonCurrent, 1.46247e+11
