Peptides, PeptideUnique, RateConstants, Correlations, RootMeanRSS, AbsoluteIsotopeError, Charge, m/z(Sequence), NEH, Abundance, NDP, Rsquared,sigma,CI lower band, CI upper band
SSSGLLEWDSK, Yes, 0.69477, 0.982823, 0.017464, 0.081972,  2,   604.79331,  20, 89900504.000000, 9.000000, 0.965599, 0.074632, 0.522667, 0.866869
VFNVFcLYGNVEK, Yes, 0.90977, 0.710972, 0.066929, 0.087291,  2,   794.89505,  15, 121091704.000000, 9.000000, 0.404795, 0.760661, 0.000000, 4.964125
ASLNGADIYSGccTLK, Yes, 0.35776, 0.475100, 0.110497, 0.210438,  2,   865.39782,  27, 223754048.000000, 9.000000, -2.541515, 0.218642, 0.000000, 3.137507
SDALETLGFLNHYQMK, Yes, 0.41572, 0.979644, 0.013745, 0.052010,  3,   622.97333,  27, 101749072.000000, 9.000000, 0.955944, 0.039185, 0.325356, 0.506077
SDALETLGFLNHYQMK, Yes, 0.67956, 0.982526, 0.013959, 0.039747,  2,   933.95636,  27, 57672616.000000, 9.000000, 0.949124, 0.085385, 0.482663, 0.876457
SKPGAAMVEMADGYAVDR, Yes, 1.39700, 0.385544, 0.163951, 0.154231,  3,   623.29408,  40, 182755248.000000, 9.000000, -1.752166, 3.331595, 0.000000, 5.541719
SKPGAAMVEMADGYAVDR, Yes, 0.78060, 0.801829, 0.116207, 0.150440,  2,   934.43747,  40, 76431960.000000, 9.000000, -3.847445, 0.703877, 0.000000, 5.964191
QPAIMPGQSYGLEDGScSYK, Yes, 0.10481, 0.966112, 0.030619, 0.134226,  2,  1094.48790,  42, 8003413.000000, 6.000000, 0.728312, 0.028268, 0.032149, 0.177480
NDQDTWDYTNPNLSGQGDPGSNPNKR, Yes, 0.49239, 0.973284, 0.031919, 0.069927,  3,   964.09228,  49, 90116600.000000, 7.000000, 0.525294, 0.170032, 0.076339, 0.908445
YGPQYGHPPPPPPPPDYGPHADSPVLMVYGLDQSK, Yes, 0.00097, 0.825158, 0.051843, 0.527118,  3,  1257.60312,  70, 11445974.000000, 5.000000, -1.558962, 0.084523, 0.000000, 6.814363
YGPQYGHPPPPPPPPDYGPHADSPVLMVYGLDQSK, Yes, 0.00037, 0.449382, 0.155133, 0.601038,  4,   943.45416,  70, 134748800.000000, 9.000000, -2.605043, 0.055473, 0.000000, 10.251514
AITHLNNNFMFGQK, Yes, 0.20342, 0.550398, 0.113149, 0.182921,  2,   817.90902,  22, 283524320.000000, 9.000000, -0.160506, 0.105757, 0.000000, 2.933095
NPNGPYPYTLK, Yes, 0.61807, 0.945114, 0.021318, 0.668429,  2,   632.32203,  15, 63960200.000000, 9.000000, 0.848313, 0.123683, 0.332856, 0.903281


MeanRateConst/CorrCutOff, 0.621197, 0.900000


MedianRateConst/RMSSCutOff, 0.618068, 0.050000
StandDev/NumberPeptides, 0.102361, 4
TotalIonCurrent, 6.65082e+10
