Peptides, PeptideUnique, RateConstants, Correlations, RootMeanRSS, AbsoluteIsotopeError, Charge, m/z(Sequence), NEH, Abundance, NDP, Rsquared,sigma,CI lower band, CI upper band
LLSLISIALPENK, Yes, 0.21013, 0.952867, 0.079166, 0.220259,  2,   705.93194,  22, 5844208.000000, 5.000000, 0.497543, 0.118593, 0.000000, 1.637920
LGSSGLGSASSIQAAVR, Yes, 0.33370, 1.000000, 0.149980, 0.338661,  2,   780.92064,  41, 2612538.750000, 3.000000, -0.466548, 0.369107, 0.000000, 4.359040
SAATSGAGSTTSGVVSGSLGSR, Yes, 0.24835, 0.998692, 0.019474, 0.256554,  2,   948.96652,  46, 4276490.500000, 3.000000, 0.950546, 0.043147, 0.062705, 0.433994
IPIPLMDYILNVMK, Yes, 0.63350, 0.583694, 0.070683, 0.354363,  2,   830.46424,  16, 100511296.000000, 7.000000, -0.231216, 0.593553, 0.000000, 3.409832


MeanRateConst/CorrCutOff, 0.356419, 0.900000


MedianRateConst/RMSSCutOff, 0.333701, 0.050000
StandDev/NumberPeptides, 0.111102, 0
TotalIonCurrent, 3.15119e+08
