Peptides, PeptideUnique, RateConstants, Correlations, RootMeanRSS, AbsoluteIsotopeError, Charge, m/z(Sequence), NEH, Abundance, NDP, Rsquared,sigma,CI lower band, CI upper band
GKETTDDPVEYVLK, Yes, 0.03323, 0.447933, 0.138510, 0.155922,  2,   797.40396,  19, 27063586.000000, 7.000000, -1.070133, 0.032771, 0.000000, 4.476933
IQPLPSYEDQNFR, Yes, 0.42067, 0.973532, 0.020198, 0.028451,  2,   803.89663,  29, 174687008.000000, 8.000000, 0.939690, 0.047536, 0.308262, 0.533070
GDNTISLISIDSGSGVK, Yes, 0.32710, 0.896405, 0.039191, 0.081613,  2,   831.93088,  27, 8953769.000000, 7.000000, -0.310254, 0.138571, 0.000000, 2.681215
TKGDNTISLISIDSGSGVK, Yes, 0.47520, 0.800518, 0.075393, 0.345600,  2,   946.50220,  27, 37927308.000000, 9.000000, -0.482672, 0.255139, 0.000000, 2.647388
EcINHGDLNDHNILVDLSK, Yes, 0.09283, 0.922589, 0.041211, 0.056749,  3,   736.02341,  32, 24569650.000000, 7.000000, 0.419534, 0.044069, 0.000000, 2.211744
EcINHGDLNDHNILVDLSK, Yes, 0.06277, 0.866923, 0.071100, 0.382788,  2,  1103.53148,  32, 5625184.500000, 5.000000, 0.320128, 0.061739, 0.000000, 4.254123


MeanRateConst/CorrCutOff, 0.256749, 0.900000


MedianRateConst/RMSSCutOff, 0.420666, 0.050000
StandDev/NumberPeptides, 0.045737, 2
TotalIonCurrent, 1.11731e+10
