Peptides, PeptideUnique, RateConstants, Correlations, RootMeanRSS, AbsoluteIsotopeError, Charge, m/z(Sequence), NEH, Abundance, NDP, Rsquared,sigma,CI lower band, CI upper band
KLDYGQHVVAGTPGR, Yes, 0.67919, 0.989853, 0.026518, 0.160384,  2,   799.42590,  27, 16148465.000000, 7.000000, 0.868250, 0.140070, 0.336455, 1.021934
KLDYGQHVVAGTPGR, Yes, 12.82672, 0.150853, 0.226487, 0.084933,  3,   533.28636,  27, 113502856.000000, 9.000000, -2.238696, 310104.625000, 9.175712, 16.477724
LDYGQHVVAGTPGR, Yes, 0.39458, 0.968559, 0.125837, 0.774724,  2,   735.37842,  27, 22920138.000000, 3.000000, 0.311427, 0.366706, 0.000000, 3.189159
MLVLDEADEMLNK, Yes, 1.24536, 0.717037, 0.075415, 0.214502,  2,   760.87037,  22, 49212004.000000, 8.000000, 0.464582, 1.089679, 0.000000, 2.899231
EANFTVSSMHGDMPQK, Yes, 0.30311, 0.926672, 0.073315, 1.203125,  2,   889.89545,  32, 10260164.000000, 6.000000, 0.448511, 0.151998, 0.000000, 1.465366


MeanRateConst/CorrCutOff, 0.679194, 0.900000


MedianRateConst/RMSSCutOff, 0.679195, 0.050000
StandDev/NumberPeptides, 0.140070, 1
TotalIonCurrent, 1.0156e+10
