Peptides, PeptideUnique, RateConstants, Correlations, RootMeanRSS, AbsoluteIsotopeError, Charge, m/z(Sequence), NEH, Abundance, NDP, Rsquared,sigma,CI lower band, CI upper band
YLATSQVLLSPK, Yes, 0.58849, 0.977677, 0.034182, 0.109955,  2,   660.38209,  19, 55993260.000000, 8.000000, 0.898872, 0.146389, 0.242336, 0.934646
GVASVcVEDWNNR, Yes, 1.87712, 0.825958, 0.115658, 0.677082,  2,   753.34372,  25, 8651207.000000, 7.000000, -0.979080, 2.614414, 0.000000, 3.908039
SILEGSDEYLVcK, Yes, 0.25353, 0.917234, 0.041783, 0.173109,  2,   756.86615,  22, 105604360.000000, 8.000000, 0.663722, 0.079308, 0.065994, 0.441062
GFSPADISVQWLQR, Yes, 1.37986, 0.830776, 0.090949, 0.098325,  2,   802.41500,  29, 28638118.000000, 9.000000, -1.450859, 1.358047, 0.000000, 3.099511
LVESGFTTDPVTIENK, Yes, 0.67976, 0.943896, 0.025808, 0.164371,  2,   875.44890,  23, 30975874.000000, 9.000000, 0.785707, 0.188443, 0.245212, 1.114313
DLHVPIPAVAEMNPNVNVFVPPR, Yes, 0.55386, 0.890598, 0.028458, 0.204964,  3,   842.44929,  44, 14008799.000000, 9.000000, 0.614376, 0.185568, 0.125941, 0.981785


MeanRateConst/CorrCutOff, 0.507261, 0.900000


MedianRateConst/RMSSCutOff, 0.588491, 0.050000
StandDev/NumberPeptides, 0.121228, 3
TotalIonCurrent, 7.34362e+09
