Peptides, PeptideUnique, RateConstants, Correlations, RootMeanRSS, AbsoluteIsotopeError, Charge, m/z(Sequence), NEH, Abundance, NDP, Rsquared,sigma,CI lower band, CI upper band
RADAAPTVSIFPPSSEQLTSGGASVVcFLNNFYPK, Yes, 0.77084, 0.879210, 0.055737, 0.066833,  3,  1243.28568,  68, 28876958.000000, 9.000000, -13.899159, 0.767666, 0.000000, 6.338259
ADAAPTVSIFPPSSEQLTSGGASVVcFLNNFYPK, Yes, 0.00133, -0.267756, 0.096058, 0.136741,  3,  1191.25198,  64, 9690596.000000, 9.000000, -2.862375, 0.029174, 0.000000, 7.313416
RADAAPTVSIFPPSSEQLTSGGASVVcFLNNFYPK, Yes, 0.01372, 0.485232, 0.043121, 0.508514,  4,   932.71608,  68, 23441580.000000, 9.000000, -0.359843, 0.023560, 0.000000, 5.084628


MeanRateConst/CorrCutOff, 0.261964, 0.900000


MedianRateConst/RMSSCutOff, 0.013717, 0.050000
StandDev/NumberPeptides, 0.038449, 0
TotalIonCurrent, 7.06978e+09
