Peptides, PeptideUnique, RateConstants, Correlations, RootMeanRSS, AbsoluteIsotopeError, Charge, m/z(Sequence), NEH, Abundance, NDP, Rsquared,sigma,CI lower band, CI upper band
ILPTLEAVAALGNK, Yes, 0.13328, 0.964989, 0.041028, 0.157048,  2,   705.42174,  26, 58315724.000000, 7.000000, 0.680145, 0.031571, 0.056027, 0.210528
VKPAPDETSFSEALLK, Yes, 17.54374, 0.974691, 0.047774, 0.178694,  3,   577.97696,  31, 33242878.000000, 8.000000, 0.506501, 8538993.000000, 16.531546, 18.555925
NQDLAPNSAEQASILSLVTK, Yes, 0.25585, 0.853817, 0.066925, 0.271878,  2,  1050.05256,  44, 16954302.000000, 8.000000, 0.455565, 0.076222, 0.075609, 0.436083
VLQSALAAIR, Yes, 0.10273, 0.995730, 0.070331, 0.058932,  2,   521.32438,  24, 106588192.000000, 4.000000, 0.536373, 0.046527, 0.000000, 0.654553
VKPAPDETSFSEALLK, Yes, 0.72317, 0.614965, 0.096842, 0.213319,  2,   866.46180,  31, 9231780.000000, 7.000000, -0.505311, 0.587435, 0.000000, 5.623862


MeanRateConst/CorrCutOff, 8.838506, 0.900000


MedianRateConst/RMSSCutOff, 17.543736, 0.050000
StandDev/NumberPeptides, 0.063141, 2
TotalIonCurrent, 6.01823e+09
