Peptides, PeptideUnique, RateConstants, Correlations, RootMeanRSS, AbsoluteIsotopeError, Charge, m/z(Sequence), NEH, Abundance, NDP, Rsquared,sigma,CI lower band, CI upper band
SLVEIADTVPK, Yes, 0.99566, 0.977862, 0.059185, 0.189196,  2,   586.33207,  18, 21402212.000000, 8.000000, 0.523772, 0.696944, 0.000000, 4.095068
TKENVNATENcISAVGK, Yes, 0.34786, 0.978263, 0.034456, 0.137450,  2,   917.95180,  31, 4112294.000000, 5.000000, 0.823058, 0.078188, 0.130769, 0.564941
TKENVNATENcISAVGK, Yes, 0.04209, 0.798726, 0.105026, 0.069707,  3,   612.30363,  31, 36725644.000000, 5.000000, 0.242724, 0.053677, 0.000000, 5.874081
LVLEQVVTSIASVADTAEEK, Yes, 17.66039, 0.190801, 0.198170, 0.078474,  3,   701.37908,  40, 6291720.000000, 8.000000, -5.948730, 44501376.000000, 13.394669, 21.926102
AIGTEPDSDVLSEIMHSFAK, Yes, 0.39196, 0.864067, 0.072366, 0.081608,  3,   716.34902,  40, 23632154.000000, 8.000000, -0.187843, 0.207396, 0.000000, 2.697470
LcGDTNLNNMQR, Yes, 0.69922, 0.481856, 0.120272, 0.136436,  2,   718.32446,  21, 251633264.000000, 6.000000, -1.322617, 0.638148, 0.000000, 7.309629


MeanRateConst/CorrCutOff, 0.347855, 0.900000


MedianRateConst/RMSSCutOff, 0.347855, 0.050000
StandDev/NumberPeptides, 0.078188, 1
TotalIonCurrent, 2.52062e+09
