Peptides, PeptideUnique, RateConstants, Correlations, RootMeanRSS, AbsoluteIsotopeError, Charge, m/z(Sequence), NEH, Abundance, NDP, Rsquared,sigma,CI lower band, CI upper band
SQEFYELLNK, Yes, 0.06557, 0.945740, 0.061845, 0.020804,  2,   635.81932,  18, 126529480.000000, 8.000000, 0.799996, 0.015098, 0.029871, 0.101272
EYLDTAPVLILIFK, Yes, 0.87212, 0.961580, 0.017447, 0.085154,  2,   817.97381,  18, 15848576.000000, 9.000000, 0.848456, 0.232895, 0.335064, 1.409178
AAGTAPSGAHTEPWTFVVVKDPDMK, Yes, 0.60327, 0.999869, 0.034994, 0.033602,  3,   871.43197,  45, 21613356.000000, 3.000000, 0.052533, 0.346344, 0.000000, 3.630621
LLVLLPVGYPSR, Yes, 0.37482, 0.952108, 0.031940, 0.090528,  2,   663.91083,  17, 186070128.000000, 8.000000, 0.783660, 0.076781, 0.193259, 0.556377


MeanRateConst/CorrCutOff, 0.623469, 0.900000


MedianRateConst/RMSSCutOff, 0.872121, 0.050000
StandDev/NumberPeptides, 0.115488, 2
TotalIonCurrent, 1.3338e+10
