Peptides, PeptideUnique, RateConstants, Correlations, RootMeanRSS, AbsoluteIsotopeError, Charge, m/z(Sequence), NEH, Abundance, NDP, Rsquared,sigma,CI lower band, CI upper band
QSVEADINGLR, No, 0.12293, 0.517588, 0.303572, 0.024953,  2,   601.31220,  25, 186926192.000000, 5.000000, -155.315109, 0.114894, 0.000000, 7.086755
QSVEADINGLRR, No, 0.03478, 0.975160, 0.199746, 0.072663,  2,   679.36275,  29, 137458144.000000, 4.000000, -1.775625, 0.023397, 0.000000, 7.152390
LEQEIATYR, No, 0.12404, 0.994515, 0.086670, 0.489270,  2,   561.79310,  21, 146168128.000000, 5.000000, 0.683977, 0.045443, 0.000000, 3.740132
LAADDFR, No, 0.01483, 1.000000, 0.036847, 0.086967,  2,   404.20340,  16, 533324544.000000, 2.000000, -0.068887, 0.027807, 0.000000, 49.630131


MeanRateConst/CorrCutOff, 0.074145, 0.900000


MedianRateConst/RMSSCutOff, 0.122930, 0.050000
StandDev/NumberPeptides, 0.036559, 0
TotalIonCurrent, 8.47245e+09
