Peptides, PeptideUnique, RateConstants, Correlations, RootMeanRSS, AbsoluteIsotopeError, Charge, m/z(Sequence), NEH, Abundance, NDP, Rsquared,sigma,CI lower band, CI upper band
IESLSSQLSNLQK, Yes, 14.86197, 0.783916, 0.110226, 0.182505,  2,   723.89354,  27, 101660888.000000, 8.000000, -2.760126, 1458934.125000, 12.633169, 17.090769
LSSEMNTSTVNSAR, Yes, 2.05505, 0.337637, 0.197642, 0.102328,  2,   748.85410,  28, 49614608.000000, 9.000000, -6.370844, 6.007825, 0.000000, 5.451824
KNMYEEEINETR, Yes, 0.79300, 0.375411, 0.172926, 0.142933,  2,   778.35646,  26, 6871978.000000, 7.000000, -4.833715, 1.176347, 0.000000, 9.318325
LYKEELEQTYHAK, Yes, 0.09414, 0.716199, 0.093351, 0.180937,  2,   826.41992,  26, 6982403.000000, 7.000000, -8.739745, 0.056767, 0.000000, 4.187010
NTSEQDQPMGGWEMIR, Yes, 0.01197, 0.886322, 0.058775, 0.129742,  2,   939.90909,  35, 17685048.000000, 8.000000, 0.362780, 0.005615, 0.000000, 3.852318
DQMQQQLSDYEQLLDVK, Yes, 0.08654, 0.408806, 0.145012, 0.113031,  2,  1040.99641,  36, 9371789.000000, 9.000000, -0.524150, 0.047778, 0.000000, 3.530351
TTIPEEEEEEEEEPIGVAVEEER, Yes, 0.00943, 0.921196, 0.017394, 0.093796,  2,  1336.60085,  65, 36243172.000000, 9.000000, 0.135603, 0.005737, 0.000000, 4.366741
EMAEIRDQMQQQLSDYEQLLDVK, Yes, 0.02331, 0.851796, 0.035509, 0.099106,  3,   937.44934,  53, 8800130.000000, 6.000000, -0.108856, 0.032282, 0.000000, 5.514808
ALYETELADAR, Yes, 0.13301, 0.691168, 0.091926, 0.439510,  2,   626.31440,  27, 85928008.000000, 9.000000, 0.547754, 0.030321, 0.063086, 0.202926
LYKEELEQTYHAK, Yes, 0.14678, 0.719258, 0.036416, 0.490661,  3,   551.28237,  26, 92074168.000000, 9.000000, -0.824808, 0.121829, 0.000000, 4.821031
FKAEHDQLLLNYAK, Yes, 0.11604, 0.704496, 0.089265, 0.069098,  2,   845.45156,  26, 17375152.000000, 8.000000, -0.460037, 0.063449, 0.000000, 2.759188


MeanRateConst/CorrCutOff, 0.009434, 0.900000


MedianRateConst/RMSSCutOff, 0.009434, 0.050000
StandDev/NumberPeptides, 0.005737, 1
TotalIonCurrent, 1.14791e+10
