Peptides, PeptideUnique, RateConstants, Correlations, RootMeanRSS, AbsoluteIsotopeError, Charge, m/z(Sequence), NEH, Abundance, NDP, Rsquared,sigma,CI lower band, CI upper band
NEDGQSPLLLAVR, Yes, 20.74874, 0.817217, 0.076606, 0.028195,  2,   706.38061,  28, 45650900.000000, 7.000000, 0.301419, 395240800.000000, 18.615391, 22.882088
DYSGQTPLHVAAR, Yes, 0.89073, 0.673679, 0.137372, 0.029691,  2,   707.85731,  29, 58222188.000000, 8.000000, -1.479771, 0.821200, 0.000000, 5.892143
LSYVLGQPGLSLNDR, Yes, 0.55769, 0.969197, 0.025730, 0.048941,  2,   816.44121,  26, 55796676.000000, 9.000000, 0.925089, 0.087191, 0.356622, 0.758750
LSPQELEDVGTELcR, Yes, 0.82563, 0.941577, 0.033016, 0.094917,  2,   873.42235,  32, 75195632.000000, 9.000000, 0.804809, 0.248973, 0.251496, 1.399763
SHLVVHSSMEPDVGLLR, Yes, 0.15773, 0.744867, 0.111073, 0.227480,  2,   938.49091,  32, 21868272.000000, 4.000000, -1.198906, 0.151366, 0.000000, 4.990778
SHLVVHSSMEPDVGLLR, Yes, 0.41284, 0.728390, 0.066013, 0.059870,  3,   625.99637,  32, 20643316.000000, 9.000000, 0.551754, 0.141325, 0.086940, 0.738734
FAAFcSPNLPPLATVGADVTINR, Yes, 0.21300, 0.978993, 0.048487, 0.202726,  2,  1216.12556,  43, 4647868.000000, 5.000000, -1.014378, 0.123251, 0.000000, 3.500357
GVVMETFGSGNGPTKPDLLQELR, Yes, 0.00083, 0.804218, 0.051412, 0.217071,  2,  1223.12576,  40, 2387478.000000, 4.000000, -1.476927, 0.076786, 0.000000, 6.518692
GVVMETFGSGNGPTKPDLLQELR, Yes, 0.86619, 0.628648, 0.088545, 0.093461,  3,   815.75293,  40, 461344576.000000, 9.000000, -1.853291, 0.781877, 0.000000, 5.746677
GEMTLPATDVLLQDGMLGcR, Yes, 0.29718, 0.824975, 0.061193, 0.097059,  2,  1089.02360,  35, 13726835.000000, 7.000000, 0.563854, 0.134380, 0.000000, 2.681801


MeanRateConst/CorrCutOff, 0.532105, 0.900000


MedianRateConst/RMSSCutOff, 0.557686, 0.050000
StandDev/NumberPeptides, 0.127124, 3
TotalIonCurrent, 1.52982e+10
