Peptides, PeptideUnique, RateConstants, Correlations, RootMeanRSS, AbsoluteIsotopeError, Charge, m/z(Sequence), NEH, Abundance, NDP, Rsquared,sigma,CI lower band, CI upper band
TYPGVMHSScPQEMAAVK, Yes, 0.64778, 0.976273, 0.045707, 0.126615,  2,   996.95244,  37, 12341696.000000, 5.000000, 0.489982, 0.286207, 0.000000, 2.236451
DLAILQcHGELDPMVPVR, Yes, 0.00132, 0.131848, 0.047753, 0.338520,  2,  1032.02426,  35, 31974956.000000, 5.000000, -0.091442, 0.025704, 0.000000, 5.249375
DLAILQcHGELDPMVPVR, Yes, 0.00057, 0.072710, 0.174324, 0.084694,  3,   688.35193,  35, 68037816.000000, 5.000000, -0.319974, 0.122120, 0.000000, 8.754418
ETAAVIFLHGLGDTGHSWADALSTIR, Yes, 0.09950, 0.863968, 0.066222, 0.081789,  4,   685.35287,  49, 28905354.000000, 5.000000, -0.282177, 0.418745, 0.000000, 13.218248
MVMPSWFDLMGLSPDAPEDEAGIKK, Yes, 0.18155, 0.971954, 0.015819, 0.079159,  3,   922.10587,  46, 36086996.000000, 5.000000, 0.895125, 0.028137, 0.103426, 0.259667


MeanRateConst/CorrCutOff, 0.276883, 0.900000


MedianRateConst/RMSSCutOff, 0.181546, 0.050000
StandDev/NumberPeptides, 0.038492, 3
TotalIonCurrent, 4.73285e+09
