Peptides, PeptideUnique, RateConstants, Correlations, RootMeanRSS, AbsoluteIsotopeError, Charge, m/z(Sequence), NEH, Abundance, NDP, Rsquared,sigma,CI lower band, CI upper band
ITPENLPQILLQLK, Yes, 0.52543, 0.969541, 0.025589, 0.080669,  2,   810.49016,  24, 34049296.000000, 9.000000, 0.940869, 0.070938, 0.361849, 0.689015
ITPENLPQILLQLK, Yes, 0.89947, 0.876736, 0.049434, 0.266040,  3,   540.66253,  24, 2099404.500000, 7.000000, 0.560670, 0.442336, 0.000000, 3.864031
GDTDQASNILASFGLSAR, Yes, 1.43023, 0.907582, 0.059714, 0.196340,  2,   911.95012,  39, 63741440.000000, 8.000000, -0.273566, 1.698101, 0.000000, 3.513923
GYPHLcSIcDLPVHSNK, Yes, 0.00023, 0.308860, 0.276856, 0.094872,  3,   666.31711,  28, 105060448.000000, 9.000000, -0.324543, 0.052541, 0.000000, 8.972690
VIHLSNLPHSGYSDSAVLK, Yes, 1.69458, 0.952809, 0.065606, 0.117462,  4,   510.02455,  33, 54297488.000000, 6.000000, -0.944270, 2.413240, 0.000000, 3.913664
DLSAAGIGLLAAATQSLSMPASLGR, Yes, 12.59181, 0.951583, 0.051532, 0.227268,  3,   791.09316,  57, 7853492.000000, 9.000000, 0.196090, 69603.085938, 11.550486, 13.633129
DLSAAGIGLLAAATQSLSMPASLGR, Yes, 2.41338, 0.983822, 0.061667, 0.140340,  2,  1186.13611,  57, 1539309.000000, 9.000000, -0.535473, 3.222032, 1.191232, 3.635531
YQLLQLVEPFGVISNHLILNK, Yes, 1.10618, 0.966801, 0.019721, 0.084410,  3,   813.46504,  33, 42326476.000000, 9.000000, 0.651186, 0.438776, 0.094360, 2.117997
YQLLQLVEPFGVISNHLILNK, Yes, 5.78431, 0.963692, 0.026044, 0.274012,  2,  1219.69392,  33, 3437163.500000, 7.000000, -0.049070, 110.260750, 4.864469, 6.704148
TEEGPTLSYGR, Yes, 0.80028, 0.913787, 0.095460, 0.759246,  2,   605.29094,  22, 19539506.000000, 9.000000, 0.550617, 0.452388, 0.000000, 3.439467


MeanRateConst/CorrCutOff, 2.471973, 0.900000


MedianRateConst/RMSSCutOff, 1.106178, 0.050000
StandDev/NumberPeptides, 0.183095, 3
TotalIonCurrent, 1.30788e+10
