Peptides, PeptideUnique, RateConstants, Correlations, RootMeanRSS, AbsoluteIsotopeError, Charge, m/z(Sequence), NEH, Abundance, NDP, Rsquared,sigma,CI lower band, CI upper band
VGDTSLDPNDFDFTVTGR, Yes, 13.18837, 0.378772, 0.047841, 0.241650,  2,   978.45273,  25, 16415632.000000, 7.000000, -8.133481, 493181.781250, 8.913316, 17.463425
AETSESSGSAPAVPEASASPK, Yes, 0.17760, 0.876768, 0.117469, 0.157470,  2,   980.46071,  58, 6972922.500000, 7.000000, -3.801167, 0.092257, 0.000000, 3.814784
KPGSVVAAAAAEAK, Yes, 0.25861, 0.887960, 0.118845, 0.585981,  3,   423.91021,  37, 7484749.500000, 7.000000, -0.235421, 0.091168, 0.035529, 0.481690


MeanRateConst/CorrCutOff, 4.541526, 0.900000


MedianRateConst/RMSSCutOff, 0.258610, 0.050000
StandDev/NumberPeptides, 0.137564, 0
TotalIonCurrent, 8.48672e+08
