Peptides, PeptideUnique, RateConstants, Correlations, RootMeanRSS, AbsoluteIsotopeError, Charge, m/z(Sequence), NEH, Abundance, NDP, Rsquared,sigma,CI lower band, CI upper band
HGNEIYIAPSGVQK, Yes, 0.98086, 0.970803, 0.023944, 0.054849,  2,   756.89389,  29, 68517352.000000, 7.000000, 0.942194, 0.177902, 0.545548, 1.416169
AAVMATLLFPGQEFK, Yes, 0.62904, 0.975008, 0.095025, 0.189304,  2,   811.93417,  28, 41091708.000000, 5.000000, -4.089715, 0.557285, 0.000000, 3.497157
SQcTPLFMNAYTMR, Yes, 0.11584, 0.412514, 0.134376, 0.193004,  2,   860.38621,  24, 17018494.000000, 7.000000, -0.296998, 0.168747, 0.000000, 6.371323
MAHAMNEYPDScAVLVR, Yes, 0.31085, 0.239778, 0.178152, 0.169106,  2,   982.44478,  37, 6282918.000000, 8.000000, -0.826218, 0.304662, 0.000000, 4.796708
YDDMLVVPIIENTPEEK, Yes, 0.31583, 0.813143, 0.064340, 0.072057,  2,  1002.99534,  28, 28007934.000000, 8.000000, -0.250454, 0.126771, 0.016059, 0.615591
IQPEDMFVcDINEQDISGPPASK, Yes, 0.13217, 0.973999, 0.022829, 0.187927,  2,  1295.59363,  49, 10203663.000000, 6.000000, 0.782562, 0.028052, 0.060063, 0.204285
MAHAMNEYPDScAVLVR, Yes, 0.07432, 0.933371, 0.045056, 0.131430,  3,   655.29894,  37, 60726276.000000, 5.000000, 0.042531, 0.099241, 0.000000, 5.556266


MeanRateConst/CorrCutOff, 0.395785, 0.900000


MedianRateConst/RMSSCutOff, 0.132174, 0.050000
StandDev/NumberPeptides, 0.058428, 3
TotalIonCurrent, 6.70231e+09
