Peptides, PeptideUnique, RateConstants, Correlations, RootMeanRSS, AbsoluteIsotopeError, Charge, m/z(Sequence), NEH, Abundance, NDP, Rsquared,sigma,CI lower band, CI upper band
LNPTWNQPNQDTEAGFR, Yes, 0.57232, 0.968524, 0.022842, 0.113050,  2,   994.46647,  35, 22714408.000000, 9.000000, 0.576549, 0.194904, 0.122869, 1.021766
LPLPEPWR, Yes, 0.28975, 0.968466, 0.041862, 0.036138,  2,   504.28727,  16, 102543680.000000, 8.000000, 0.728301, 0.073033, 0.117052, 0.462443
AMDLVQEEFLQR, Yes, 0.78501, 0.941130, 0.044699, 0.239701,  2,   739.86902,  28, 44905812.000000, 7.000000, 0.585087, 0.424240, 0.000000, 3.415382
LNFYQHSWLPAR, Yes, 0.24565, 0.785085, 0.102681, 0.130584,  3,   511.26500,  23, 24540122.000000, 7.000000, -0.832330, 0.222482, 0.000000, 2.403530


MeanRateConst/CorrCutOff, 0.549026, 0.900000


MedianRateConst/RMSSCutOff, 0.572318, 0.050000
StandDev/NumberPeptides, 0.141641, 3
TotalIonCurrent, 2.84624e+09
