Peptides, PeptideUnique, RateConstants, Correlations, RootMeanRSS, AbsoluteIsotopeError, Charge, m/z(Sequence), NEH, Abundance, NDP, Rsquared,sigma,CI lower band, CI upper band
YDLGGMVMVK, Yes, 1.26587, 0.731404, 0.039704, 0.071025,  2,   556.77757,  10, 135036272.000000, 9.000000, 0.673472, 0.710083, 0.335265, 2.196476
STGWTGHVAGTR, Yes, 2.11235, 0.837369, 0.070947, 0.661065,  2,   615.30473,  20, 26262036.000000, 8.000000, 0.547599, 2.494511, 0.473152, 3.751540
YGLQVGGAAcHR, Yes, 0.61705, 0.750336, 0.080473, 0.045967,  2,   644.81440,  27, 248754240.000000, 9.000000, 0.657267, 0.218421, 0.113366, 1.120724
YGLQVGGAAcHR, Yes, 0.44453, 0.986471, 0.017064, 0.045113,  3,   430.21202,  27, 345495552.000000, 9.000000, 0.971436, 0.033413, 0.367483, 0.521586
LFAEGDTPVPHAR, Yes, 0.53934, 0.833405, 0.082729, 0.022943,  3,   470.57725,  29, 1513855616.000000, 9.000000, -0.231491, 0.286124, 0.000000, 2.456137
LFAEGDTPVPHAR, Yes, 0.29989, 0.885974, 0.087137, 0.040944,  2,   705.36223,  29, 160734768.000000, 8.000000, -0.012473, 0.108910, 0.042362, 0.557423
cSGIASAAATAVEVAR, Yes, 0.26088, 0.919905, 0.113360, 0.044026,  2,   767.38811,  42, 160999104.000000, 9.000000, -0.726598, 0.117288, 0.000000, 2.771718
VEVEcSSLEEAFR, Yes, 0.31675, 0.993922, 0.014126, 0.015519,  2,   777.85885,  32, 596947136.000000, 9.000000, 0.976651, 0.021738, 0.266625, 0.366879
AAEAGADLVMLDNFKPEELHPTAATLK, Yes, 0.26046, 0.992927, 0.009339, 0.027781,  3,   951.48813,  57, 156701824.000000, 9.000000, 0.958448, 0.021102, 0.211794, 0.309118
AAEAGADLVmLDNFKPEELHPTAATLK, Yes, 0.19114, 0.979642, 0.010982, 0.044272,  3,   956.81977,  57, 17036746.000000, 6.000000, 0.933035, 0.019286, 0.141561, 0.240712
AAEAGADLVMLDNFKPEELHPTAATLK, Yes, 0.27733, 0.992747, 0.007621, 0.340633,  4,   713.86791,  57, 297250944.000000, 9.000000, 0.973727, 0.018167, 0.235439, 0.319225
AAEAGADLVmLDNFKPEELHPTAATLK, Yes, 0.15027, 0.953813, 0.015715, 0.666303,  4,   717.86664,  57, 24388472.000000, 6.000000, 0.911132, 0.017182, 0.106103, 0.194439
GPAHHLLLGER, Yes, 0.31691, 0.966576, 0.025253, 0.043701,  2,   600.33581,  25, 187454304.000000, 9.000000, 0.958549, 0.025850, 0.257306, 0.376524


MeanRateConst/CorrCutOff, 0.272518, 0.900000


MedianRateConst/RMSSCutOff, 0.277332, 0.050000
StandDev/NumberPeptides, 0.020923, 5
TotalIonCurrent, 2.40657e+11
