Peptides, PeptideUnique, RateConstants, Correlations, RootMeanRSS, AbsoluteIsotopeError, Charge, m/z(Sequence), NEH, Abundance, NDP, Rsquared,sigma,CI lower band, CI upper band
GTDTVAGIALIK, Yes, 0.40657, 0.978823, 0.027164, 0.023178,  2,   579.84007,  18, 74501960.000000, 9.000000, 0.933186, 0.055087, 0.279540, 0.533599
WSIENVSFGSGGALLQK, Yes, 0.89466, 0.950298, 0.040735, 0.100328,  2,   896.96505,  31, 27675008.000000, 8.000000, 0.116533, 0.473630, 0.000000, 4.062424
VIQGDGVDINTLQEIVEGMK, Yes, 0.56517, 0.972732, 0.018550, 0.038872,  2,  1079.55665,  34, 27238550.000000, 9.000000, 0.939139, 0.077168, 0.387219, 0.743119
DPVPGYSVPAAEHSTITAWGK, Yes, 1.09861, 0.951544, 0.048348, 0.210608,  2,  1092.04202,  41, 11015563.000000, 7.000000, 0.492749, 0.615173, 0.056733, 2.140485
STEAPLIIRPDSGNPLDTVLK, Yes, 0.30428, 0.994936, 0.011205, 0.147532,  2,  1118.61280,  37, 46325676.000000, 7.000000, 0.981434, 0.020038, 0.255251, 0.353311
TPAGNFVTLEEGKGDLEEYGHDLLHTVFK, Yes, 0.46882, 0.982533, 0.009036, 0.163172,  5,   644.12278,  48, 59237516.000000, 8.000000, 0.942021, 0.051458, 0.347137, 0.590494
NAQLNIEQDVAPH, Yes, 1.50914, 1.000000, 0.076997, 0.389646,  2,   724.86004,  33, 279129632.000000, 2.000000, 0.878263, 123.909409, 0.000000, 5.710596
TPAGNFVTLEEGKGDLEEYGHDLLHTVFK, Yes, 1.50300, 0.973772, 0.019376, 0.318640,  4,   804.90165,  48, 50234840.000000, 5.000000, 0.788366, 0.760717, 0.499370, 2.506628


MeanRateConst/CorrCutOff, 0.436209, 0.900000


MedianRateConst/RMSSCutOff, 0.468816, 0.050000
StandDev/NumberPeptides, 0.039820, 4
TotalIonCurrent, 3.28892e+10
