Peptides, PeptideUnique, RateConstants, Correlations, RootMeanRSS, AbsoluteIsotopeError, Charge, m/z(Sequence), NEH, Abundance, NDP, Rsquared,sigma,CI lower band, CI upper band
AMAAVPQDVVR, Yes, 0.20237, 0.950902, 0.039989, 0.083546,  2,   578.81079,  26, 376458304.000000, 8.000000, 0.881038, 0.036191, 0.116796, 0.287952
DGTFLSTLEHFLSR, Yes, 0.20973, 0.959123, 0.022658, 0.065558,  3,   541.61062,  22, 11186443.000000, 9.000000, 0.741822, 0.040581, 0.116149, 0.303309
MQQYDLQGQPYGTR, Yes, 0.08332, 0.961997, 0.058574, 0.063128,  2,   842.89103,  30, 111152232.000000, 8.000000, 0.561731, 0.023834, 0.026959, 0.139673
ELETVAAHQFPDVSFSMVHK, Yes, 0.00179, -0.263537, 0.086573, 0.052037,  3,   758.04041,  40, 25054412.000000, 8.000000, -0.017341, 0.026720, 0.000000, 4.889992
AAQLLDKDGTFLSTLEHFLSR, Yes, 0.00090, 0.111061, 0.084838, 0.180705,  3,   788.08489,  37, 19920046.000000, 9.000000, -0.381855, 0.010473, 0.000000, 4.921365
AAQLLDKDGTFLSTLEHFLSR, Yes, 0.01960, 0.672023, 0.037173, 0.199621,  4,   591.31549,  37, 21794110.000000, 7.000000, 0.286265, 0.018747, 0.000000, 4.152513
INLADDVLAWEHER, Yes, 0.21291, 0.915581, 0.032893, 0.115799,  3,   560.94951,  30, 64254732.000000, 9.000000, 0.696035, 0.054798, 0.086541, 0.339270
LLDFSYEHYQK, Yes, 0.24014, 0.941214, 0.044706, 0.202167,  2,   721.85116,  18, 15906434.000000, 8.000000, 0.575153, 0.059415, 0.099649, 0.380636
ELETVAAHQFPDVSFSMVHK, Yes, 0.02705, 0.599896, 0.097747, 0.510069,  4,   568.78213,  40, 67760008.000000, 9.000000, -0.334112, 0.023719, 0.000000, 4.621585


MeanRateConst/CorrCutOff, 0.216288, 0.900000


MedianRateConst/RMSSCutOff, 0.212905, 0.050000
StandDev/NumberPeptides, 0.045791, 4
TotalIonCurrent, 2.4154e+10
