Peptides, PeptideUnique, RateConstants, Correlations, RootMeanRSS, AbsoluteIsotopeError, Charge, m/z(Sequence), NEH, Abundance, NDP, Rsquared,sigma,CI lower band, CI upper band
GDFcIQVGR, No, 0.44539, 0.984532, 0.014904, 0.112730,  2,   526.25312,  16, 1234938496.000000, 9.000000, 0.967050, 0.036854, 0.360403, 0.530373
TFIAIKPDGVQR, No, 0.27398, 0.994375, 0.008833, 0.053649,  2,   672.88534,  21, 1519164800.000000, 9.000000, 0.984538, 0.014351, 0.240889, 0.307076
VMLGETNPADSKPGTIR, No, 0.36846, 0.991942, 0.015089, 0.022739,  3,   595.97697,  31, 4564452352.000000, 9.000000, 0.948551, 0.034310, 0.289342, 0.447581
VMLGETNPADSKPGTIR, No, 0.42018, 0.967922, 0.027580, 0.027480,  2,   893.46181,  31, 538417856.000000, 9.000000, 0.819270, 0.070040, 0.258664, 0.581691
VmLGETNPADSKPGTIR, No, 0.24664, 0.983235, 0.018052, 0.058529,  3,   601.30861,  31, 389202752.000000, 9.000000, 0.931264, 0.025199, 0.188531, 0.304752
VmLGETNPADSKPGTIR, No, 0.22174, 0.992651, 0.011981, 0.096853,  2,   901.45927,  31, 59003948.000000, 9.000000, 0.969369, 0.015821, 0.185259, 0.258224
EISLWFQPEELVEYK, Yes, 0.29599, 0.983929, 0.017748, 0.043186,  2,   955.48272,  29, 148487440.000000, 9.000000, 0.919380, 0.033202, 0.219423, 0.372549
FLQASEDLLKEHYTDLK, Yes, 0.86227, 0.878878, 0.103759, 0.278352,  2,  1025.52820,  29, 16156381.000000, 6.000000, -6.214845, 0.916011, 0.000000, 7.418855
YMHSGPVVAMVWEGLNVVK, Yes, 3.32039, 0.587715, 0.074902, 0.304617,  2,  1058.53955,  28, 36948264.000000, 9.000000, -2.424590, 13.737871, 1.203853, 5.436925
YMHSGPVVAMVWEGLNVVK, Yes, 0.50314, 0.983223, 0.010748, 0.047021,  3,   706.02879,  28, 238515376.000000, 9.000000, 0.953063, 0.052033, 0.383155, 0.623130
FLQASEDLLKEHYTDLK, Yes, 0.25597, 0.642019, 0.079415, 0.126212,  3,   684.02122,  29, 75763104.000000, 8.000000, 0.466159, 0.091965, 0.038507, 0.473433
FLQASEDLLK, Yes, 0.66094, 0.595388, 0.105114, 0.030803,  2,   582.31896,  19, 282451040.000000, 9.000000, -0.096298, 0.587950, 0.000000, 3.220971
TFIAIKPDGVQR, No, 0.34104, 0.982941, 0.015464, 0.314061,  3,   448.92599,  21, 1585291648.000000, 9.000000, 0.972217, 0.024124, 0.285408, 0.396667
SAEKEISLWFQPEELVEYK, Yes, 1.10721, 0.660268, 0.112644, 0.169199,  2,  1163.08606,  40, 22276524.000000, 7.000000, -7.784033, 1.439823, 0.000000, 3.918002


MeanRateConst/CorrCutOff, 0.326677, 0.900000


MedianRateConst/RMSSCutOff, 0.341038, 0.050000
StandDev/NumberPeptides, 0.025421, 8
TotalIonCurrent, 5.80343e+11
