Peptides, PeptideUnique, RateConstants, Correlations, RootMeanRSS, AbsoluteIsotopeError, Charge, m/z(Sequence), NEH, Abundance, NDP, Rsquared,sigma,CI lower band, CI upper band
QYPYNNLYLER, Yes, 3.17736, 0.935150, 0.044634, 0.054591,  2,   736.86204,  20, 42256192.000000, 9.000000, 0.321130, 5.647814, 2.090078, 4.264638
VEDYEPYPDDGMGYGDYPMLPNR, Yes, 0.05157, 0.975054, 0.014527, 0.089916,  2,  1347.06215,  42, 17874544.000000, 8.000000, 0.738745, 0.013404, 0.019875, 0.083267
VEDYEPYPDDGMGYGDYPMLPNR, Yes, 4.79687, 0.924628, 0.011790, 0.178114,  3,   898.37719,  42, 3976208.000000, 5.000000, -8.196425, 90.452560, 1.605952, 7.987794
DPWYQWDHSELR, Yes, 0.04119, 0.862156, 0.037380, 0.178261,  2,   816.36550,  24, 6071794.500000, 8.000000, 0.579920, 0.011987, 0.012843, 0.069531


MeanRateConst/CorrCutOff, 2.675267, 0.900000


MedianRateConst/RMSSCutOff, 3.177358, 0.050000
StandDev/NumberPeptides, 0.040112, 3
TotalIonCurrent, 4.04519e+09
