Peptides, PeptideUnique, RateConstants, Correlations, RootMeanRSS, AbsoluteIsotopeError, Charge, m/z(Sequence), NEH, Abundance, NDP, Rsquared,sigma,CI lower band, CI upper band
ESSSEQYVPDVFYK, Yes, 0.36123, 0.982059, 0.018520, 0.080606,  2,   839.38576,  26, 26621866.000000, 7.000000, 0.879913, 0.063286, 0.206376, 0.516084
HVDNIMFENHTVADR, Yes, 0.29635, 0.788695, 0.063183, 0.029751,  3,   599.94941,  28, 68798552.000000, 8.000000, 0.197717, 0.119309, 0.014226, 0.578467
DPVYTFSISQNPFPIENR, Yes, 0.74834, 0.809941, 0.069623, 0.212101,  2,  1062.52346,  33, 59363712.000000, 7.000000, -0.206445, 0.494543, 0.000000, 4.891378
FVALENIScK, Yes, 18.60577, 0.922795, 0.048761, 1.020917,  2,   590.80517,  17, 84959456.000000, 8.000000, 0.785819, 23624238.000000, 17.093765, 20.117779
AFGAPNVVEDEIDQYLSK, Yes, 0.51943, 0.445805, 0.096293, 0.206136,  2,   997.98891,  36, 25411738.000000, 8.000000, -0.423528, 0.313163, 0.000000, 2.746997


MeanRateConst/CorrCutOff, 9.483501, 0.900000


MedianRateConst/RMSSCutOff, 18.605772, 0.050000
StandDev/NumberPeptides, 0.126571, 2
TotalIonCurrent, 6.55709e+09
