Peptides, PeptideUnique, RateConstants, Correlations, RootMeanRSS, AbsoluteIsotopeError, Charge, m/z(Sequence), NEH, Abundance, NDP, Rsquared,sigma,CI lower band, CI upper band
VDNDENEHQLSLR, Yes, 1.28039, 0.775066, 0.073034, 0.035173,  3,   523.58149,  30, 146029840.000000, 8.000000, -0.121499, 0.929572, 0.000000, 2.573592
MTDQEAIQDLWQWR, Yes, 0.33287, 0.974374, 0.021254, 0.137087,  2,   910.42523,  30, 157163056.000000, 9.000000, 0.895998, 0.044041, 0.231315, 0.434433
DELHIVEAEAMNYEGSPIK, Yes, 0.47630, 0.920396, 0.049025, 0.147019,  2,  1073.01204,  42, 7671337.000000, 7.000000, -2.166211, 0.270426, 0.000000, 3.075441
DELHIVEAEAMNYEGSPIK, Yes, 1.62705, 0.985126, 0.042901, 0.109200,  3,   715.67712,  42, 13179102.000000, 7.000000, 0.509956, 0.975574, 0.655181, 2.598922
MSVQPTVSLGGFEITPPVVLR, Yes, 0.30898, 0.993519, 0.011010, 0.026151,  2,  1114.11140,  34, 246703872.000000, 9.000000, 0.951042, 0.027707, 0.245084, 0.372869
MSVQPTVSLGGFEITPPVVLR, Yes, 0.24793, 0.982113, 0.014126, 0.060113,  3,   743.07669,  34, 99637640.000000, 9.000000, 0.942946, 0.024758, 0.190836, 0.305018
mSVQPTVSLGGFEITPPVVLR, Yes, 0.25998, 0.966113, 0.018045, 0.116294,  2,  1122.10886,  34, 15423124.000000, 8.000000, 0.881311, 0.035036, 0.177129, 0.342823
TVSLGAGAKDELHIVEAEAMNYEGSPIK, Yes, 0.32090, 0.953589, 0.040421, 0.039121,  3,   977.15856,  59, 120129376.000000, 9.000000, -0.397334, 0.104400, 0.080150, 0.561642
TVSLGAGAKDELHIVEAEAMNYEGSPIK, Yes, 0.39639, 0.859266, 0.064950, 0.089115,  4,   733.12074,  59, 71243616.000000, 9.000000, -1.899981, 0.190612, 0.000000, 2.571214


MeanRateConst/CorrCutOff, 0.294130, 0.900000


MedianRateConst/RMSSCutOff, 0.308977, 0.050000
StandDev/NumberPeptides, 0.036414, 5
TotalIonCurrent, 7.40417e+10
