Peptides, PeptideUnique, RateConstants, Correlations, RootMeanRSS, AbsoluteIsotopeError, Charge, m/z(Sequence), NEH, Abundance, NDP, Rsquared,sigma,CI lower band, CI upper band
LTNHMINLQPSHTR, Yes, 0.43121, 0.637307, 0.127080, 0.242136,  2,   831.43065,  25, 20229326.000000, 8.000000, -2.518227, 0.410874, 0.000000, 3.649197
IILPSLmLLPLTWLSSPK, Yes, 1.07746, 0.936492, 0.085274, 0.134762,  2,  1019.60466,  23, 16820748.000000, 9.000000, -15.047306, 1.326367, 0.000000, 3.657472
IILPSLmLLPLTWLSSPK, Yes, 14.47864, 0.860917, 0.100499, 0.110985,  3,   680.07220,  23, 6164464.500000, 9.000000, -24.644609, 1323431.375000, 11.619669, 17.337606
ELTLMALHMIPLILLTTSPK, Yes, 1.39214, 0.921478, 0.072706, 0.108926,  3,   745.76667,  27, 68887328.000000, 9.000000, -7.538821, 1.817153, 0.000000, 3.603864
ELTLmALHMIPLILLTTSPK, Yes, 0.88700, 0.882359, 0.064247, 0.068787,  3,   751.09831,  27, 9764893.000000, 9.000000, -4.401484, 0.749101, 0.000000, 5.345718
ELTLMALHMIPLILLTTSPK, Yes, 0.64639, 0.852195, 0.076622, 0.141117,  2,  1118.14637,  27, 14415658.000000, 9.000000, -8.869488, 0.574987, 0.000000, 3.337393


MeanRateConst/CorrCutOff, 3.152138, 0.900000


MedianRateConst/RMSSCutOff, 1.077461, 0.050000
StandDev/NumberPeptides, 0.880774, 0
TotalIonCurrent, 1.06909e+10
