Peptides, PeptideUnique, RateConstants, Correlations, RootMeanRSS, AbsoluteIsotopeError, Charge, m/z(Sequence), NEH, Abundance, NDP, Rsquared,sigma,CI lower band, CI upper band
GESGIVSVVGDEYK, Yes, 0.35657, 0.954410, 0.066795, 0.040120,  2,   719.85665,  24, 71502464.000000, 9.000000, 0.481877, 0.090857, 0.147048, 0.566083
GPHEGQFNEENFVSK, Yes, 0.33876, 0.938966, 0.031940, 0.086512,  2,   859.89208,  33, 27677662.000000, 9.000000, 0.574975, 0.081795, 0.150138, 0.527379
GPNHSVSTAcTTGAHAVGDSFR, Yes, 0.18333, 0.995261, 0.017083, 0.073926,  3,   743.67491,  45, 7216680.000000, 7.000000, 0.956428, 0.021435, 0.130882, 0.235779
DAGVSPEQISYVNAHATSTPLGDAAENR, Yes, 0.07067, 0.962280, 0.015486, 0.068391,  3,   957.45655,  66, 98016952.000000, 8.000000, 0.842226, 0.012465, 0.041190, 0.100142


MeanRateConst/CorrCutOff, 0.197585, 0.900000


MedianRateConst/RMSSCutOff, 0.183330, 0.050000
StandDev/NumberPeptides, 0.021567, 3
TotalIonCurrent, 1.29277e+10
