Peptides, PeptideUnique, RateConstants, Correlations, RootMeanRSS, AbsoluteIsotopeError, Charge, m/z(Sequence), NEH, Abundance, NDP, Rsquared,sigma,CI lower band, CI upper band
DSQHLNFLTSEQALADFAELIR, Yes, 18.92929, 0.499075, 0.131551, 0.639271,  2,  1259.63225,  49, 4136740.000000, 7.000000, -6.855918, 137421088.000000, 15.096481, 22.762089
DSQHLNFLTSEQALADFAELIR, Yes, 13.76852, 0.883714, 0.088775, 0.074316,  3,   840.09059,  49, 11978246.000000, 7.000000, -2.071236, 433727.312500, 11.666008, 15.871040
LSGSGSGLQSLTNILHLcSPLTSEK, Yes, 1.80989, 0.938647, 0.037194, 0.076938,  3,   867.11804,  44, 33058916.000000, 7.000000, 0.251484, 1.670621, 0.462473, 3.157310


MeanRateConst/CorrCutOff, 11.502567, 0.900000


MedianRateConst/RMSSCutOff, 13.768524, 0.050000
StandDev/NumberPeptides, 5.011842, 1
TotalIonCurrent, 3.55744e+09
