Peptides, PeptideUnique, RateConstants, Correlations, RootMeanRSS, AbsoluteIsotopeError, Charge, m/z(Sequence), NEH, Abundance, NDP, Rsquared,sigma,CI lower band, CI upper band
VPGSMDLGIPAMTK, Yes, 0.48991, 0.989557, 0.027637, 0.112526,  2,   708.86490,  22, 88787240.000000, 9.000000, 0.799287, 0.094170, 0.272748, 0.707062
AQEPNGcSSYFLGIK, Yes, 17.57279, 0.857385, 0.064600, 0.458021,  2,   835.89577,  30, 25170566.000000, 9.000000, 0.583171, 8672331.000000, 16.529678, 18.615898
GSFESVNSYVDSFMELLGGK, Yes, 2.06142, 0.972484, 0.033224, 0.068700,  2,  1083.50662,  33, 4567836.500000, 9.000000, 0.568891, 1.396520, 1.212516, 2.910315


MeanRateConst/CorrCutOff, 6.708036, 0.900000


MedianRateConst/RMSSCutOff, 2.061415, 0.050000
StandDev/NumberPeptides, 0.264664, 2
TotalIonCurrent, 6.5907e+09
