Peptides, PeptideUnique, RateConstants, Correlations, RootMeanRSS, AbsoluteIsotopeError, Charge, m/z(Sequence), NEH, Abundance, NDP, Rsquared,sigma,CI lower band, CI upper band
VMEGLEAFDDLMR, Yes, 0.95670, 0.963263, 0.022163, 0.431204,  2,   763.35489,  25, 19904420.000000, 8.000000, 0.927666, 0.183196, 0.523510, 1.389888
TPAEALASFDYIVR, Yes, 16.02446, 0.863570, 0.063935, 0.276342,  2,   776.90392,  29, 24940750.000000, 7.000000, 0.079234, 3409285.000000, 13.950258, 18.098665
AIEEAPSVHHVNPScKD, Yes, 0.63324, 0.624650, 0.136714, 0.039146,  3,   630.63186,  40, 19814014.000000, 9.000000, -3.362334, 0.538217, 0.000000, 3.272981
AIEEAPSVHHVNPScKD, Yes, 0.41292, 0.991212, 0.063833, 0.297753,  2,   945.44415,  40, 3354609.500000, 6.000000, -0.022001, 0.159469, 0.002986, 0.822844
SAAQLPLSNSLQLTLYQYK, Yes, 0.30667, 0.930764, 0.030362, 0.138363,  2,  1069.57821,  36, 12302020.000000, 9.000000, 0.539311, 0.087146, 0.105707, 0.507627
AFLDFHSLPYQVVEVNPVR, Yes, 1.36497, 0.959629, 0.028160, 0.050741,  3,   744.06003,  34, 37539280.000000, 8.000000, 0.714501, 0.561988, 0.036084, 2.693865
AFLDFHSLPYQVVEVNPVR, Yes, 0.33800, 0.669699, 0.107317, 0.233823,  2,  1115.58640,  34, 6106481.000000, 9.000000, -4.981407, 0.233840, 0.000000, 3.495752
KVPILVAQEGDSLQQLNDSSVIISALK, Yes, 0.36461, 0.983552, 0.022690, 0.143676,  3,   955.86923,  52, 14242491.000000, 8.000000, 0.688270, 0.071960, 0.194453, 0.534771


MeanRateConst/CorrCutOff, 0.748238, 0.900000


MedianRateConst/RMSSCutOff, 0.956699, 0.050000
StandDev/NumberPeptides, 0.122664, 4
TotalIonCurrent, 7.75017e+09
