Peptides, PeptideUnique, RateConstants, Correlations, RootMeanRSS, AbsoluteIsotopeError, Charge, m/z(Sequence), NEH, Abundance, NDP, Rsquared,sigma,CI lower band, CI upper band
APLPYSDISGLNALLLR, Yes, 0.49292, 0.966186, 0.027766, 0.204283,  2,   907.01452,  32, 13147417.000000, 5.000000, 0.864906, 0.113190, 0.178650, 0.807182
SVENLATATTTLTSLAQLLGK, Yes, 15.54802, 0.923301, 0.088059, 0.284737,  2,  1066.59408,  34, 5755475.500000, 6.000000, -3.220523, 2927608.250000, 13.169281, 17.926767
SVENLATATTTLTSLAQLLGK, Yes, 1.45777, 0.869729, 0.081503, 0.210947,  3,   711.39848,  34, 14653808.000000, 6.000000, -1.663223, 1.924175, 0.000000, 3.870527


MeanRateConst/CorrCutOff, 5.832905, 0.900000


MedianRateConst/RMSSCutOff, 1.457774, 0.050000
StandDev/NumberPeptides, 0.320705, 1
TotalIonCurrent, 8.44791e+08
