Peptides, PeptideUnique, RateConstants, Correlations, RootMeanRSS, AbsoluteIsotopeError, Charge, m/z(Sequence), NEH, Abundance, NDP, Rsquared,sigma,CI lower band, CI upper band
NPSLLGILYGK, Yes, 0.31125, 0.980979, 0.016646, 0.162159,  2,   587.84514,  14, 26634390.000000, 6.000000, 0.918905, 0.047869, 0.188201, 0.434305
RFPLEDIPADETSAAQWLHK, Yes, 0.04463, 0.454150, 0.122191, 0.338532,  3,   775.39383,  45, 144275904.000000, 8.000000, -0.031621, 0.072907, 0.000000, 6.006631
GFTTAVQcLR, Yes, 1.86449, 0.794095, 0.051509, 0.733889,  2,   576.79515,  16, 42873832.000000, 8.000000, 0.251201, 2.006534, 0.320882, 3.408094
GNKNPSLLGILYGK, Yes, 0.97607, 0.873936, 0.051046, 0.454968,  3,   491.95230,  19, 8460123.000000, 6.000000, -2.301366, 0.973025, 0.000000, 6.725779


MeanRateConst/CorrCutOff, 0.311253, 0.900000


MedianRateConst/RMSSCutOff, 0.311253, 0.050000
StandDev/NumberPeptides, 0.047869, 1
TotalIonCurrent, 5.75049e+09
