Peptides, PeptideUnique, RateConstants, Correlations, RootMeanRSS, AbsoluteIsotopeError, Charge, m/z(Sequence), NEH, Abundance, NDP, Rsquared,sigma,CI lower band, CI upper band
ITEEMDGFLQK, Yes, 0.63643, 0.987840, 0.019143, 0.099847,  2,   655.81847,  19, 401773344.000000, 5.000000, 0.904599, 0.142436, 0.240963, 1.031895
LQEQLGNDVVEKYDYVFPENGLVAYK, Yes, 0.29161, 0.975320, 0.018694, 0.103187,  3,  1010.84134,  44, 12992526.000000, 6.000000, 0.380191, 0.092238, 0.054501, 0.528711
LQEQLGNDVVEK, Yes, 1.60688, 0.933379, 0.116423, 0.441870,  2,   686.35935,  24, 28456694.000000, 5.000000, -0.647350, 1.834245, 0.000000, 3.916687


MeanRateConst/CorrCutOff, 0.844971, 0.900000


MedianRateConst/RMSSCutOff, 0.636429, 0.050000
StandDev/NumberPeptides, 0.162978, 2
TotalIonCurrent, 2.80264e+09
