Peptides, PeptideUnique, RateConstants, Correlations, RootMeanRSS, AbsoluteIsotopeError, Charge, m/z(Sequence), NEH, Abundance, NDP, Rsquared,sigma,CI lower band, CI upper band
SLETVYLER, Yes, 18.13375, 0.606929, 0.097496, 0.031607,  2,   555.29548,  16, 186468640.000000, 8.000000, -0.085990, 31069290.000000, 16.177458, 20.090044
DAEDVDLTHYR, Yes, 0.80822, 1.000000, 0.032259, 0.415666,  2,   667.30458,  21, 26332208.000000, 2.000000, 0.904853, 0.346996, 0.000000, 4.648230
GAGQQQSQEMMEVDR, Yes, 0.06817, 0.853066, 0.118913, 0.241893,  2,   847.36706,  42, 16294821.000000, 6.000000, 0.370294, 0.030066, 0.000000, 3.303603
AIENIDTLTNLESLFLGK, Yes, 1.01774, 0.863507, 0.042516, 0.050343,  3,   664.36136,  27, 8017136.000000, 9.000000, 0.411806, 0.486857, 0.000000, 2.039807
AIENIDTLTNLESLFLGK, Yes, 0.45902, 0.957763, 0.025628, 0.075096,  2,   996.03840,  27, 32765534.000000, 9.000000, 0.808838, 0.090870, 0.249473, 0.668567
LQNLDALTNLTVLSVQSNR, Yes, 0.23512, 0.887428, 0.034356, 0.221039,  2,  1050.07638,  32, 9089768.000000, 8.000000, 0.193030, 0.077910, 0.050888, 0.419345
IENISNLHQLQMLELGSNR, Yes, 0.00060, -0.559965, 0.146174, 0.339510,  2,  1105.07330,  40, 8302332.500000, 5.000000, -0.581679, 0.094316, 0.000000, 8.021367
IEGLQSLVNLR, Yes, 0.22186, 0.976620, 0.031264, 0.131828,  2,   621.36423,  21, 63709252.000000, 9.000000, 0.916478, 0.030338, 0.151903, 0.291820
ELYLSNNGIEVIEGLENNNK, Yes, 0.57720, 0.180104, 0.190350, 0.414715,  2,  1131.56602,  37, 6369157.000000, 8.000000, -0.989778, 0.875099, 0.000000, 5.285528


MeanRateConst/CorrCutOff, 0.340441, 0.900000


MedianRateConst/RMSSCutOff, 0.459020, 0.050000
StandDev/NumberPeptides, 0.045489, 2
TotalIonCurrent, 8.3706e+09
