Peptides, PeptideUnique, RateConstants, Correlations, RootMeanRSS, AbsoluteIsotopeError, Charge, m/z(Sequence), NEH, Abundance, NDP, Rsquared,sigma,CI lower band, CI upper band
KQSNPLLIHVDTK, Yes, 0.71493, 0.818929, 0.081219, 0.260988,  2,   746.92773,  19, 7782382.000000, 5.000000, -0.910808, 0.582287, 0.000000, 7.070644
TFPLDVGSVVGYSGR, Yes, 0.70738, 0.962181, 0.037516, 0.031605,  2,   777.40157,  22, 122081784.000000, 9.000000, 0.588001, 0.216562, 0.207987, 1.206771
SNFLVLcYLHDVK, Yes, 0.78941, 0.777801, 0.050684, 0.257710,  3,   536.61319,  15, 30830258.000000, 8.000000, 0.375091, 0.677039, 0.000000, 5.624831
NILQLHDLTTGALLK, Yes, 0.27745, 0.976878, 0.021935, 0.096075,  2,   825.48287,  21, 45779160.000000, 9.000000, 0.876961, 0.045324, 0.172930, 0.381964
YFYFYNTGLQNQR, Yes, 2.14812, 0.924977, 0.038241, 0.031299,  2,   857.40462,  19, 128261128.000000, 9.000000, 0.523223, 2.659531, 0.472263, 3.823967
LINIDFTDPDESKWK, Yes, 0.49379, 0.853886, 0.049882, 0.274868,  3,   607.64035,  20, 20182270.000000, 9.000000, 0.676659, 0.168955, 0.104177, 0.883399
VFLDPNTLSDDGTVALR, Yes, 1.28176, 0.965054, 0.020046, 0.069244,  2,   916.97308,  25, 127912744.000000, 9.000000, 0.829944, 0.433631, 0.281808, 2.281719
FTIGHAWTTDYGcSDTK, Yes, 0.99827, 0.960159, 0.033366, 0.187434,  2,   980.43073,  22, 8235658.500000, 9.000000, 0.577950, 0.375319, 0.132781, 1.863756
IcDPYSWLEDPDSEQTK, Yes, 0.47647, 0.970683, 0.047846, 0.034963,  2,  1041.95167,  32, 18157260.000000, 6.000000, 0.804262, 0.114210, 0.182885, 0.770058
LPEADDIQYPSMLLLTADHDDR, Yes, 0.39627, 0.987288, 0.009727, 0.088201,  3,   843.40396,  44, 37197044.000000, 8.000000, 0.972611, 0.030234, 0.324783, 0.467765
FTcMAWTHDGK, Yes, 0.31355, 0.883714, 0.033316, 0.132472,  3,   451.86201,  14, 18566102.000000, 8.000000, 0.754502, 0.073508, 0.139735, 0.487371
NILQLHDLTTGALLK, Yes, 0.39486, 0.987840, 0.012109, 0.072340,  3,   550.65767,  21, 65530156.000000, 8.000000, 0.972909, 0.031058, 0.321420, 0.468300
FTcMAWTHDGK, Yes, 0.02347, 0.782401, 0.065628, 0.430318,  2,   677.28937,  14, 4796066.500000, 8.000000, -0.471703, 0.024669, 0.000000, 2.272747
SNFLVLcYLHDVK, Yes, 0.86333, 0.891585, 0.032355, 0.491037,  2,   804.41615,  15, 34916288.000000, 9.000000, 0.551872, 0.465676, 0.000000, 3.479012


MeanRateConst/CorrCutOff, 0.386263, 0.900000


MedianRateConst/RMSSCutOff, 0.396274, 0.050000
StandDev/NumberPeptides, 0.041626, 4
TotalIonCurrent, 4.07371e+10
