Peptides, PeptideUnique, RateConstants, Correlations, RootMeanRSS, AbsoluteIsotopeError, Charge, m/z(Sequence), NEH, Abundance, NDP, Rsquared,sigma,CI lower band, CI upper band
VcNEVVDTcLYK, Yes, 0.61755, 0.976290, 0.023467, 0.063944,  2,   750.34708,  14, 32339552.000000, 9.000000, 0.781044, 0.186655, 0.187124, 1.047980
GPTEQLVSPEPEVHDIER, Yes, 0.05886, 0.937666, 0.017702, 0.539082,  2,  1016.50272,  43, 3996622.000000, 6.000000, 0.589632, 0.023965, 0.000000, 3.481365
GPTEQLVSPEPEVHDIER, Yes, 0.37840, 0.972464, 0.020808, 0.248931,  3,   678.00424,  43, 27419990.000000, 8.000000, 0.953310, 0.034454, 0.296927, 0.459867
SGSTAVGVLISPQHTYFINcGDSR, Yes, 0.39686, 0.641147, 0.051516, 0.446337,  2,  1283.62138,  43, 9943478.000000, 6.000000, -0.833779, 0.393722, 0.000000, 3.977216
SGSTAVGVLISPQHTYFINcGDSR, Yes, 1.32188, 0.877578, 0.038581, 0.289733,  3,   856.08335,  43, 11395447.000000, 9.000000, 0.030209, 0.938278, 0.163976, 2.479782
YGLSSMQGWR, No, 0.32982, 0.941388, 0.045919, 0.158057,  2,   592.77949,  18, 32102638.000000, 7.000000, 0.722477, 0.093066, 0.102092, 0.557542


MeanRateConst/CorrCutOff, 0.346157, 0.900000


MedianRateConst/RMSSCutOff, 0.378397, 0.050000
StandDev/NumberPeptides, 0.046054, 4
TotalIonCurrent, 5.49194e+09
