Peptides, PeptideUnique, RateConstants, Correlations, RootMeanRSS, AbsoluteIsotopeError, Charge, m/z(Sequence), NEH, Abundance, NDP, Rsquared,sigma,CI lower band, CI upper band
NNVNVASLTQSEIR, Yes, 0.04380, 0.673769, 0.117044, 0.077649,  2,   772.90498,  29, 99017368.000000, 9.000000, -0.975524, 0.019725, 0.000000, 4.063256
EAVVNTQELLDLLVK, Yes, 1.55331, 0.946728, 0.046382, 0.134237,  2,   842.47999,  24, 5126357.500000, 7.000000, 0.826705, 0.765710, 0.435918, 2.670710
ASEMAGPPQMPNDFLSFQDIATEAAHPIR, Yes, 2.94993, 1.000000, 0.038605, 0.135848,  3,  1047.83045,  71, 14112731.000000, 3.000000, 0.197837, 6.345934, 0.845166, 5.054688
VPGLPTPIENMILR, Yes, 0.72757, 0.998776, 0.013048, 0.184436,  2,   775.44216,  24, 32490292.000000, 4.000000, 0.965635, 0.124952, 0.329911, 1.125220
TDMIQALGGVEGILEHTLFK, Yes, 12.07114, 0.864338, 0.037912, 0.604454,  3,   724.71716,  33, 2695794.000000, 8.000000, 0.420980, 50654.375000, 10.467374, 13.674899


MeanRateConst/CorrCutOff, 1.140440, 0.900000


MedianRateConst/RMSSCutOff, 1.553314, 0.050000
StandDev/NumberPeptides, 0.214845, 2
TotalIonCurrent, 2.5821e+09
