Peptides, PeptideUnique, RateConstants, Correlations, RootMeanRSS, AbsoluteIsotopeError, Charge, m/z(Sequence), NEH, Abundance, NDP, Rsquared,sigma,CI lower band, CI upper band
LTVEDPVTVEYITR, Yes, 0.29627, 0.974388, 0.017451, 0.102459,  2,   817.93543,  20, 426049664.000000, 9.000000, 0.928101, 0.035517, 0.214367, 0.378172
NYTDDAIETDDLTIK, Yes, 0.51673, 0.987921, 0.035121, 0.023718,  2,   863.90452,  21, 193373776.000000, 9.000000, 0.864846, 0.112331, 0.257698, 0.775770
YVAEIEKEKEENEK, Yes, 0.38903, 0.772148, 0.070401, 0.047103,  2,   869.43067,  33, 18425558.000000, 9.000000, 0.298682, 0.160754, 0.018331, 0.759730
IcALDDNVcMAFAGLTADAR, Yes, 0.39446, 0.947173, 0.065168, 0.078349,  2,  1092.49775,  40, 12130399.000000, 8.000000, -0.159585, 0.139037, 0.065688, 0.723227
KIcALDDNVcMAFAGLTADAR, Yes, 0.29521, 0.976968, 0.052365, 0.066495,  3,   771.36591,  41, 77045336.000000, 9.000000, -0.102680, 0.088541, 0.091038, 0.499388
KIcALDDNVcMAFAGLTADAR, Yes, 0.24498, 0.874316, 0.079466, 0.161935,  2,  1156.54522,  41, 23713372.000000, 9.000000, -2.128984, 0.107116, 0.000000, 2.871382
AITVFSPDGHLFQVEYAQEAVK, Yes, 0.80607, 0.976448, 0.033729, 0.108957,  3,   817.08479,  44, 224108688.000000, 9.000000, 0.372898, 0.322926, 0.061397, 1.550737
AITVFSPDGHLFQVEYAQEAVK, Yes, 0.42712, 0.931989, 0.048233, 0.083836,  2,  1225.12354,  44, 25156068.000000, 8.000000, -0.229001, 0.228905, 0.000000, 2.551268
AITVFSPDGHLFQVEYAQEAVKK, Yes, 0.17823, 0.971103, 0.017100, 0.100255,  3,   859.78310,  45, 80995784.000000, 6.000000, 0.879104, 0.025947, 0.111531, 0.244927
AITVFSPDGHLFQVEYAQEAVKK, Yes, 0.26979, 0.836757, 0.049285, 0.039149,  4,   645.08915,  45, 135965856.000000, 7.000000, -0.499456, 0.251295, 0.000000, 3.682249
ALLEVVQSGGK, Yes, 0.27325, 0.914609, 0.050750, 0.083099,  2,   550.81913,  21, 397146592.000000, 9.000000, 0.693976, 0.061799, 0.130743, 0.415762
LYQTDPSGTYHAWK, Yes, 0.30149, 0.985704, 0.016442, 0.389574,  3,   556.26685,  22, 108429984.000000, 9.000000, 0.965503, 0.025317, 0.243110, 0.359872
GKDIVVLGVEK, Yes, 0.30246, 0.965863, 0.039100, 0.196000,  2,   578.85044,  14, 88310656.000000, 8.000000, 0.705295, 0.083213, 0.105689, 0.499223
LYQTDPSGTYHAWK, Yes, 0.30085, 0.957869, 0.024567, 0.160819,  2,   833.89663,  22, 40686476.000000, 8.000000, 0.844191, 0.050567, 0.181278, 0.420422


MeanRateConst/CorrCutOff, 0.275859, 0.900000


MedianRateConst/RMSSCutOff, 0.300850, 0.050000
StandDev/NumberPeptides, 0.036235, 5
TotalIonCurrent, 1.03691e+11
