Peptides, PeptideUnique, RateConstants, Correlations, RootMeanRSS, AbsoluteIsotopeError, Charge, m/z(Sequence), NEH, Abundance, NDP, Rsquared,sigma,CI lower band, CI upper band
ATAGSYISSLR, Yes, 0.43942, 0.717863, 0.112978, 0.081714,  2,   563.29856,  23, 35176804.000000, 9.000000, -2.070784, 0.339432, 0.000000, 3.637312
VESSDVSDLLYK, Yes, 0.36949, 0.952848, 0.029279, 0.070317,  2,   677.84046,  18, 109670488.000000, 9.000000, 0.713301, 0.091721, 0.157981, 0.581000
KGPGLYYVDDNGTR, Yes, 0.06300, 0.664852, 0.097780, 0.190728,  2,   777.88099,  20, 36508804.000000, 8.000000, -0.274521, 0.041137, 0.000000, 3.400653
VIEINPYLLGTMSGcAADcQYWER, Yes, 13.14460, 0.969615, 0.080898, 0.110032,  3,   949.43639,  45, 6317738.000000, 4.000000, -8.482842, 379981.656250, 8.991164, 17.298040
QDLSPEEAYDLGR, Yes, 0.33667, 0.983035, 0.065002, 0.211654,  2,   746.84934,  31, 8028758.500000, 6.000000, 0.573911, 0.118169, 0.032908, 0.640433
DNYSGGVVNMYHMK, Yes, 0.14572, 0.965186, 0.032369, 0.158009,  2,   807.85560,  20, 27276392.000000, 8.000000, 0.419129, 0.035981, 0.060635, 0.230798


MeanRateConst/CorrCutOff, 0.257603, 0.900000


MedianRateConst/RMSSCutOff, 0.369490, 0.050000
StandDev/NumberPeptides, 0.051686, 2
TotalIonCurrent, 8.65235e+09
