Peptides, PeptideUnique, RateConstants, Correlations, RootMeanRSS, AbsoluteIsotopeError, Charge, m/z(Sequence), NEH, Abundance, NDP, Rsquared,sigma,CI lower band, CI upper band
TKVEAFQTTISK, Yes, 0.31304, 0.962130, 0.028858, 0.050781,  2,   676.87464,  18, 224318192.000000, 9.000000, 0.878825, 0.053063, 0.190674, 0.435400
IEDGNDFGVAIQEK, Yes, 0.37847, 0.953445, 0.028934, 0.065411,  2,   767.87282,  29, 67504880.000000, 9.000000, 0.817222, 0.071237, 0.214192, 0.542739
ALVHERDEAAYGALR, Yes, 0.08900, 0.891676, 0.116239, 0.097953,  2,   835.93406,  39, 37745296.000000, 6.000000, 0.400481, 0.035616, 0.000000, 2.950574
LLALLALVKPEVWTLK, Yes, 0.42247, 0.970669, 0.013899, 0.029754,  3,   603.05336,  20, 43010992.000000, 9.000000, 0.923240, 0.051354, 0.304052, 0.540895
LLALLALVKPEVWTLK, Yes, 0.33706, 0.913808, 0.023797, 0.131753,  2,   904.07640,  20, 11984307.000000, 9.000000, 0.521084, 0.110907, 0.081309, 0.592814
AFYAELYHIISSNLEK, Yes, 0.71413, 0.801547, 0.057083, 0.055916,  2,   949.48833,  30, 154177744.000000, 9.000000, -0.098594, 0.413811, 0.000000, 4.585651
QNLFQEADDFLcTFLPR, Yes, 0.00129, 0.195035, 0.160902, 0.253289,  2,  1057.50422,  32, 1199363.750000, 9.000000, -0.048018, 0.028190, 0.000000, 5.995601
IISLSQLLQEDSLNVADLSSLR, Yes, 0.69639, 0.969029, 0.041417, 0.039740,  3,   805.44274,  44, 11942838.000000, 9.000000, 0.356155, 0.253083, 0.112780, 1.279999
IISLSQLLQEDSLNVADLSSLR, Yes, 0.66969, 0.959279, 0.035179, 0.088813,  2,  1207.66047,  44, 8318978.500000, 9.000000, 0.585378, 0.203389, 0.200677, 1.138711
KIISLSQLLQEDSLNVADLSSLR, Yes, 0.34578, 0.983692, 0.014418, 0.090159,  3,   848.14106,  44, 16228511.000000, 9.000000, 0.930695, 0.038062, 0.258005, 0.433547
KIISLSQLLQEDSLNVADLSSLR, Yes, 0.50483, 0.978024, 0.038937, 0.216763,  2,  1271.70794,  44, 19239748.000000, 5.000000, 0.266216, 0.184896, 0.000000, 2.658817
AFYAELYHIISSNLEK, Yes, 0.24497, 0.889766, 0.039748, 0.039669,  3,   633.32798,  30, 166582240.000000, 9.000000, 0.618266, 0.075763, 0.070257, 0.419677
cILVITWIQHLIPK, Yes, 0.96230, 0.894322, 0.056987, 0.159827,  3,   578.67601,  17, 19938560.000000, 8.000000, -1.155095, 0.808395, 0.000000, 5.235284


MeanRateConst/CorrCutOff, 0.359363, 0.900000


MedianRateConst/RMSSCutOff, 0.345776, 0.050000
StandDev/NumberPeptides, 0.057048, 5
TotalIonCurrent, 3.56788e+10
