Peptides, PeptideUnique, RateConstants, Correlations, RootMeanRSS, AbsoluteIsotopeError, Charge, m/z(Sequence), NEH, Abundance, NDP, Rsquared,sigma,CI lower band, CI upper band
ALAQYLLLLK, Yes, 0.39553, 0.964307, 0.046709, 0.050492,  2,   573.36825,  15, 137181168.000000, 8.000000, 0.767303, 0.121852, 0.107396, 0.683663
RALAQYLLLLK, Yes, 0.32591, 0.953455, 0.027699, 0.074952,  3,   434.61496,  19, 12339125.000000, 9.000000, 0.857048, 0.054767, 0.199621, 0.452207
AVSSGILSALGNLLAQTIEK, Yes, 1.99022, 0.974424, 0.064339, 0.190344,  3,   662.38075,  39, 36604552.000000, 9.000000, -0.277981, 1.950088, 0.808649, 3.171794
AVSSGILSALGNLLAQTIEK, Yes, 2.65654, 0.968169, 0.067388, 0.185229,  2,   993.06749,  39, 32560878.000000, 9.000000, -0.403360, 4.082586, 1.430413, 3.882660
MWTPLQFININYVPLQFR, Yes, 0.47823, 0.543229, 0.093868, 0.131214,  2,  1140.60353,  26, 4961560.000000, 9.000000, -15.656690, 0.435125, 0.000000, 3.854268
VESELGSLPK, Yes, 2.39097, 0.947890, 0.101008, 0.325888,  2,   529.79004,  20, 81136360.000000, 9.000000, 0.421313, 3.739163, 0.494043, 4.287890
SGFWPALQMNWR, Yes, 0.39945, 0.965066, 0.020352, 0.239826,  2,   746.86134,  22, 78314648.000000, 9.000000, 0.936027, 0.046617, 0.291953, 0.506951


MeanRateConst/CorrCutOff, 0.373632, 0.900000


MedianRateConst/RMSSCutOff, 0.395529, 0.050000
StandDev/NumberPeptides, 0.062608, 3
TotalIonCurrent, 1.8434e+10
