Peptides, PeptideUnique, RateConstants, Correlations, RootMeanRSS, AbsoluteIsotopeError, Charge, m/z(Sequence), NEH, Abundance, NDP, Rsquared,sigma,CI lower band, CI upper band
FASENDLPEWK, Yes, 0.06790, 0.482549, 0.178416, 0.058642,  2,   668.31440,  22, 66279612.000000, 8.000000, 0.362293, 0.040884, 0.000000, 1.588114
TLEEDEEELFK, Yes, 0.04638, 0.398002, 0.191158, 0.155988,  2,   691.32209,  23, 69179000.000000, 9.000000, -0.038233, 0.050658, 0.000000, 4.711190
IcANHYITPMMELKPNAGSDR, Yes, 2.16328, 0.891180, 0.069886, 0.311733,  3,   806.71693,  41, 15665527.000000, 6.000000, -0.896518, 3.614038, 0.272482, 4.054080
AWVWNTHADFADEcPKPELLAIR, Yes, 0.17354, 0.974191, 0.017976, 0.100707,  3,   913.78310,  46, 12056117.000000, 7.000000, 0.841174, 0.028449, 0.103933, 0.243156


MeanRateConst/CorrCutOff, 0.173544, 0.900000


MedianRateConst/RMSSCutOff, 0.173544, 0.050000
StandDev/NumberPeptides, 0.028449, 1
TotalIonCurrent, 5.83517e+09
