Peptides, PeptideUnique, RateConstants, Correlations, RootMeanRSS, AbsoluteIsotopeError, Charge, m/z(Sequence), NEH, Abundance, NDP, Rsquared,sigma,CI lower band, CI upper band
YGVEAFSDSLR, No, 0.55800, 0.992659, 0.022224, 0.027568,  2,   622.30130,  22, 1396176640.000000, 8.000000, 0.962237, 0.065364, 0.403440, 0.712562
VSLFGGGYcISK, Yes, 0.61682, 0.996590, 0.026023, 0.079068,  2,   644.32374,  16, 262559616.000000, 5.000000, 0.910353, 0.231450, 0.115652, 1.117990
TESIVTATQWVK, Yes, 0.65518, 0.904145, 0.036268, 0.043306,  2,   681.86682,  17, 285934240.000000, 9.000000, 0.777602, 0.182109, 0.235239, 1.075126
VAIIEPGFFLTGVTSSAR, Yes, 0.38449, 0.987642, 0.020414, 0.045670,  3,   622.34376,  32, 47395976.000000, 9.000000, 0.937226, 0.049472, 0.270411, 0.498574
VAIIEPGFFLTGVTSSAR, Yes, 0.37044, 0.992382, 0.009820, 0.045920,  2,   933.01201,  32, 281269664.000000, 9.000000, 0.983265, 0.021925, 0.319886, 0.421004
YVFITGcDSGFGTLLAR, Yes, 3.67019, 0.436917, 0.094434, 0.196924,  2,   938.96675,  23, 8794906.000000, 9.000000, -0.110255, 19.745638, 1.431046, 5.909337
LcSNTQMLWDQTSSEIR, Yes, 0.48203, 0.966103, 0.046897, 0.033074,  2,  1034.97496,  32, 120460584.000000, 9.000000, 0.522915, 0.136644, 0.166925, 0.797129
GLWGLVNNAGISTPSGPNEWMK, Yes, 0.92645, 0.798476, 0.101364, 0.080419,  2,  1164.57570,  37, 69685832.000000, 9.000000, -5.728586, 1.194472, 0.000000, 7.327254
YGVEAFSDSLRR, No, 3.06375, 0.852248, 0.083144, 1.563994,  2,   700.35186,  25, 772710272.000000, 9.000000, 0.445112, 8.212487, 1.128704, 4.998798
YGVEAFSDSLRR, No, 0.56684, 0.987466, 0.014932, 0.097814,  3,   467.23700,  25, 797807040.000000, 9.000000, 0.948097, 0.066431, 0.413653, 0.720033


MeanRateConst/CorrCutOff, 0.519116, 0.900000


MedianRateConst/RMSSCutOff, 0.558001, 0.050000
StandDev/NumberPeptides, 0.061779, 7
TotalIonCurrent, 1.67312e+11
