Peptides, PeptideUnique, RateConstants, Correlations, RootMeanRSS, AbsoluteIsotopeError, Charge, m/z(Sequence), NEH, Abundance, NDP, Rsquared,sigma,CI lower band, CI upper band
VVNISSSMGR, Yes, 0.30414, 0.866448, 0.057710, 0.050308,  2,   525.27404,  18, 3732572928.000000, 9.000000, 0.522349, 0.105550, 0.060740, 0.547536
VSLcGGGYcISK, Yes, 0.47277, 0.985995, 0.021909, 0.035025,  2,   650.80485,  17, 1397273344.000000, 9.000000, 0.867534, 0.094191, 0.255561, 0.689972
EVYDKNFLDSYIK, Yes, 0.74701, 0.947148, 0.019568, 0.078210,  2,   817.40903,  16, 439432512.000000, 9.000000, 0.728405, 0.243172, 0.186258, 1.307771
LWDQTSSEVKEVYDK, Yes, 0.52554, 0.951517, 0.023109, 0.099937,  2,   913.94398,  24, 58967880.000000, 9.000000, 0.899158, 0.090214, 0.317509, 0.733575
LWDQTSSEVKEVYDK, Yes, 0.46102, 0.962331, 0.022600, 0.128038,  3,   609.63174,  24, 88885680.000000, 8.000000, 0.397231, 0.167778, 0.064291, 0.857757
LWDQTSSEVKEVYDKNFLDSYIK, Yes, 2.34364, 0.086361, 0.128741, 0.059760,  4,   702.59981,  33, 453167232.000000, 9.000000, -4.267479, 10.242221, 0.000000, 6.641467
AIQSLTDTcSDDLSVVTDcMEHALTAcHPR, Yes, 0.32062, 0.988936, 0.010410, 0.040292,  3,  1135.17224,  57, 96039056.000000, 9.000000, 0.967412, 0.024703, 0.263656, 0.377586
AIQSLTDTcSDDLSVVTDcMEHALTAcHPR, Yes, 0.33142, 0.988592, 0.010960, 0.043279,  4,   851.63100,  57, 624886336.000000, 9.000000, 0.972096, 0.023578, 0.277049, 0.385793
AIQSLTDTcSDDLSVVTDcmEHALTAcHPR, Yes, 0.24625, 0.969771, 0.013811, 0.044752,  4,   855.62973,  57, 23297282.000000, 8.000000, 0.931108, 0.024651, 0.187960, 0.304539
EISYFGVK, Yes, 0.10516, 0.962924, 0.138477, 1.083079,  2,   471.75019,  11, 884445952.000000, 7.000000, -0.115467, 0.108606, 0.000000, 1.891532


MeanRateConst/CorrCutOff, 0.392937, 0.900000


MedianRateConst/RMSSCutOff, 0.461024, 0.050000
StandDev/NumberPeptides, 0.039703, 6
TotalIonCurrent, 4.67872e+11
