Peptides, PeptideUnique, RateConstants, Correlations, RootMeanRSS, AbsoluteIsotopeError, Charge, m/z(Sequence), NEH, Abundance, NDP, Rsquared,sigma,CI lower band, CI upper band
VELcSFSGYK, Yes, 0.17504, 0.987557, 0.011830, 0.030989,  2,   595.28153,  15, 440776224.000000, 9.000000, 0.964948, 0.013989, 0.142783, 0.207302
AITGASLADIMAK, Yes, 0.16180, 0.984843, 0.018389, 0.052317,  2,   631.34465,  27, 1506317952.000000, 9.000000, 0.957741, 0.014032, 0.129440, 0.194156
AITGASLADImAK, Yes, 0.35473, 0.977500, 0.023083, 0.045383,  2,   639.34211,  27, 147232384.000000, 9.000000, 0.933940, 0.037824, 0.267509, 0.441952
MKVELcSFSGYK, Yes, 17.71313, 0.873202, 0.046591, 0.166803,  2,   724.84925,  16, 189491856.000000, 7.000000, 0.556213, 17951062.000000, 15.174747, 20.251520
mKVELcSFSGYK, Yes, 0.06729, 0.646092, 0.080498, 0.215678,  2,   732.84671,  16, 4247379200.000000, 9.000000, -0.621823, 0.027099, 0.004801, 0.129783
QINWTVLYR, Yes, 0.16146, 0.938208, 0.022424, 0.061123,  2,   596.82729,  12, 266933616.000000, 8.000000, 0.843322, 0.024812, 0.102786, 0.220127


MeanRateConst/CorrCutOff, 0.213257, 0.900000


MedianRateConst/RMSSCutOff, 0.175043, 0.050000
StandDev/NumberPeptides, 0.019094, 4
TotalIonCurrent, 1.10887e+11
