Peptides, PeptideUnique, RateConstants, Correlations, RootMeanRSS, AbsoluteIsotopeError, Charge, m/z(Sequence), NEH, Abundance, NDP, Rsquared,sigma,CI lower band, CI upper band
GGLLTNAQLLFGPSVR, Yes, 0.04340, 0.983202, 0.027476, 0.086127,  2,   821.96740,  28, 24191622.000000, 7.000000, 0.687679, 0.013345, 0.010746, 0.076054
ILDTPLQHSDFFNVK, Yes, 0.10763, 0.773532, 0.083044, 0.056410,  3,   591.97719,  21, 43790516.000000, 8.000000, 0.266657, 0.070500, 0.000000, 3.930669
VTGAPVPAVSEPQDGDDFQSR, Yes, 0.08904, 0.949819, 0.028615, 0.097470,  2,  1086.51384,  48, 19850824.000000, 7.000000, 0.672262, 0.018748, 0.043167, 0.134914


MeanRateConst/CorrCutOff, 0.080023, 0.900000


MedianRateConst/RMSSCutOff, 0.089041, 0.050000
StandDev/NumberPeptides, 0.021059, 2
TotalIonCurrent, 3.11682e+09
