Peptides, PeptideUnique, RateConstants, Correlations, RootMeanRSS, AbsoluteIsotopeError, Charge, m/z(Sequence), NEH, Abundance, NDP, Rsquared,sigma,CI lower band, CI upper band
GLGLDDALEPR, Yes, 0.24444, 0.969359, 0.032072, 0.137815,  2,   578.30385,  23, 50078812.000000, 8.000000, 0.849580, 0.036946, 0.157072, 0.331800
TQGFLALFSGDTGEIK, Yes, 0.10786, 0.572047, 0.095700, 0.140766,  2,   842.43306,  26, 32910026.000000, 8.000000, 0.203234, 0.052357, 0.000000, 2.638409
ALESDMAPVLIMATNR, Yes, 0.33979, 0.925291, 0.070182, 0.086708,  2,   866.44202,  33, 50336284.000000, 7.000000, 0.038601, 0.094917, 0.107539, 0.572044
GTSYQSPHGIPIDLLDR, Yes, 0.12378, 0.226282, 0.215604, 0.223585,  2,   934.97869,  32, 6002542.500000, 6.000000, -3.965272, 0.112175, 0.000000, 4.191515
TTEMETIYDLGTK, Yes, 0.00049, -0.032491, 0.116144, 0.121830,  2,   751.35816,  16, 52316872.000000, 7.000000, -0.234000, 0.031955, 0.000000, 5.357716
GTSYQSPHGIPIDLLDR, Yes, 0.27616, 0.791971, 0.044143, 0.190442,  3,   623.65488,  32, 95816760.000000, 8.000000, -0.229041, 0.096728, 0.047434, 0.504884


MeanRateConst/CorrCutOff, 0.244436, 0.900000


MedianRateConst/RMSSCutOff, 0.244436, 0.050000
StandDev/NumberPeptides, 0.036946, 1
TotalIonCurrent, 5.96746e+09
