Peptides, PeptideUnique, RateConstants, Correlations, RootMeanRSS, AbsoluteIsotopeError, Charge, m/z(Sequence), NEH, Abundance, NDP, Rsquared,sigma,CI lower band, CI upper band
QVLSSLLSGALAGALAK, Yes, 0.16384, 0.979402, 0.023906, 0.148521,  2,   799.97741,  36, 60543612.000000, 9.000000, 0.919466, 0.019020, 0.119974, 0.207697
QVLSSLLSGALAGALAK, Yes, 0.20695, 0.956544, 0.038511, 0.081653,  3,   533.65404,  36, 22902900.000000, 9.000000, 0.866355, 0.029474, 0.138979, 0.274913
MQTAGVTGHQHGSILSTLR, Yes, 0.09858, 0.965380, 0.048788, 0.166519,  3,   665.34606,  36, 21061480.000000, 6.000000, 0.356978, 0.039898, 0.000000, 1.240441
MQTAGVTGHQHGSILSTLR, Yes, 0.08689, 0.803237, 0.061246, 0.178271,  2,   997.51545,  36, 9489062.000000, 7.000000, 0.359745, 0.041742, 0.000000, 3.674299
LLAGALAGTTAASLTYPLDLVR, Yes, 0.73330, 0.983089, 0.060620, 0.133369,  3,   729.75096,  39, 38458308.000000, 9.000000, -0.794091, 0.383479, 0.000000, 4.236696
LLAGALAGTTAASLTYPLDLVR, Yes, 0.51187, 0.977597, 0.065113, 0.050004,  2,  1094.12280,  39, 48484068.000000, 9.000000, -1.304413, 0.242739, 0.000000, 2.444534
MVFGAcAGLIGQSASYPLDVVR, Yes, 1.14794, 0.482999, 0.102935, 1.164600,  2,  1156.08231,  42, 3078244.250000, 6.000000, -1.232794, 1.778621, 0.000000, 4.571816
EMYSNIFHVFIR, Yes, 0.12029, 0.975944, 0.014924, 0.104813,  3,   519.26238,  19, 27328780.000000, 4.000000, 0.949105, 0.019264, 0.058987, 0.181601


MeanRateConst/CorrCutOff, 0.147414, 0.900000


MedianRateConst/RMSSCutOff, 0.163835, 0.050000
StandDev/NumberPeptides, 0.024468, 4
TotalIonCurrent, 1.34669e+10
