Peptides, PeptideUnique, RateConstants, Correlations, RootMeanRSS, AbsoluteIsotopeError, Charge, m/z(Sequence), NEH, Abundance, NDP, Rsquared,sigma,CI lower band, CI upper band
KLNLPMFTVLR, Yes, 0.30032, 0.965749, 0.026449, 0.101949,  3,   444.60044,  12, 41185040.000000, 7.000000, 0.671639, 0.075658, 0.115187, 0.485446
KTFPLPLLYFGNQITGLFSTK, Yes, 2.15208, 0.671879, 0.070076, 0.067085,  3,   795.77874,  24, 64235956.000000, 8.000000, -1.893595, 6.894052, 0.000000, 5.817798
TFPLPLLYFGNQITGLFSTK, Yes, 0.18950, 0.654479, 0.080219, 0.137031,  2,  1129.11700,  23, 975179.625000, 5.000000, -0.362893, 0.155675, 0.000000, 3.054276


MeanRateConst/CorrCutOff, 0.880633, 0.900000


MedianRateConst/RMSSCutOff, 0.300316, 0.050000
StandDev/NumberPeptides, 0.151622, 1
TotalIonCurrent, 4.63186e+09
