Peptides, PeptideUnique, RateConstants, Correlations, RootMeanRSS, AbsoluteIsotopeError, Charge, m/z(Sequence), NEH, Abundance, NDP, Rsquared,sigma,CI lower band, CI upper band
SPSKEPHFTDFEGK, Yes, 3.45849, 0.766387, 0.071939, 0.092942,  2,   803.38082,  27, 19020176.000000, 9.000000, -0.032086, 11.514486, 1.805045, 5.111931
HLEGLLPVGVPTTDTQR, Yes, 1.22003, 0.974542, 0.038123, 0.040839,  3,   611.66702,  28, 105492400.000000, 7.000000, 0.871675, 0.505765, 0.302586, 2.137475
HLEGLLPVGVPTTDTQR, Yes, 1.79987, 0.975082, 0.029046, 0.052518,  2,   916.99689,  28, 82332776.000000, 9.000000, 0.891498, 0.695987, 0.194917, 3.404817
AIQQMLFQNQEFSWLR, Yes, 12.09614, 0.951836, 0.031872, 0.096623,  2,  1020.01200,  35, 14538812.000000, 7.000000, 0.755626, 30523.435547, 10.928272, 13.263998


MeanRateConst/CorrCutOff, 5.038678, 0.900000


MedianRateConst/RMSSCutOff, 1.799867, 0.050000
StandDev/NumberPeptides, 0.878724, 3
TotalIonCurrent, 1.30751e+10
