Peptides, PeptideUnique, RateConstants, Correlations, RootMeanRSS, AbsoluteIsotopeError, Charge, m/z(Sequence), NEH, Abundance, NDP, Rsquared,sigma,CI lower band, CI upper band
GIVEESVTGVHR, Yes, 0.78297, 0.976120, 0.025255, 0.086330,  3,   428.22985,  23, 58756516.000000, 9.000000, 0.941326, 0.119590, 0.507194, 1.058746
GIVEESVTGVHR, Yes, 1.31535, 0.758661, 0.097251, 0.059563,  2,   641.84114,  23, 33453342.000000, 9.000000, -0.603924, 1.300758, 0.000000, 3.143046
KQIQFADDMQEFTK, Yes, 2.64880, 0.621116, 0.122851, 0.229077,  2,   864.91671,  27, 69261112.000000, 9.000000, -1.413851, 7.276983, 0.445784, 4.851814
NScIVcNMGHSNTEIDVTSLR, Yes, 0.00348, 1.000000, 0.024640, 0.202779,  2,  1204.04358,  36, 2081450.875000, 2.000000, -54.917801, 0.003036, 0.000000, 4.027923
LcVPAMNVNDSVTK, Yes, 0.58578, 0.485892, 0.107855, 0.233950,  2,   774.38145,  20, 38503112.000000, 9.000000, 0.127988, 0.481830, 0.000000, 3.173406


MeanRateConst/CorrCutOff, 0.782970, 0.900000


MedianRateConst/RMSSCutOff, 0.782970, 0.050000
StandDev/NumberPeptides, 0.119590, 1
TotalIonCurrent, 6.62245e+09
