Peptides, PeptideUnique, RateConstants, Correlations, RootMeanRSS, AbsoluteIsotopeError, Charge, m/z(Sequence), NEH, Abundance, NDP, Rsquared,sigma,CI lower band, CI upper band
SSLSHAMVIDSR, Yes, 0.42196, 0.931769, 0.038273, 0.119285,  2,   651.82716,  25, 65030432.000000, 9.000000, 0.304928, 0.140224, 0.098598, 0.745312
LELNYcIPMGVQGGDR, Yes, 0.09074, 0.980717, 0.016255, 0.102617,  2,   911.43474,  29, 67843072.000000, 9.000000, 0.937241, 0.008123, 0.072012, 0.109475
ETSYGLSFFKPQPGNFER, Yes, 0.19133, 0.961148, 0.028927, 0.024771,  2,  1052.51035,  34, 39489632.000000, 9.000000, 0.685290, 0.036804, 0.106457, 0.276195
LTGSYNTMVGNNEGSMVLGLK, Yes, 0.02427, 0.867489, 0.053884, 0.204228,  2,  1093.03502,  29, 16016367.000000, 9.000000, 0.359209, 0.019870, 0.000000, 3.936505
THFFLNAGNLcNLNYGEGPK, Yes, 2.22299, 0.813017, 0.046994, 0.310307,  2,  1133.53911,  32, 22707740.000000, 9.000000, 0.125495, 3.156564, 0.666675, 3.779314
VTGQFPWSSLR, Yes, 0.33941, 0.771980, 0.094944, 0.132462,  2,   639.33549,  19, 267058128.000000, 7.000000, 0.447099, 0.215642, 0.000000, 2.420138
GVSAEYSFPLWK, Yes, 0.44237, 0.586368, 0.113048, 0.803488,  2,   692.35080,  20, 108397304.000000, 9.000000, 0.339008, 0.248312, 0.000000, 2.505292
LPNLLGR, Yes, 0.15670, 0.958899, 0.041079, 0.041589,  2,   391.74778,  11, 47289384.000000, 8.000000, -0.960150, 0.054937, 0.026796, 0.286607
SSLSHAMVIDSR, Yes, 1.01707, 0.890058, 0.043649, 0.953329,  3,   434.88720,  25, 49601416.000000, 9.000000, 0.489275, 0.531438, 0.000000, 2.282282
TKDDIIIcEIGEVFK, Yes, 0.29815, 0.450204, 0.051890, 0.119064,  2,   890.46349,  21, 15903772.000000, 7.000000, -1.346360, 0.335093, 0.000000, 5.681874
THFFLNAGNLcNLNYGEGPK, Yes, 1.44981, 0.860882, 0.041640, 0.670956,  3,   756.02850,  32, 45123532.000000, 9.000000, 0.455900, 0.897430, 0.389216, 2.510412


MeanRateConst/CorrCutOff, 0.215182, 0.900000


MedianRateConst/RMSSCutOff, 0.191326, 0.050000
StandDev/NumberPeptides, 0.022777, 4
TotalIonCurrent, 3.05964e+10
