Peptides, PeptideUnique, RateConstants, Correlations, RootMeanRSS, AbsoluteIsotopeError, Charge, m/z(Sequence), NEH, Abundance, NDP, Rsquared,sigma,CI lower band, CI upper band
GQHEVHGMPSANAHNTWK, Yes, 0.20747, 0.953082, 0.037684, 0.177175,  2,  1000.96084,  40, 3203393.500000, 6.000000, 0.709123, 0.057197, 0.060444, 0.354503
GQHEVHGMPSANAHNTWK, Yes, 0.29937, 0.849328, 0.064682, 0.859964,  3,   667.64298,  40, 11372779.000000, 8.000000, 0.042908, 0.149213, 0.000000, 2.357422
AMEGIFIKPGADLSTGHDEL, Yes, 0.07382, 0.749573, 0.084220, 0.096153,  2,  1051.01715,  39, 42915980.000000, 7.000000, -0.250865, 0.039615, 0.000000, 3.252388
YGSGSGQQSVTGVEESDDANSYWR, Yes, 1.02867, 0.958615, 0.047690, 0.209030,  3,   860.36875,  52, 30403276.000000, 5.000000, -0.125878, 0.828060, 0.000000, 2.799685
YGSGSGQQSVTGVEESDDANSYWR, Yes, 0.39257, 0.990739, 0.014068, 0.098259,  2,  1290.04949,  52, 42930780.000000, 8.000000, 0.940281, 0.039821, 0.298407, 0.486730
NLHTHHFPSPLSNNQEVSAFGEDGEGDDLDLWTVR, Yes, 0.68415, -2.000000, 0.000447, 0.374916,  3,  1311.94029,  68, 3911660.250000, 1.000000, 0.000000, 0.000000, 0.684153, 0.684153
NLHTHHFPSPLSNNQEVSAFGEDGEGDDLDLWTVR, Yes, 1.42684, 0.797211, 0.060695, 0.108572,  5,   787.56708,  68, 8767257.000000, 5.000000, -3.605391, 8.967314, 0.000000, 4.244887
GQHEVHGMPSANAHNTWK, Yes, 0.41487, 0.859265, 0.037078, 0.160231,  4,   500.98406,  40, 54052796.000000, 8.000000, 0.428849, 0.149448, 0.061483, 0.768259
ASAGLVTcGSVLK, Yes, 0.51786, 0.994640, 0.023244, 0.833198,  2,   631.84229,  22, 65899812.000000, 9.000000, 0.943635, 0.056354, 0.387911, 0.647818
AMEGIFIKPGADLSTGHDEL, Yes, 0.18919, 0.881574, 0.047926, 0.219980,  3,   701.01386,  39, 119568616.000000, 9.000000, 0.706582, 0.040908, 0.094857, 0.283526
NLHTHHFPSPLSNNQEVSAFGEDGEGDDLDLWTVR, Yes, 0.20521, 1.000000, 0.013694, 0.105133,  4,   984.20704,  68, 33443656.000000, 3.000000, 0.824544, 0.074750, 0.000000, 3.685601


MeanRateConst/CorrCutOff, 0.536645, 0.900000


MedianRateConst/RMSSCutOff, 0.517864, 0.050000
StandDev/NumberPeptides, 0.064990, 4
TotalIonCurrent, 2.51835e+10
