Peptides, PeptideUnique, RateConstants, Correlations, RootMeanRSS, AbsoluteIsotopeError, Charge, m/z(Sequence), NEH, Abundance, NDP, Rsquared,sigma,CI lower band, CI upper band
ELSANTAAFAK, Yes, 20.41397, 0.640125, 0.137554, 0.238412,  2,   561.79310,  26, 13239966.000000, 7.000000, -0.058219, 431507232.000000, 17.359800, 23.468130
VGDGMNAYMAYR, Yes, 0.10560, 0.767140, 0.073636, 0.483106,  2,   674.29464,  22, 2849352.750000, 7.000000, 0.469691, 0.037101, 0.014816, 0.196383
AVNTQALSGAGILR, Yes, 0.33558, 0.980994, 0.031321, 0.054140,  2,   685.89115,  30, 59582068.000000, 8.000000, 0.629494, 0.075009, 0.158210, 0.512948
QQQFENLDQQLR, Yes, 0.30476, 0.964476, 0.047714, 0.100878,  2,   773.88405,  32, 95277024.000000, 9.000000, 0.739019, 0.052357, 0.184019, 0.425492
SAAMLGNSEDHTALSR, Yes, 0.18968, 0.948430, 0.067517, 0.233011,  3,   553.93001,  38, 116356544.000000, 9.000000, 0.432750, 0.049530, 0.075465, 0.303897
SAAMLGNSEDHTALSR, Yes, 0.31164, 0.865083, 0.072872, 0.039779,  2,   830.39138,  38, 40971164.000000, 9.000000, 0.484693, 0.076146, 0.136044, 0.487228
YLESLVQTQQQLIK, Yes, 0.13371, 0.728655, 0.095010, 0.211798,  2,   845.97233,  26, 36667772.000000, 8.000000, 0.129774, 0.056499, 0.000115, 0.267314
ELILSSEPSPAVTPVTPTTLIAPR, Yes, 0.50234, 0.942449, 0.063826, 0.051064,  3,   830.46689,  45, 12195623.000000, 8.000000, -1.321069, 0.257435, 0.000000, 2.702587
ELILSSEPSPAVTPVTPTTLIAPR, Yes, 0.24541, 0.959513, 0.028408, 0.120717,  2,  1245.19670,  45, 15304168.000000, 9.000000, 0.733960, 0.050038, 0.130022, 0.360798
HPTLLQDPDLR, Yes, 2.42985, 0.927085, 0.054795, 0.843769,  2,   652.85150,  21, 30148622.000000, 8.000000, -0.087161, 4.062325, 0.745903, 4.113796
YLHVGYIVPPAPEK, Yes, 1.46886, 0.527955, 0.081124, 0.258577,  2,   791.93503,  24, 49814816.000000, 9.000000, -1.256843, 1.854921, 0.000000, 3.509208


MeanRateConst/CorrCutOff, 0.295248, 0.900000


MedianRateConst/RMSSCutOff, 0.304755, 0.050000
StandDev/NumberPeptides, 0.057235, 3
TotalIonCurrent, 1.80092e+10
