Peptides, PeptideUnique, RateConstants, Correlations, RootMeanRSS, AbsoluteIsotopeError, Charge, m/z(Sequence), NEH, Abundance, NDP, Rsquared,sigma,CI lower band, CI upper band
LGEGEGSMTKEEFAK, Yes, 0.30234, 0.954421, 0.067341, 0.112389,  2,   806.87978,  31, 14227128.000000, 9.000000, -0.332051, 0.101432, 0.068440, 0.536243
TTLSTFQSPEFSVTR, Yes, 1.27938, 0.975464, 0.041166, 0.199639,  2,   850.92814,  24, 107637864.000000, 9.000000, -0.074623, 0.841637, 0.036170, 2.522588
FEQLSESAKEELINFK, Yes, 0.05646, 0.965363, 0.021440, 0.241248,  2,   956.48853,  34, 5412031.000000, 6.000000, 0.626982, 0.022993, 0.000000, 3.058414
NNVSLLQScIDLFK, Yes, 0.35452, 0.953587, 0.026403, 0.423933,  2,   825.92962,  20, 28870538.000000, 9.000000, 0.851349, 0.074409, 0.182928, 0.526104
TVSTHEVFLQR, Yes, 0.19126, 0.949416, 0.023880, 0.317767,  3,   439.57010,  19, 39182960.000000, 9.000000, 0.973030, 0.012248, 0.163012, 0.219501
LGEGEGSMTKEEFAK, Yes, 0.17942, 0.974453, 0.028808, 0.075929,  3,   538.25561,  31, 181327184.000000, 6.000000, 0.870345, 0.038360, 0.080814, 0.278028
TVSTHEVFLQR, Yes, 0.74616, 0.730064, 0.095127, 0.507308,  2,   658.85151,  19, 21544068.000000, 9.000000, -0.558133, 0.422577, 0.000000, 4.390317


MeanRateConst/CorrCutOff, 0.195413, 0.900000


MedianRateConst/RMSSCutOff, 0.191257, 0.050000
StandDev/NumberPeptides, 0.024295, 4
TotalIonCurrent, 1.44195e+10
