Peptides, PeptideUnique, RateConstants, Correlations, RootMeanRSS, AbsoluteIsotopeError, Charge, m/z(Sequence), NEH, Abundance, NDP, Rsquared,sigma,CI lower band, CI upper band
AAEIDcQDIEER, Yes, 0.00328, 1.000000, 0.008265, 0.250456,  2,   724.81972,  34, 21107988.000000, 2.000000, 0.620035, 0.002525, 0.000000, 5.828617
LLSGEDVGQDEGATR, Yes, 0.79674, 0.950453, 0.135530, 0.270308,  2,   773.87082,  33, 37496444.000000, 7.000000, -5.715174, 0.676571, 0.000000, 6.183202
AQSLLSAGHPEGEQIIR, Yes, 0.01003, 0.848308, 0.028999, 0.429277,  2,   903.47884,  45, 4320254.000000, 6.000000, -0.163872, 0.019440, 0.000000, 5.212287
VHLENMGSHDIVDGNHR, No, 0.02001, -2.000000, 0.006137, 0.273524,  2,   965.45285,  34, 3760372.750000, 1.000000, 0.000000, inf, 0.020015, 0.020015


MeanRateConst/CorrCutOff, 0.207514, 0.900000


MedianRateConst/RMSSCutOff, 0.020015, 0.050000
StandDev/NumberPeptides, 0.008911, 0
TotalIonCurrent, 1.02657e+09
