Peptides, PeptideUnique, RateConstants, Correlations, RootMeanRSS, AbsoluteIsotopeError, Charge, m/z(Sequence), NEH, Abundance, NDP, Rsquared,sigma,CI lower band, CI upper band
VQNMALYADVSGK, Yes, 0.34076, 0.985494, 0.017868, 0.103664,  2,   698.35047,  24, 578336768.000000, 9.000000, 0.938324, 0.033723, 0.262991, 0.418521
NNEDVSIIPPLFTVSVDHR, Yes, 0.24902, 0.986948, 0.012039, 0.021349,  3,   718.03929,  33, 516582272.000000, 9.000000, 0.956710, 0.020548, 0.201642, 0.296407
FFDEESYSLLR, Yes, 0.31932, 0.844619, 0.069055, 0.443001,  2,   703.33534,  20, 545648896.000000, 9.000000, 0.535484, 0.118971, 0.044976, 0.593670
NNEDVSIIPPLFTVSVDHR, Yes, 0.22848, 0.956145, 0.025143, 0.343759,  2,  1076.55530,  33, 141306304.000000, 7.000000, 0.824067, 0.045086, 0.118157, 0.338800


MeanRateConst/CorrCutOff, 0.272753, 0.900000


MedianRateConst/RMSSCutOff, 0.249025, 0.050000
StandDev/NumberPeptides, 0.029850, 3
TotalIonCurrent, 1.1305e+11
