Peptides, PeptideUnique, RateConstants, Correlations, RootMeanRSS, AbsoluteIsotopeError, Charge, m/z(Sequence), NEH, Abundance, NDP, Rsquared,sigma,CI lower band, CI upper band
YYVDVPQEEVPFR, Yes, 0.92489, 0.982394, 0.028414, 0.052250,  2,   820.90139,  25, 90877704.000000, 9.000000, 0.899485, 0.212471, 0.434927, 1.414847
SGLQSWEDIDKLNSFPK, Yes, 0.21000, 0.491636, 0.120498, 0.513262,  2,   982.49162,  29, 35818392.000000, 6.000000, -0.337366, 0.187142, 0.000000, 3.960178
IVSNVPQLEFLNLSSNPLSLSVLER, Yes, 1.50598, 0.990515, 0.028547, 0.109839,  2,  1384.76326,  45, 6240562.500000, 6.000000, 0.623378, 0.797415, 0.552263, 2.459693
IVSNVPQLEFLNLSSNPLSLSVLER, Yes, 0.94497, 0.978709, 0.023116, 0.066731,  3,   923.51126,  45, 27946096.000000, 4.000000, 0.787652, 0.339779, 0.000000, 4.113331


MeanRateConst/CorrCutOff, 1.125279, 0.900000


MedianRateConst/RMSSCutOff, 0.944970, 0.050000
StandDev/NumberPeptides, 0.336940, 3
TotalIonCurrent, 3.59876e+09
