Peptides, PeptideUnique, RateConstants, Correlations, RootMeanRSS, AbsoluteIsotopeError, Charge, m/z(Sequence), NEH, Abundance, NDP, Rsquared,sigma,CI lower band, CI upper band
QADLYISEGLHPR, No, 0.76748, 0.990096, 0.014609, 0.272174,  2,   749.88606,  29, 43857944.000000, 6.000000, 0.974739, 0.079367, 0.563459, 0.971499
DGNVLLHEMQIQHPTASIIAK, Yes, 0.68298, 0.955860, 0.026155, 0.033857,  4,   579.55986,  43, 91473256.000000, 5.000000, 0.837471, 0.185807, 0.167099, 1.198865
DGNVLLHEMQIQHPTASIIAK, Yes, 0.13898, 0.952753, 0.052486, 0.378316,  2,  1158.11244,  43, 28346730.000000, 4.000000, 0.094492, 0.120213, 0.000000, 5.372015
DGNVLLHEMQIQHPTASIIAK, Yes, 0.22433, 0.994265, 0.042442, 0.201247,  3,   772.41072,  43, 46455448.000000, 5.000000, 0.728327, 0.055251, 0.070928, 0.377730


MeanRateConst/CorrCutOff, 0.558263, 0.900000


MedianRateConst/RMSSCutOff, 0.682982, 0.050000
StandDev/NumberPeptides, 0.083147, 3
TotalIonCurrent, 6.61057e+09
