Peptides, PeptideUnique, RateConstants, Correlations, RootMeanRSS, AbsoluteIsotopeError, Charge, m/z(Sequence), NEH, Abundance, NDP, Rsquared,sigma,CI lower band, CI upper band
ALEDFTGPDcR, Yes, 0.52948, 0.983186, 0.025127, 0.035803,  2,   640.78243,  22, 46206476.000000, 5.000000, 0.947879, 0.120149, 0.195893, 0.863066
AGQQEGFLEPGLK, Yes, 12.61197, 0.547606, 0.147940, 0.114645,  2,   687.35661,  30, 21157042.000000, 9.000000, -1.495531, 226027.515625, 9.297194, 15.926747
KQNMILSDEAVK, Yes, 0.29940, 0.962132, 0.028030, 0.152090,  2,   688.36611,  22, 15878478.000000, 9.000000, 0.808763, 0.060685, 0.159459, 0.439340
VcGDEEcSMLMYR, Yes, 0.36208, 0.967046, 0.020395, 0.179195,  2,   825.32496,  24, 12090058.000000, 5.000000, 0.901536, 0.065661, 0.179775, 0.544382
FGSTADALVSDDEATR, Yes, 2.14967, 0.981446, 0.075385, 0.015720,  2,   827.88138,  34, 9511057.000000, 6.000000, 0.088570, 2.407032, 0.812447, 3.486902
DIDLGPVMEGGPVGAGDVQK, Yes, 1.18794, 0.591207, 0.125057, 0.207968,  2,   977.48296,  37, 26793878.000000, 8.000000, -1.888288, 1.737933, 0.000000, 4.173458
KGLVQPESQSEDAKSETASAYR, Yes, 0.27201, 1.000000, 0.052675, 0.479386,  3,   794.39081,  55, 2174328.250000, 2.000000, 0.492169, 0.227865, 0.000000, 8.807650
KGLVQPESQSEDAKSETASAYR, Yes, 0.44690, 0.585345, 0.075437, 0.338821,  4,   596.04493,  55, 3365887.000000, 6.000000, -0.239459, 0.267547, 0.000000, 2.741889


MeanRateConst/CorrCutOff, 0.396986, 0.900000


MedianRateConst/RMSSCutOff, 0.362078, 0.050000
StandDev/NumberPeptides, 0.074941, 3
TotalIonCurrent, 2.89524e+09
