Peptides, PeptideUnique, RateConstants, Correlations, RootMeanRSS, AbsoluteIsotopeError, Charge, m/z(Sequence), NEH, Abundance, NDP, Rsquared,sigma,CI lower band, CI upper band
LSPPYSSPQEFAQDVGR, Yes, 0.85915, 0.977197, 0.041929, 0.118666,  2,   939.45505,  40, 35694676.000000, 9.000000, 0.629778, 0.275082, 0.224812, 1.493492
VFPGSTTEDYNLIVIER, Yes, 0.16586, 0.659314, 0.086462, 0.069969,  2,   977.00183,  27, 17028222.000000, 6.000000, 0.016801, 0.106781, 0.000000, 2.475399
IVAERPGTNSTGPGPMAPPR, Yes, 0.52856, 0.992364, 0.022504, 0.107345,  3,   669.01431,  45, 26101754.000000, 8.000000, 0.901201, 0.077539, 0.345210, 0.711912


MeanRateConst/CorrCutOff, 0.517859, 0.900000


MedianRateConst/RMSSCutOff, 0.528561, 0.050000
StandDev/NumberPeptides, 0.115844, 2
TotalIonCurrent, 4.71087e+09
