Peptides, PeptideUnique, RateConstants, Correlations, RootMeanRSS, AbsoluteIsotopeError, Charge, m/z(Sequence), NEH, Abundance, NDP, Rsquared,sigma,CI lower band, CI upper band
ELLTSFGPLK, Yes, 0.60774, 0.990824, 0.055264, 0.041693,  2,   552.81860,  14, 63027884.000000, 7.000000, 0.027055, 0.324615, 0.000000, 2.265067
SIEIPRPVDGVEVPGcGK, Yes, 0.50706, 0.911443, 0.045920, 0.092587,  2,   954.99603,  35, 14599433.000000, 7.000000, 0.421890, 0.155122, 0.127488, 0.886628
LGGLTQAPGNPVLAVQINQDK, Yes, 0.41261, 0.984016, 0.016744, 0.096804,  2,  1067.08676,  41, 24069508.000000, 6.000000, 0.958539, 0.043274, 0.301366, 0.523846
RPHDYQPLPGMSENPSVYVPGVVSTVVPDSAHK, Yes, 0.18809, 0.997128, 0.005099, 0.073496,  5,   712.75859,  63, 21036298.000000, 5.000000, 0.971776, 0.016314, 0.142794, 0.233383
RPHDYQPLPGMSENPSVYVPGVVSTVVPDSAHK, Yes, 0.40394, 0.763888, 0.053342, 0.184069,  4,   890.69642,  63, 20838230.000000, 8.000000, -0.714069, 0.628625, 0.000000, 5.458594
RPHDYQPLPGMSENPSVYVPGVVSTVVPDSAHK, Yes, 0.00559, 0.500432, 0.035965, 0.824966,  3,  1187.25947,  63, 4274876.500000, 5.000000, -0.292984, 0.066292, 0.000000, 5.445875


MeanRateConst/CorrCutOff, 0.278335, 0.900000


MedianRateConst/RMSSCutOff, 0.412606, 0.050000
StandDev/NumberPeptides, 0.037758, 4
TotalIonCurrent, 7.37281e+09
