Peptides, PeptideUnique, RateConstants, Correlations, RootMeanRSS, AbsoluteIsotopeError, Charge, m/z(Sequence), NEH, Abundance, NDP, Rsquared,sigma,CI lower band, CI upper band
LFFQPYQAGLSK, Yes, 0.43459, 0.944162, 0.040798, 0.132171,  2,   699.87444,  21, 28007022.000000, 9.000000, 0.053727, 0.189721, 0.000000, 2.354487
IQEMSDEVLDSNPYSR, Yes, 0.32128, 0.950164, 0.034064, 0.185453,  2,   941.92799,  35, 37261176.000000, 7.000000, 0.775205, 0.068067, 0.154730, 0.487838
ISNGGLEEGQPVDLVLScVDNFEAR, Yes, 0.02305, 0.903237, 0.010443, 0.091724,  2,  1359.65561,  51, 6569795.000000, 8.000000, 0.680970, 0.006078, 0.008682, 0.037427


MeanRateConst/CorrCutOff, 0.259644, 0.900000


MedianRateConst/RMSSCutOff, 0.321284, 0.050000
StandDev/NumberPeptides, 0.016261, 3
TotalIonCurrent, 2.71179e+09
