Peptides, PeptideUnique, RateConstants, Correlations, RootMeanRSS, AbsoluteIsotopeError, Charge, m/z(Sequence), NEH, Abundance, NDP, Rsquared,sigma,CI lower band, CI upper band
LLYESANIPDFR, Yes, 1.11782, 0.842997, 0.062402, 0.046675,  2,   719.37225,  23, 234644768.000000, 9.000000, 0.679286, 0.536712, 0.055070, 2.180565
LLYESANIPDFRK, Yes, 0.63917, 0.954858, 0.024211, 0.165214,  2,   783.41973,  23, 15881604.000000, 7.000000, 0.886777, 0.117966, 0.350513, 0.927817
IHQYFGDLcSQLLSR, Yes, 0.76744, 0.945901, 0.024824, 0.071661,  3,   612.97356,  28, 95790400.000000, 9.000000, 0.819565, 0.194829, 0.318167, 1.216720
IHQYFGDLcSQLLSR, Yes, 0.82262, 0.905329, 0.036106, 0.157773,  2,   918.95670,  28, 49957324.000000, 9.000000, 0.811760, 0.222416, 0.309730, 1.335516
IMDWLPQTDLLAHPSIR, Yes, 0.52048, 0.540251, 0.082507, 0.023919,  3,   669.35578,  31, 211268048.000000, 7.000000, -0.457051, 1.065597, 0.000000, 6.954601
IMDWLPQTDLLAHPSIR, Yes, 0.50436, 0.938666, 0.028652, 0.056842,  2,  1003.53003,  31, 83799304.000000, 9.000000, 0.594988, 0.158375, 0.139150, 0.869579
EKPSYQVINWRPPEDQEK, Yes, 0.15319, 0.754451, 0.111461, 0.178045,  2,  1122.05818,  40, 20721708.000000, 6.000000, -1.842054, 0.152160, 0.000000, 3.655020
LFVTHGGMNSVMEAVHHGVPMVGIPFFFDQPENMVR, Yes, 0.00072, 0.233446, 0.154080, 0.683828,  3,  1342.98068,  63, 11216569.000000, 9.000000, -2.874052, 0.063433, 0.000000, 10.669126
LFVTHGGMNSVMEAVHHGVPMVGIPFFFDQPENMVR, Yes, 2.05567, 0.874430, 0.036451, 0.203032,  5,   806.19132,  63, 57758248.000000, 7.000000, -4.872846, 3.879642, 0.000000, 4.167834
LFVTHGGMNSVMEAVHHGVPMVGIPFFFDQPENMVR, Yes, 0.00164, -0.025809, 0.146920, 0.658624,  4,  1007.48733,  63, 93832816.000000, 9.000000, -1.020282, 0.060147, 0.000000, 9.905659
EILSQYDSTIQEHFVEGSQPVLSDLLLK, Yes, 0.39169, 0.964863, 0.015591, 0.029708,  3,  1063.55023,  53, 90216008.000000, 9.000000, 0.661383, 0.093066, 0.177083, 0.606305
AESFALTMK, Yes, 22.58687, 0.792830, 0.060365, 0.110132,  2,   499.25477,  17, 278766784.000000, 9.000000, 0.211790, 1758261248.000000, 21.095051, 24.078693
EMNSAFAHLPQGVLWTcK, Yes, 0.67359, -2.000000, 0.205085, 0.625854,  2,  1045.00332,  33, 1665486.500000, 1.000000, 0.000000, inf, 0.673587, 0.673587


MeanRateConst/CorrCutOff, 0.625058, 0.900000


MedianRateConst/RMSSCutOff, 0.639165, 0.050000
StandDev/NumberPeptides, 0.142187, 5
TotalIonCurrent, 7.27863e+10
