Peptides, PeptideUnique, RateConstants, Correlations, RootMeanRSS, AbsoluteIsotopeError, Charge, m/z(Sequence), NEH, Abundance, NDP, Rsquared,sigma,CI lower band, CI upper band
FKGPFTDVVTTNLK, Yes, 0.37205, 0.985710, 0.008032, 0.061559,  2,   783.92996,  12, 171828800.000000, 9.000000, 0.962857, 0.030860, 0.300887, 0.443215
VAHSDKPGSTSAVSFR, Yes, 0.35928, 0.988596, 0.016940, 0.108476,  2,   823.41827,  33, 11953518.000000, 7.000000, 0.960701, 0.035703, 0.271916, 0.446638
VAHSDKPGSTSAVSFR, Yes, 0.71244, 0.874054, 0.046544, 0.093254,  3,   549.28127,  33, 65049464.000000, 9.000000, 0.067639, 0.560990, 0.000000, 5.845937
QDGPLPKPHSVSLNDTETR, Yes, 0.03019, 0.694734, 0.125884, 0.157959,  3,   697.68702,  37, 48414152.000000, 7.000000, -0.135655, 0.018197, 0.000000, 4.239790
QDGPLPKPHSVSLNDTETR, Yes, 0.16925, 0.994371, 0.004964, 0.298006,  2,  1046.02690,  37, 6986605.500000, 5.000000, 0.972652, 0.009790, 0.142068, 0.196432
cVFEMPNENDKLNDMEPSK, Yes, 0.35464, 0.978493, 0.020945, 0.086780,  3,   766.33427,  35, 16403014.000000, 7.000000, 0.870164, 0.058570, 0.211322, 0.497955
FMVQTIFAPPNISDMEAVWK, Yes, 1.02089, 0.990412, 0.042033, 0.105768,  3,   775.38664,  34, 22122700.000000, 9.000000, -0.322418, 0.576293, 0.000000, 2.289397
FMVQTIFAPPNISDMEAVWK, Yes, 0.58266, 0.971474, 0.049825, 0.053764,  2,  1162.57632,  34, 35105748.000000, 9.000000, -0.382696, 0.239996, 0.029228, 1.136092
KVAHSDKPGSTSAVSFR, Yes, 0.36986, 0.825125, 0.075314, 0.301906,  3,   591.97959,  34, 11877022.000000, 8.000000, 0.315265, 0.147280, 0.021601, 0.718126
KVAHSDKPGSTSAVSFR, Yes, 0.23140, 0.930375, 0.043990, 0.331167,  4,   444.23651,  34, 53223044.000000, 9.000000, -0.161557, 0.073223, 0.062547, 0.400253
GPFTDVVTTNLK, No, 0.18824, 0.872025, 0.048808, 0.087511,  2,   646.34827,  11, 745070336.000000, 9.000000, 0.731532, 0.060762, 0.048128, 0.328361
FKGPFTDVVTTNLK, Yes, 0.46411, 0.976030, 0.015647, 0.294882,  3,   522.95573,  12, 402416288.000000, 7.000000, 0.945673, 0.092470, 0.237843, 0.690377
QDGPLPKPHSVSLNDTETR, Yes, 6.61498, 0.998362, 0.099351, 0.075011,  4,   523.51709,  37, 286803264.000000, 4.000000, -5.842103, 170597.343750, 4.904389, 8.325561


MeanRateConst/CorrCutOff, 0.356295, 0.900000


MedianRateConst/RMSSCutOff, 0.359277, 0.050000
StandDev/NumberPeptides, 0.049040, 5
TotalIonCurrent, 5.34107e+10
