Peptides, PeptideUnique, RateConstants, Correlations, RootMeanRSS, AbsoluteIsotopeError, Charge, m/z(Sequence), NEH, Abundance, NDP, Rsquared,sigma,CI lower band, CI upper band
LTLSALVDGK, Yes, 0.27408, 0.985876, 0.021648, 0.048585,  2,   508.80295,  13, 344903360.000000, 9.000000, 0.946872, 0.030637, 0.203433, 0.344729
LTFDTTFSPNTGK, Yes, 0.26387, 0.955960, 0.026705, 0.029743,  2,   714.85392,  13, 365347648.000000, 9.000000, 0.675726, 0.064477, 0.115183, 0.412550
WcEYGLTFTEK, Yes, 0.09911, 0.887353, 0.050594, 0.305109,  2,   717.32393,  13, 64314140.000000, 9.000000, 0.304708, 0.060476, 0.000000, 2.314523
LTFDTTFSPNTGKK, Yes, 18.02664, 0.807410, 0.048206, 0.631575,  2,   778.90140,  14, 49144396.000000, 8.000000, 0.448438, 24727956.000000, 16.078773, 19.974514
ScSGVEFSTSGSSNTDTGK, Yes, 0.19890, 0.985295, 0.022379, 0.096482,  2,   954.39982,  33, 101848656.000000, 9.000000, 0.934011, 0.020107, 0.152533, 0.245268
VNNSSLIGVGYTQTLRPGVK, Yes, 0.20563, 0.991238, 0.012506, 0.061663,  3,   701.72341,  30, 699347776.000000, 9.000000, 0.943215, 0.019299, 0.161122, 0.250128
VNNSSLIGVGYTQTLRPGVK, Yes, 0.18240, 0.991901, 0.013473, 0.188798,  2,  1052.08148,  30, 136707616.000000, 9.000000, 0.931061, 0.018607, 0.139488, 0.225306
WNTDNTLGTEIAIEDQIcQGLK, Yes, 0.25365, 0.851559, 0.083572, 0.075512,  2,  1260.10775,  38, 33304034.000000, 9.000000, -2.687572, 0.133462, 0.000000, 3.077884
TGDFQLHTNVNNGTEFGGSIYQK, Yes, 0.09199, 0.888983, 0.024655, 0.101460,  3,   843.06646,  37, 20062834.000000, 6.000000, 0.681308, 0.026828, 0.023022, 0.160951
LTFDTTFSPNTGKK, Yes, 0.40445, 0.777138, 0.123051, 1.005487,  3,   519.60336,  14, 83824440.000000, 8.000000, 0.249773, 0.359966, 0.000000, 2.875642


MeanRateConst/CorrCutOff, 0.224974, 0.900000


MedianRateConst/RMSSCutOff, 0.205625, 0.050000
StandDev/NumberPeptides, 0.024577, 5
TotalIonCurrent, 1.04771e+11
