Peptides, PeptideUnique, RateConstants, Correlations, RootMeanRSS, AbsoluteIsotopeError, Charge, m/z(Sequence), NEH, Abundance, NDP, Rsquared,sigma,CI lower band, CI upper band
EITGIGPSTTTETETIAK, Yes, 0.36972, 0.914325, 0.089789, 0.112895,  2,   924.97548,  29, 129033648.000000, 8.000000, -1.409488, 0.228744, 0.000000, 3.272768
YEIMDGAPVKGESIPIR, Yes, 0.08624, 0.679169, 0.072121, 0.297583,  2,   937.98765,  34, 6372732.500000, 6.000000, 0.126198, 0.049888, 0.000000, 4.017300
YEIMDGAPVKGESIPIR, Yes, 1.32731, 0.744886, 0.057123, 0.314273,  3,   625.66086,  34, 145275456.000000, 8.000000, -0.254115, 1.519691, 0.000000, 3.495140
EYDLIVHQLATYPDVNNSIK, Yes, 0.02423, 0.218151, 0.053519, 0.239858,  2,  1166.59460,  33, 20802734.000000, 7.000000, -0.477576, 0.053681, 0.000000, 5.696486
HYLFYDGESVSGK, Yes, 0.16691, 0.719469, 0.084293, 0.045630,  2,   751.35153,  20, 70627712.000000, 8.000000, 0.375932, 0.082994, 0.000000, 3.184984
EYDLIVHQLATYPDVNNSIK, Yes, 0.44611, 0.737931, 0.059783, 0.455657,  3,   778.06549,  33, 56231988.000000, 7.000000, -0.411856, 0.410374, 0.000000, 3.520569


MeanRateConst/CorrCutOff, 0.403420, 0.900000


MedianRateConst/RMSSCutOff, 0.369720, 0.050000
StandDev/NumberPeptides, 0.103112, 0
TotalIonCurrent, 8.05387e+09
