Peptides, PeptideUnique, RateConstants, Correlations, RootMeanRSS, AbsoluteIsotopeError, Charge, m/z(Sequence), NEH, Abundance, NDP, Rsquared,sigma,CI lower band, CI upper band
VNNVDFTNIIR, Yes, 0.49396, 0.993154, 0.101195, 0.012207,  2,   652.85150,  14, 3758284800.000000, 6.000000, 0.355241, 0.533043, 0.000000, 2.849180
EAIQQQQNQLVWVSEGK, Yes, 0.54774, 0.461182, 0.181307, 0.191865,  2,   993.00797,  41, 5729400.500000, 7.000000, -0.956221, 0.524793, 0.000000, 3.725867
EAGFLRPVTIFGPIADVAR, Yes, 0.16880, 0.952144, 0.037716, 0.205838,  3,   677.04582,  38, 23523578.000000, 6.000000, 0.778085, 0.041014, 0.063372, 0.274233
LNYAQWYPIVVFLNPDSK, Yes, 1.00467, 0.955964, 0.038836, 0.108518,  2,  1084.06476,  26, 6444855.500000, 8.000000, 0.116583, 0.533361, 0.000000, 2.199838
LGSWLAIR, Yes, 0.32708, 0.884314, 0.086462, 0.327469,  2,   458.27416,  14, 7080793.500000, 5.000000, -0.022213, 0.215965, 0.000000, 3.002282


MeanRateConst/CorrCutOff, 0.586737, 0.900000


MedianRateConst/RMSSCutOff, 1.004671, 0.050000
StandDev/NumberPeptides, 0.076171, 2
TotalIonCurrent, 8.78512e+09
