Peptides, PeptideUnique, RateConstants, Correlations, RootMeanRSS, AbsoluteIsotopeError, Charge, m/z(Sequence), NEH, Abundance, NDP, Rsquared,sigma,CI lower band, CI upper band
IFNNGADLSGITEENAPLK, Yes, 0.13796, 0.972967, 0.019898, 0.230265,  2,  1002.00763,  37, 430423.093750, 6.000000, 0.903275, 0.020603, 0.084996, 0.190921
NHYQAEVFSVNFAESEEAKK, Yes, 0.28100, 0.963252, 0.035977, 0.069876,  3,   776.36946,  46, 913696.687500, 6.000000, 0.692067, 0.105680, 0.009345, 0.552662
LSISGDYNLK, Yes, 0.42661, 0.930351, 0.031286, 0.113138,  2,   555.29548,  14, 3211537.000000, 6.000000, 0.716448, 0.230183, 0.006101, 0.847120


MeanRateConst/CorrCutOff, 0.281858, 0.900000


MedianRateConst/RMSSCutOff, 0.281004, 0.050000
StandDev/NumberPeptides, 0.048121, 3
TotalIonCurrent, 1.11374e+08
