Peptides, PeptideUnique, RateConstants, Correlations, RootMeanRSS, AbsoluteIsotopeError, Charge, m/z(Sequence), NEH, Abundance, NDP, Rsquared,sigma,CI lower band, CI upper band
LAQIHFPR, No, 0.00000, -2.000000, 0.003638, 0.394266,  2,   491.28506,  18, 15021638.000000, 1.000000, 0.000000, inf, 0.000004, 0.000004
LSISGEYNLK, No, 0.00001, -2.000000, 0.003805, 0.334641,  2,   562.30330,  16, 58969920.000000, 1.000000, 0.000000, inf, 0.000006, 0.000006
mQHLEQTLSK, No, 0.00000, -2.000000, 0.002413, 0.444880,  3,   410.87641,  20, 11580187.000000, 1.000000, 0.000000, inf, 0.000002, 0.000002
mQHLEQTLSK, No, 0.00000, -2.000000, 0.002413, 0.448851,  2,   615.81098,  20, 11073105.000000, 1.000000, 0.000000, inf, 0.000002, 0.000002
KPFDPENTEEAEFHVDESTTVK, No, 0.00001, -2.000000, 0.003272, 0.629307,  3,   850.39412,  43, 1646824.125000, 1.000000, 0.000000, inf, 0.000006, 0.000006
KPFDPENTEEAEFHVDESTTVK, No, 0.00001, -2.000000, 0.003272, 0.616119,  4,   638.04741,  43, 2014198.500000, 1.000000, 0.000000, inf, 0.000006, 0.000006


MeanRateConst/CorrCutOff, -0.088432, 0.900000


MedianRateConst/RMSSCutOff, 0.000004, 0.050000
StandDev/NumberPeptides, 0.000000, 0
TotalIonCurrent, 3.51431e+08
