Peptides, PeptideUnique, RateConstants, Correlations, RootMeanRSS, AbsoluteIsotopeError, Charge, m/z(Sequence), NEH, Abundance, NDP, Rsquared,sigma,CI lower band, CI upper band
MGLLAVLR, Yes, 0.06874, 0.990546, 0.008529, 0.099596,  2,   436.77294,  12, 2012716.125000, 6.000000, 0.834468, 0.013148, 0.034944, 0.102540
QVLAAIVEK, Yes, 0.12446, 0.996241, 0.007261, 0.068635,  2,   485.80021,  19, 3767401.750000, 6.000000, 0.991264, 0.006125, 0.108716, 0.140208
VISTTDAER, Yes, 0.08050, 0.859641, 0.034191, 0.078685,  2,   496.25637,  17, 3686987.000000, 6.000000, 0.767998, 0.014413, 0.043450, 0.117549
IATLISSFLK, Yes, 0.09166, 0.989173, 0.008314, 0.077679,  2,   546.83679,  13, 1497750.500000, 6.000000, 0.962932, 0.007577, 0.072183, 0.111137
YGQATVEGYcQK, Yes, 0.17705, 0.990933, 0.014343, 0.047311,  2,   702.31663,  23, 2313486.250000, 6.000000, 0.976792, 0.018584, 0.129284, 0.224825
VYAEANSQESADR, Yes, 0.12061, 0.973296, 0.025673, 0.167009,  2,   720.32348,  37, 2721283.250000, 6.000000, 0.939824, 0.016880, 0.077216, 0.164001
TNAQHLDHIMFR, Yes, 0.11531, 0.962500, 0.019697, 0.171957,  3,   494.91386,  24, 938577.812500, 6.000000, 0.914600, 0.016710, 0.072358, 0.158269
AFVDLTNQVScSGDVK, Yes, 0.04856, 0.535658, 0.048704, 0.178068,  2,   870.41709,  25, 584152.187500, 6.000000, -0.011545, 0.019894, 0.000000, 0.768196
GLSVLLFNDGTQGR, Yes, 0.32805, 0.993777, 0.011906, 0.013920,  2,   738.89390,  22, 3706580.000000, 6.000000, 0.964463, 0.050205, 0.198989, 0.457103


MeanRateConst/CorrCutOff, 0.113011, 0.900000


MedianRateConst/RMSSCutOff, 0.115314, 0.050000
StandDev/NumberPeptides, 0.009654, 4
TotalIonCurrent, 6.39271e+08
