Peptides, PeptideUnique, RateConstants, Correlations, RootMeanRSS, AbsoluteIsotopeError, Charge, m/z(Sequence), NEH, Abundance, NDP, Rsquared,sigma,CI lower band, CI upper band
GAEADQIIEYLK, Yes, 0.20365, 0.999581, 0.003180, 0.065810,  2,   675.35098,  27, 11616453.000000, 6.000000, 0.998785, 0.004934, 0.190963, 0.216332
MVVLLcNLKPAK, Yes, 0.07296, 0.974155, 0.011489, 0.066799,  2,   693.40399,  15, 8550087.000000, 6.000000, 0.879435, 0.010123, 0.046943, 0.098986
mVVLLcNLKPAK, Yes, 0.06559, 0.981986, 0.009169, 0.111068,  2,   701.40145,  15, 5895878.000000, 6.000000, 0.959158, 0.005945, 0.050303, 0.080867
VEILAPPNGSVPGDR, Yes, 0.50958, 0.977551, 0.019323, 0.144350,  2,   760.90700,  32, 1970318.375000, 6.000000, 0.990213, 0.056200, 0.365112, 0.654044
TVVSGLVNHVPLEQMQNR, Yes, 0.23493, 0.994127, 0.008127, 0.042495,  3,   674.35808,  33, 5781512.500000, 6.000000, 0.986312, 0.019907, 0.183756, 0.286103
TVVSGLVNHVPLEQmQNR, Yes, 0.00000, -2.000000, 0.094039, 0.068396,  3,   679.68972,  33, 6566994.000000, 6.000000, -0.660137, 0.016405, 0.000000, 2.349137
KHPDADSLYVEEVDVGEAAPR, Yes, 0.18110, 0.998320, 0.004360, 0.057094,  3,   766.37299,  48, 4817445.000000, 6.000000, 0.997331, 0.006032, 0.165595, 0.196605
MVVLLcNLKPAK, Yes, 0.06090, 0.958842, 0.017276, 0.204544,  3,   462.60508,  15, 5641788.500000, 6.000000, 0.749168, 0.012650, 0.028383, 0.093420
TVVSGLVNHVPLEQMQNR, Yes, 0.08958, 0.973143, 0.014272, 0.294844,  2,  1011.03348,  33, 546452.437500, 6.000000, 0.938397, 0.010258, 0.063211, 0.115947


MeanRateConst/CorrCutOff, 0.129815, 0.900000


MedianRateConst/RMSSCutOff, 0.089579, 0.050000
StandDev/NumberPeptides, 0.008119, 7
TotalIonCurrent, 2.20409e+09
