Peptides, PeptideUnique, RateConstants, Correlations, RootMeanRSS, AbsoluteIsotopeError, Charge, m/z(Sequence), NEH, Abundance, NDP, Rsquared,sigma,CI lower band, CI upper band
LLNFPTIVER, Yes, 0.11496, 0.961559, 0.019351, 0.054557,  2,   601.35060,  15, 17217342.000000, 6.000000, 0.835825, 0.020013, 0.063519, 0.166408
TTcScSLAVQLSK, Yes, 0.13259, 0.958809, 0.022331, 0.124670,  2,   727.85253,  21, 14132426.000000, 6.000000, 0.881200, 0.024645, 0.069234, 0.195939
YLDQMEDLYEDFHIVK, Yes, 0.42738, 0.994167, 0.010988, 0.121017,  3,   686.65567,  25, 3303583.000000, 6.000000, 0.979063, 0.067298, 0.254384, 0.600372
GADKVNTFSALLLEPYKPPSTQ, Yes, 0.23323, 0.995110, 0.009334, 0.084025,  3,   792.75303,  39, 2442708.250000, 6.000000, 0.969317, 0.027650, 0.162149, 0.304302
IDTHNIIVNQLVFPDPEKPcK, Yes, 0.05875, 0.969474, 0.014252, 0.319540,  3,   826.43342,  34, 1487296.500000, 6.000000, 0.686904, 0.012712, 0.026073, 0.091430
WIFVGGK, Yes, 0.07941, 0.955912, 0.009878, 0.257077,  2,   403.73161,  6, 15483930.000000, 6.000000, 0.755590, 0.016624, 0.036678, 0.122144
LIQELAK, Yes, 0.14955, 0.983294, 0.017434, 0.187606,  2,   407.75526,  14, 33366586.000000, 6.000000, 0.922429, 0.021515, 0.094245, 0.204857
GMNFSVVVFDTAPTGHTLR, Yes, 0.07110, 0.749270, 0.046544, 0.410904,  3,   683.67894,  28, 6942614.000000, 6.000000, 0.261877, 0.032585, 0.000000, 0.988430
GmNFSVVVFDTAPTGHTLR, Yes, 0.10872, 0.950542, 0.018271, 0.422462,  3,   689.01058,  28, 1698978.125000, 6.000000, 0.808450, 0.021288, 0.054001, 0.163445
IDTHNIIVNQLVFPDPEKPcK, Yes, 0.18196, 0.986479, 0.010193, 0.311159,  4,   620.07688,  34, 1642880.500000, 6.000000, 0.956981, 0.022613, 0.123833, 0.240089


MeanRateConst/CorrCutOff, 0.117047, 0.900000


MedianRateConst/RMSSCutOff, 0.114963, 0.050000
StandDev/NumberPeptides, 0.020479, 5
TotalIonCurrent, 3.4303e+09
