Peptides, PeptideUnique, RateConstants, Correlations, RootMeanRSS, AbsoluteIsotopeError, Charge, m/z(Sequence), NEH, Abundance, NDP, Rsquared,sigma,CI lower band, CI upper band
HHYESLQTAK, Yes, 0.15019, 0.996885, 0.008121, 0.055367,  3,   405.20351,  22, 860645.000000, 6.000000, 0.991925, 0.007646, 0.130536, 0.169844
LNQNLNDVLVSLEK, Yes, 0.10301, 0.966921, 0.016882, 0.125756,  2,   799.94103,  22, 805870.687500, 6.000000, 0.913360, 0.012784, 0.070143, 0.135867
VNHEPEPASGASPGATIPK, Yes, 0.03601, 0.977652, 0.013802, 0.163892,  3,   620.31463,  46, 3157791.250000, 6.000000, 0.762063, 0.005408, 0.022103, 0.049907
VQAQHDYTATDTDELQLK, Yes, 0.26159, 0.983751, 0.014214, 0.069968,  3,   692.66752,  35, 977521.937500, 6.000000, 0.960774, 0.038682, 0.162151, 0.361021
VGFYVNTFQSIAGLEENFHK, Yes, 0.00000, -2.000000, 0.099735, 0.091744,  3,   767.38305,  34, 2274499.500000, 6.000000, -1.648480, 0.021585, 0.000000, 2.548179


MeanRateConst/CorrCutOff, 0.137697, 0.900000


MedianRateConst/RMSSCutOff, 0.150190, 0.050000
StandDev/NumberPeptides, 0.009529, 4
TotalIonCurrent, 3.05768e+08
