Peptides, PeptideUnique, RateConstants, Correlations, RootMeanRSS, AbsoluteIsotopeError, Charge, m/z(Sequence), NEH, Abundance, NDP, Rsquared,sigma,CI lower band, CI upper band
VSSLPTVYLK, Yes, 0.83404, 0.559486, 0.156168, 0.064982,  2,   553.82643,  11, 63365388.000000, 6.000000, 0.251525, 3.112615, 0.000000, 60.422771
TTEPVSELLK, Yes, 0.64398, 0.998894, 0.006263, 0.036612,  2,   558.81097,  15, 33990812.000000, 6.000000, 0.981128, 0.117682, 0.341464, 0.946488
NIFSFYLNR, Yes, 0.10167, 0.931695, 0.026400, 0.017030,  2,   587.30619,  12, 18405904.000000, 6.000000, 0.326032, 0.032638, 0.017776, 0.185573
ILDIAcWVHHK, Yes, 0.03122, 0.579922, 0.031434, 0.364383,  2,   696.36626,  17, 4341665.000000, 6.000000, -0.131409, 0.012747, 0.000000, 0.933802
ILDIAcWVHHK, Yes, 0.34703, 0.956198, 0.026828, 0.050905,  3,   464.57993,  17, 36423552.000000, 6.000000, 0.804772, 0.118116, 0.043402, 0.650655
NYELHPDKYILK, Yes, 0.42097, 0.964496, 0.022922, 0.104095,  2,   766.90899,  17, 7081026.000000, 6.000000, 0.755122, 0.176503, 0.061598, 0.780350
DPEGQPGGELMLGGTDSK, Yes, 0.56244, 0.996458, 0.010644, 0.078203,  2,   894.40945,  36, 8809082.000000, 6.000000, 0.981467, 0.089707, 0.331844, 0.793043
AIGAVPLIQGEYMIPcEK, No, 0.40683, 0.983957, 0.016428, 0.041882,  2,   995.01282,  37, 3670709.750000, 6.000000, 0.949280, 0.083631, 0.191853, 0.621814
GGcEAIVDTGTSLLVGPVEEVK, Yes, 0.74741, 0.999079, 0.004247, 0.074514,  2,  1115.56722,  38, 1214686.875000, 6.000000, 0.997312, 0.064036, 0.582799, 0.912019
GGcEAIVDTGTSLLVGPVEEVK, Yes, 0.60293, 0.996571, 0.010306, 0.034411,  3,   744.04724,  38, 2609854.000000, 6.000000, 0.979169, 0.108581, 0.323810, 0.882043


MeanRateConst/CorrCutOff, 0.497364, 0.900000


MedianRateConst/RMSSCutOff, 0.562444, 0.050000
StandDev/NumberPeptides, 0.109203, 6
TotalIonCurrent, 5.73255e+09
