Peptides, PeptideUnique, RateConstants, Correlations, RootMeanRSS, AbsoluteIsotopeError, Charge, m/z(Sequence), NEH, Abundance, NDP, Rsquared,sigma,CI lower band, CI upper band
SSNTYTLTDVR, Yes, 0.19345, 0.993672, 0.008576, 0.165627,  2,   628.80950,  14, 8897130.000000, 6.000000, 0.970784, 0.020422, 0.140959, 0.245950
LDVPQNLMFGK, Yes, 0.31662, 0.992195, 0.010183, 0.426419,  2,   631.33410,  16, 2913922.500000, 6.000000, 0.983499, 0.036508, 0.222774, 0.410469
ESLTLIVEGKPQIK, Yes, 0.16627, 0.988017, 0.011572, 0.120004,  2,   777.95869,  24, 1300227.500000, 6.000000, 0.985762, 0.012118, 0.135123, 0.197422
QIGDTLPVScTISASR, Yes, 0.46334, 0.972336, 0.024322, 0.113246,  2,   852.93290,  30, 22155912.000000, 6.000000, 0.787737, 0.225616, 0.071550, 0.855123
EIDPGTQLYTVTSSLEYK, Yes, 0.29851, 0.998418, 0.005513, 0.066808,  2,  1022.50968,  28, 1611571.250000, 6.000000, 0.987413, 0.026608, 0.230113, 0.366910
SSNTYTLTDVRR, Yes, 0.09157, 0.959232, 0.021365, 0.098919,  3,   471.57579,  18, 5574491.500000, 6.000000, 0.789041, 0.016633, 0.048815, 0.134329
SVQYDDVPEYKDR, Yes, 0.24803, 0.977460, 0.018965, 0.159318,  2,   807.37573,  24, 1086974.375000, 6.000000, 0.916730, 0.049041, 0.121964, 0.374091


MeanRateConst/CorrCutOff, 0.244578, 0.900000


MedianRateConst/RMSSCutOff, 0.248028, 0.050000
StandDev/NumberPeptides, 0.023057, 5
TotalIonCurrent, 2.45278e+09
