Peptides, PeptideUnique, RateConstants, Correlations, RootMeanRSS, AbsoluteIsotopeError, Charge, m/z(Sequence), NEH, Abundance, NDP, Rsquared,sigma,CI lower band, CI upper band
MFNYAGWK, Yes, 0.06998, 0.962323, 0.013112, 0.072125,  2,   508.73655,  10, 10512628.000000, 6.000000, 0.712932, 0.012875, 0.036880, 0.103071
QVEVDLLSR, Yes, 0.25296, 0.625869, 0.076557, 0.947954,  2,   529.79566,  18, 12593178.000000, 6.000000, -0.379367, 0.232242, 0.000000, 1.065365
APPNATLEHFYQTSGK, Yes, 0.28496, 0.985428, 0.019350, 0.069026,  2,   880.93374,  32, 1690662.750000, 6.000000, 0.923837, 0.057509, 0.137132, 0.432796
APPNATLEHFYQTSGK, Yes, 0.31516, 0.994682, 0.013125, 0.013556,  3,   587.62492,  32, 13002692.000000, 6.000000, 0.964559, 0.047002, 0.194334, 0.435980
mLQTLYDYFWWER, Yes, 0.48622, 0.978510, 0.012311, 0.040310,  2,   933.92962,  17, 600678.187500, 6.000000, 0.942792, 0.143192, 0.118135, 0.854307
LRAPPNATLEHFYQTSGK, Yes, 0.07316, 0.815724, 0.040501, 0.115952,  4,   508.26680,  36, 5077864.500000, 6.000000, 0.300199, 0.024785, 0.009445, 0.136870
LRAPPNATLEHFYQTSGK, Yes, 0.39645, 0.995602, 0.009351, 0.021579,  3,   677.35331,  36, 7376504.500000, 6.000000, 0.979150, 0.053064, 0.260045, 0.532855


MeanRateConst/CorrCutOff, 0.370698, 0.900000


MedianRateConst/RMSSCutOff, 0.315157, 0.050000
StandDev/NumberPeptides, 0.062022, 4
TotalIonCurrent, 2.34542e+09
