Peptides, PeptideUnique, RateConstants, Correlations, RootMeanRSS, AbsoluteIsotopeError, Charge, m/z(Sequence), NEH, Abundance, NDP, Rsquared,sigma,CI lower band, CI upper band
LWGVIDVK, Yes, 0.17141, 0.976831, 0.008656, 0.056016,  2,   465.27638,  7, 9958597.000000, 6.000000, 0.924600, 0.028835, 0.097286, 0.245530
RPSPDEPmTNLELK, Yes, 0.08009, 0.920496, 0.027645, 0.062941,  3,   548.27501,  28, 2514503.000000, 6.000000, 0.665353, 0.020282, 0.027956, 0.132229
TTDFSDFLSIVGcTK, Yes, 0.39418, 0.992967, 0.011475, 0.053924,  2,   845.90329,  16, 1943272.500000, 6.000000, 0.961400, 0.082304, 0.182613, 0.605751
TSDFNTFLAQEGcTR, Yes, 0.20524, 0.991171, 0.011534, 0.063005,  2,   873.89123,  27, 1959244.875000, 6.000000, 0.975401, 0.020915, 0.151472, 0.258998
KAEPMQWASLELPTTK, Yes, 0.21220, 0.988058, 0.015263, 0.065998,  3,   610.65370,  31, 1570990.000000, 6.000000, 0.938795, 0.032862, 0.127723, 0.296669
HNSEKPPEPVKPEVK, Yes, 0.09884, 0.959700, 0.038485, 0.246961,  3,   572.30893,  32, 6191102.000000, 5.000000, 0.710474, 0.027660, 0.022043, 0.175637


MeanRateConst/CorrCutOff, 0.153554, 0.900000


MedianRateConst/RMSSCutOff, 0.171408, 0.050000
StandDev/NumberPeptides, 0.025204, 5
TotalIonCurrent, 9.75828e+08
