Peptides, PeptideUnique, RateConstants, Correlations, RootMeanRSS, AbsoluteIsotopeError, Charge, m/z(Sequence), NEH, Abundance, NDP, Rsquared,sigma,CI lower band, CI upper band
IWGTEGDSWIcK, Yes, 0.40444, 0.959009, 0.021155, 0.089389,  2,   726.33483,  17, 4695502.000000, 6.000000, 0.904808, 0.113054, 0.113823, 0.695051
SVAWAPSGNLLATcSR, Yes, 0.47532, 0.990753, 0.019116, 0.043563,  2,   845.42249,  33, 4167883.250000, 6.000000, 0.953451, 0.102958, 0.210662, 0.739986
HVVWHPSQELLASASYDDTVK, Yes, 0.28774, 0.967910, 0.016145, 0.079146,  4,   596.29857,  39, 640438.062500, 6.000000, 0.924806, 0.060686, 0.131745, 0.443743
KNQDDFEcVTTLEGHENEVK, Yes, 0.65218, 0.982790, 0.011150, 0.093169,  3,   798.02890,  37, 438146.218750, 6.000000, 0.939059, 0.219211, 0.088680, 1.215680
VFEEDPGSDPQQPTFSLTAHLR, Yes, 0.01894, 0.034929, 0.062395, 0.097079,  3,   824.39944,  47, 4096805.500000, 6.000000, -0.511392, 0.020210, 0.000000, 1.202301
HVVWHPSQELLASASYDDTVK, Yes, 0.61831, 0.992884, 0.010982, 0.073986,  3,   794.72900,  39, 2135917.250000, 6.000000, 0.970156, 0.135240, 0.270661, 0.965954


MeanRateConst/CorrCutOff, 0.537562, 0.900000


MedianRateConst/RMSSCutOff, 0.475324, 0.050000
StandDev/NumberPeptides, 0.131087, 4
TotalIonCurrent, 1.07077e+09
