Peptides, PeptideUnique, RateConstants, Correlations, RootMeanRSS, AbsoluteIsotopeError, Charge, m/z(Sequence), NEH, Abundance, NDP, Rsquared,sigma,CI lower band, CI upper band
DLSDVSALK, Yes, 0.10120, 0.994302, 0.045706, 0.080046,  2,   474.25583,  15, 4556786.000000, 5.000000, 0.514142, 0.038612, 0.000000, 0.546581
LGALQEAVAAQK, Yes, 0.54246, 0.992465, 0.026480, 0.045405,  2,   599.84313,  32, 11708012.000000, 6.000000, 0.932900, 0.152495, 0.150459, 0.934458
ETEMQVAIQR, Yes, 1.26813, 0.993335, 0.017438, 0.037123,  2,   602.80315,  26, 2231347.500000, 6.000000, 0.963569, 1.098911, 0.887978, 1.648278
ELETLTAQTQK, Yes, 0.76343, 0.997116, 0.013943, 0.066278,  2,   631.33534,  22, 6669455.500000, 6.000000, 0.963740, 0.232909, 0.164723, 1.362144
ESGALALETQALR, Yes, 0.52932, 0.990286, 0.028541, 0.053323,  2,   679.86733,  33, 4951473.500000, 6.000000, 0.910778, 0.165793, 0.103134, 0.955501
SNVQMLQSNLQR, Yes, 0.41052, 0.971762, 0.033477, 0.079114,  2,   709.36444,  27, 3232989.750000, 6.000000, 0.806918, 0.151851, 0.020171, 0.800864
SNVQmLQSNLQR, Yes, 0.11389, 0.934367, 0.032143, 0.138039,  2,   717.36190,  27, 2331192.000000, 6.000000, 0.362677, 0.034031, 0.026411, 0.201370
WVDGTPFNNAQSK, Yes, 0.55920, 0.984706, 0.019681, 0.060009,  2,   732.34932,  22, 4640730.000000, 6.000000, 0.911122, 0.185982, 0.081115, 1.037279
YFNGNFYYFSR, Yes, 5.35211, 0.950475, 0.109047, 0.522310,  2,   739.33040,  14, 19077.222656, 3.000000, 0.372532, 2705013.250000, 1.912891, 8.791331
YcTDNQcVSLQPQGLGPK, Yes, 0.47131, 0.987343, 0.015804, 0.096760,  2,  1032.97751,  33, 741821.812500, 6.000000, 0.983970, 0.062459, 0.310750, 0.631860


MeanRateConst/CorrCutOff, 0.502559, 0.900000


MedianRateConst/RMSSCutOff, 0.529317, 0.050000
StandDev/NumberPeptides, 0.123268, 5
TotalIonCurrent, 1.66714e+09
