Peptides, PeptideUnique, RateConstants, Correlations, RootMeanRSS, AbsoluteIsotopeError, Charge, m/z(Sequence), NEH, Abundance, NDP, Rsquared,sigma,CI lower band, CI upper band
VLELIQSSGR, Yes, 0.02791, 0.924829, 0.024738, 0.100667,  2,   551.31675,  21, 6408665.000000, 6.000000, 0.719617, 0.006894, 0.010186, 0.045631
ESTNFPVIVDR, Yes, 0.10729, 0.961613, 0.058880, 0.071692,  2,   638.83024,  19, 3667299.750000, 6.000000, 0.169242, 0.041486, 0.000644, 0.213928
TTLTQSVSESLK, Yes, 0.03362, 0.911961, 0.021554, 0.227636,  2,   647.34845,  18, 4431531.500000, 6.000000, 0.782892, 0.006449, 0.017039, 0.050193
AVLEEcTSFIPEAR, Yes, 0.04523, 0.990467, 0.016817, 0.101399,  2,   811.39814,  32, 1226850.000000, 6.000000, 0.794228, 0.009105, 0.021822, 0.068631
SYALcVPLAPGEGcGPR, Yes, 0.05008, 0.959131, 0.015531, 0.056958,  2,   902.42946,  37, 1007653.625000, 6.000000, 0.865776, 0.006452, 0.033490, 0.066661


MeanRateConst/CorrCutOff, 0.039207, 0.900000


MedianRateConst/RMSSCutOff, 0.045226, 0.050000
StandDev/NumberPeptides, 0.007080, 4
TotalIonCurrent, 2.68815e+08
