Peptides, PeptideUnique, RateConstants, Correlations, RootMeanRSS, AbsoluteIsotopeError, Charge, m/z(Sequence), NEH, Abundance, NDP, Rsquared,sigma,CI lower band, CI upper band
FLFQVSR, Yes, 0.72733, 0.988199, 0.016408, 0.044484,  2,   448.75307,  11, 5079528.000000, 6.000000, 0.880652, 0.360635, 0.000000, 11.122499
QLFENTGVPGR, Yes, 0.57683, 0.992095, 0.017536, 0.035852,  2,   609.31730,  21, 1705906.500000, 6.000000, 0.943346, 0.159428, 0.167003, 0.986649
SLPVNDSVLDVFER, Yes, 1.59463, 0.996779, 0.007098, 0.038711,  2,   795.41212,  24, 3005417.000000, 6.000000, 0.991474, 1.461517, 1.224799, 1.964463
EANLTEDQILFFPK, Yes, 0.64041, 0.978114, 0.025566, 0.020178,  2,   832.93013,  25, 363821.875000, 6.000000, 0.875307, 0.280438, 0.294502, 0.986312


MeanRateConst/CorrCutOff, 0.884800, 0.900000


MedianRateConst/RMSSCutOff, 0.727335, 0.050000
StandDev/NumberPeptides, 0.300856, 4
TotalIonCurrent, 3.26351e+08
