Peptides, PeptideUnique, RateConstants, Correlations, RootMeanRSS, AbsoluteIsotopeError, Charge, m/z(Sequence), NEH, Abundance, NDP, Rsquared,sigma,CI lower band, CI upper band
FSVSTLR, No, 0.08805, 0.957196, 0.024002, 0.055109,  2,   405.22943,  10, 193208496.000000, 6.000000, 0.637446, 0.018382, 0.040794, 0.135301
SLEDWVTK, No, 0.04412, 0.967444, 0.010839, 0.190603,  2,   489.25055,  10, 106232120.000000, 6.000000, 0.869241, 0.006119, 0.028389, 0.059848
KSLEDWVTK, No, 0.29569, 0.989916, 0.007517, 0.084484,  2,   553.29803,  10, 7056442.000000, 6.000000, 0.952779, 0.049176, 0.169285, 0.422104
FGDIVPVNLPR, Yes, 0.65180, 0.952745, 0.034794, 0.504255,  2,   613.84823,  17, 64912028.000000, 6.000000, 0.668065, 0.452904, 0.221171, 1.082426
NLTDAFLAEIEK, No, 0.71633, 0.999175, 0.007136, 0.038067,  2,   682.35881,  22, 25804262.000000, 6.000000, 0.997516, 0.057537, 0.568426, 0.864234
STcNVIASLIFAR, Yes, 0.49530, 0.994574, 0.014948, 0.017991,  2,   726.38739,  23, 2783646.000000, 6.000000, 0.971346, 0.087931, 0.269267, 0.721334
RFEYEDPFLIR, Yes, 0.53027, 0.993439, 0.014700, 0.071921,  3,   495.58926,  21, 11735466.000000, 6.000000, 0.933717, 0.145494, 0.156271, 0.904279
VQQEIDEVIGQVR, Yes, 0.59450, 0.999001, 0.007084, 0.067248,  2,   756.90446,  30, 6968938.000000, 6.000000, 0.991072, 0.070359, 0.413640, 0.775364
RVQQEIDEVIGQVR, Yes, 0.41700, 0.975261, 0.033153, 0.122369,  3,   556.97244,  34, 2227497.750000, 6.000000, 0.819280, 0.150860, 0.029206, 0.804803
ITSHDIEVQDFLIPK, Yes, 3.52664, 0.995057, 0.017136, 0.063120,  3,   585.64896,  24, 15420807.000000, 6.000000, 0.970870, 973.979614, 3.130687, 3.922598
GNPESSFNDENLLMVVR, Yes, 0.60414, 0.998525, 0.006148, 0.137726,  2,   960.95963,  32, 3555587.000000, 6.000000, 0.989568, 0.078454, 0.402473, 0.805817
GNPESSFNDENLLmVVR, Yes, 0.21387, 0.978082, 0.019712, 0.125718,  2,   968.95709,  32, 1599782.375000, 6.000000, 0.898658, 0.041207, 0.107943, 0.319794
AKGNPESSFNDENLLMVVR, Yes, 0.11653, 0.962093, 0.029264, 0.150684,  3,   707.35287,  37, 1459405.500000, 6.000000, 0.560993, 0.033474, 0.030483, 0.202580
STcNVIASLIFAR, Yes, 0.18014, 0.955678, 0.035136, 0.286367,  3,   484.59402,  23, 466082.406250, 6.000000, 0.623230, 0.065318, 0.012230, 0.348041


MeanRateConst/CorrCutOff, 0.380596, 0.900000


MedianRateConst/RMSSCutOff, 0.417005, 0.050000
StandDev/NumberPeptides, 0.034298, 13
TotalIonCurrent, 1.14698e+10
