Peptides, PeptideUnique, RateConstants, Correlations, RootMeanRSS, AbsoluteIsotopeError, Charge, m/z(Sequence), NEH, Abundance, NDP, Rsquared,sigma,CI lower band, CI upper band
LYPIANR, Yes, 4.85968, 0.952009, 0.033184, 0.386562,  2,   423.74523,  13, 39874880.000000, 6.000000, 0.855207, 123306.390625, 4.233529, 5.485836
FALMNMK, Yes, 0.05792, 0.891923, 0.015930, 0.151223,  2,   427.71677,  9, 18022184.000000, 6.000000, 0.223190, 0.013956, 0.022041, 0.093792
ALLSPTFTSGK, Yes, 2.02410, 0.997800, 0.009720, 0.126087,  2,   561.31369,  16, 45789308.000000, 6.000000, 0.968646, 9.808277, 1.641357, 2.406842
DVELNGVYIPK, Yes, 4.85251, 0.989303, 0.026928, 0.075635,  2,   623.83752,  16, 7066675.000000, 6.000000, 0.923826, 88265.242188, 4.297169, 5.407846
QGLLQPEKPIVLK, Yes, 0.35155, 0.982980, 0.020837, 0.087193,  3,   488.30457,  23, 25502238.000000, 6.000000, 0.890898, 0.092834, 0.112918, 0.590191
LKEMFPVIEQYGDILVK, Yes, 0.91701, 0.997630, 0.004637, 0.083360,  3,   674.70418,  25, 3006073.000000, 6.000000, 0.994716, 0.151925, 0.526480, 1.307549
LKEmFPVIEQYGDILVK, Yes, 0.38662, 0.997233, 0.005866, 0.097021,  3,   680.03582,  25, 10881873.000000, 6.000000, 0.979912, 0.049803, 0.258599, 0.514644
QGIPGPKPLPFLGTVLNYYK, Yes, 0.46119, 0.980081, 0.014842, 0.070044,  3,   734.74889,  28, 3858279.000000, 6.000000, 0.891934, 0.145358, 0.087536, 0.834844
TWGLFDGQTPLLAVTDPETIK, Yes, 0.21062, 0.960644, 0.032224, 0.115657,  2,  1151.60192,  30, 213830.734375, 6.000000, 0.535235, 0.088795, 0.000000, 0.645511
DFGPVGIMSK, Yes, 0.05295, 0.871066, 0.026942, 0.204352,  2,   525.76806,  14, 16378641.000000, 6.000000, 0.560607, 0.012304, 0.021319, 0.084578
VDFLQLMMNSHNNSK, Yes, 0.10208, 0.739629, 0.042237, 0.066687,  3,   593.28351,  24, 4490580.500000, 6.000000, 0.053599, 0.038266, 0.003717, 0.200449
IMQNFSFQPcK, Yes, 1.97329, 0.973412, 0.020204, 0.416899,  2,   700.32849,  19, 8727340.000000, 6.000000, 0.684763, 36.764187, 1.095950, 2.850628


MeanRateConst/CorrCutOff, 0.716715, 0.900000


MedianRateConst/RMSSCutOff, 0.461190, 0.050000
StandDev/NumberPeptides, 0.107910, 6
TotalIonCurrent, 6.51184e+09
