Peptides, PeptideUnique, RateConstants, Correlations, RootMeanRSS, AbsoluteIsotopeError, Charge, m/z(Sequence), NEH, Abundance, NDP, Rsquared,sigma,CI lower band, CI upper band
FLAPWIGR, No, 0.09455, 0.961953, 0.019965, 0.065260,  2,   480.27671,  14, 6541647.500000, 6.000000, 0.793138, 0.016414, 0.052355, 0.136741
DQDLQDILTR, No, 5.33911, 0.937182, 0.119793, 0.198200,  2,   608.81204,  19, 975554.062500, 6.000000, 0.528465, 1177541.000000, 4.450656, 6.227554
VMLDKWEQIVGQDSTLEIFR, Yes, 0.07750, 0.358032, 0.059939, 0.216729,  3,   803.08239,  34, 262194.718750, 6.000000, -0.101957, 0.049397, 0.000000, 1.037212
MLTPAFHYDILKPYTEIMADSVR, Yes, 0.12151, 0.913504, 0.021085, 0.077240,  4,   678.59474,  37, 240731.343750, 6.000000, 0.412971, 0.043462, 0.009791, 0.233238


MeanRateConst/CorrCutOff, 0.108031, 0.900000


MedianRateConst/RMSSCutOff, 0.121514, 0.050000
StandDev/NumberPeptides, 0.023828, 2
TotalIonCurrent, 1.93664e+08
