Peptides, PeptideUnique, RateConstants, Correlations, RootMeanRSS, AbsoluteIsotopeError, Charge, m/z(Sequence), NEH, Abundance, NDP, Rsquared,sigma,CI lower band, CI upper band
TALALEVGDIVK, Yes, 0.27739, 0.999099, 0.005902, 0.071045,  2,   614.86100,  19, 4671396.500000, 6.000000, 0.987947, 0.023267, 0.217579, 0.337198
VGMIPVPYVEK, Yes, 0.62582, 0.975604, 0.014645, 0.278444,  2,   616.34139,  15, 6220804.500000, 6.000000, 0.948608, 0.194511, 0.125817, 1.125831
IHYLDTTTLIEPAPR, Yes, 0.06635, 0.537987, 0.054581, 0.120602,  2,   870.46996,  25, 422935.875000, 6.000000, -0.570521, 0.030165, 0.000000, 1.005398
TLYDFPGNDAEDLPFK, Yes, 0.16265, 0.979880, 0.015849, 0.070332,  2,   921.43325,  25, 3424668.000000, 6.000000, 0.910022, 0.025989, 0.095847, 0.229459
TLYDFPGNDAEDLPFKK, Yes, 0.17835, 0.964513, 0.019059, 0.110319,  3,   657.32291,  26, 1775122.375000, 6.000000, 0.856109, 0.037425, 0.082142, 0.274550
DSSTcPGDYVLSVSENSR, Yes, 0.27883, 0.992171, 0.013071, 0.056105,  2,   986.93128,  34, 2009142.500000, 6.000000, 0.973088, 0.034629, 0.189812, 0.367846
IGDQEFDHLPALLEFYK, Yes, 0.39519, 0.998000, 0.005071, 0.066784,  3,   679.01055,  31, 3110997.750000, 6.000000, 0.995976, 0.024481, 0.332260, 0.458119
KGLFPFTHVK, Yes, 0.07284, 0.964102, 0.011900, 0.117200,  3,   391.89748,  10, 6904471.500000, 6.000000, 0.179943, 0.020609, 0.019859, 0.125816


MeanRateConst/CorrCutOff, 0.224304, 0.900000


MedianRateConst/RMSSCutOff, 0.178346, 0.050000
StandDev/NumberPeptides, 0.029185, 4
TotalIonCurrent, 1.26532e+09
