Peptides, PeptideUnique, RateConstants, Correlations, RootMeanRSS, AbsoluteIsotopeError, Charge, m/z(Sequence), NEH, Abundance, NDP, Rsquared,sigma,CI lower band, CI upper band
FNDILGR, Yes, 0.01746, 0.782757, 0.022796, 0.231323,  2,   417.72705,  11, 4714782.000000, 6.000000, 0.106135, 0.010837, 0.000000, 1.208304
FYMYEILK, Yes, 0.26223, 0.992090, 0.007141, 0.091092,  2,   553.78316,  8, 5769383.000000, 6.000000, 0.908096, 0.053838, 0.123834, 0.400626
GGPNIITLADIVK, Yes, 0.23123, 0.963464, 0.024146, 0.041821,  2,   655.88755,  19, 1144607.125000, 6.000000, 0.842230, 0.057092, 0.084468, 0.377988
EAMEHPYFYTVVK, Yes, 0.54590, 0.978555, 0.017793, 0.073147,  3,   538.59379,  21, 4581219.500000, 6.000000, 0.887868, 0.197798, 0.037440, 1.054353
TPALVFEHVNNTDFK, Yes, 0.08872, 0.929162, 0.024842, 0.096594,  2,   866.43867,  22, 3513581.500000, 6.000000, 0.506568, 0.027385, 0.018320, 0.159111
GGPNIITLADIVKDPVSR, Yes, 0.02345, 0.284790, 0.051772, 0.105361,  2,   933.02818,  30, 694829.062500, 6.000000, -0.608072, 0.012064, 0.000000, 1.161878
GGPNIITLADIVKDPVSR, Yes, 0.45957, 0.991472, 0.013980, 0.031121,  3,   622.35455,  30, 5861204.500000, 6.000000, 0.945917, 0.103839, 0.192642, 0.726493
VLGTEDLYDYIDKYNIELDPR, Yes, 0.67384, 0.989331, 0.010167, 0.043111,  3,   848.75498,  31, 2578104.250000, 6.000000, 0.944662, 0.217906, 0.113698, 1.233991
EYWDYESHVVEWGNQDDYQLVR, Yes, 0.65058, 0.995971, 0.005664, 0.036400,  3,   944.08417,  41, 646772.937500, 6.000000, 0.978550, 0.128543, 0.320154, 0.981015


MeanRateConst/CorrCutOff, 0.470558, 0.900000


MedianRateConst/RMSSCutOff, 0.545897, 0.050000
StandDev/NumberPeptides, 0.095021, 6
TotalIonCurrent, 1.23735e+09
