Peptides, PeptideUnique, RateConstants, Correlations, RootMeanRSS, AbsoluteIsotopeError, Charge, m/z(Sequence), NEH, Abundance, NDP, Rsquared,sigma,CI lower band, CI upper band
YQQGDFGYcPR, Yes, 0.36805, 0.991845, 0.011496, 0.048865,  2,   695.79587,  22, 18793190.000000, 6.000000, 0.983325, 0.043852, 0.255329, 0.480778
FNLTGLNEQVPHYR, Yes, 0.11339, 0.952560, 0.028857, 0.088511,  3,   563.28987,  25, 8386807.500000, 6.000000, 0.610476, 0.029588, 0.037332, 0.189448
IHPMAYQLQLQAASNFK, Yes, 0.35532, 0.991580, 0.014786, 0.075296,  3,   654.00848,  38, 3480005.000000, 6.000000, 0.949446, 0.066575, 0.184182, 0.526454
IHPmAYQLQLQAASNFK, Yes, 0.10793, 0.808086, 0.040982, 0.210598,  2,   988.50654,  38, 253177.109375, 6.000000, 0.668452, 0.026591, 0.039575, 0.176286
IHPmAYQLQLQAASNFK, Yes, 0.03381, 0.954970, 0.017948, 0.158038,  3,   659.34012,  38, 7713892.500000, 6.000000, 0.303079, 0.011083, 0.005316, 0.062298
GNEFFcEVDEDYIQDK, Yes, 0.62481, 0.997596, 0.005204, 0.101511,  2,  1004.41747,  30, 1375533.375000, 6.000000, 0.995628, 0.056966, 0.478371, 0.771244


MeanRateConst/CorrCutOff, 0.217642, 0.900000


MedianRateConst/RMSSCutOff, 0.355318, 0.050000
StandDev/NumberPeptides, 0.024715, 4
TotalIonCurrent, 1.78804e+09
