Peptides, PeptideUnique, RateConstants, Correlations, RootMeanRSS, AbsoluteIsotopeError, Charge, m/z(Sequence), NEH, Abundance, NDP, Rsquared,sigma,CI lower band, CI upper band
LYNFQPFLTR, Yes, 0.08514, 0.859814, 0.033997, 0.052401,  2,   649.84823,  14, 2899687.250000, 6.000000, 0.407535, 0.026665, 0.016595, 0.153686
VAcVFHVASYGMSGR, Yes, 0.21100, 0.961292, 0.037115, 0.114393,  3,   547.59392,  28, 682602.062500, 6.000000, 0.616762, 0.083105, 0.000000, 0.600508
TQIEEVNVGGTENILR, Yes, 0.52240, 0.991908, 0.019107, 0.038362,  2,   886.46287,  31, 1812577.875000, 6.000000, 0.928285, 0.146851, 0.144907, 0.899894
FVYGDPQSLVEFVHVDNLAK, Yes, 0.46286, 0.962322, 0.025146, 0.041523,  3,   759.72319,  32, 1479399.750000, 6.000000, 0.719168, 0.218137, 0.074731, 0.850990
AHILASEALK, Yes, 0.67219, 0.997363, 0.013304, 0.072459,  2,   526.80855,  24, 4170864.250000, 6.000000, 0.977190, 0.141228, 0.309153, 1.035227


MeanRateConst/CorrCutOff, 0.467112, 0.900000


MedianRateConst/RMSSCutOff, 0.522401, 0.050000
StandDev/NumberPeptides, 0.131115, 4
TotalIonCurrent, 5.29391e+08
