Peptides, PeptideUnique, RateConstants, Correlations, RootMeanRSS, AbsoluteIsotopeError, Charge, m/z(Sequence), NEH, Abundance, NDP, Rsquared,sigma,CI lower band, CI upper band
LQSLLAK, Yes, 0.14101, 0.979429, 0.016180, 0.121134,  2,   386.74998,  12, 2883179.250000, 6.000000, 0.942676, 0.017082, 0.097098, 0.184920
FSLDALSLR, Yes, 0.21388, 0.994090, 0.010762, 0.055335,  2,   511.28747,  16, 2801778.750000, 6.000000, 0.971074, 0.023674, 0.153021, 0.274734
IQGIEEYKK, Yes, 0.20637, 0.986692, 0.016080, 0.071167,  2,   554.30584,  17, 1281404.500000, 6.000000, 0.935332, 0.032384, 0.123126, 0.289616
RIQGIEEYKK, Yes, 0.22452, 0.987950, 0.016300, 0.044890,  3,   421.90669,  20, 2066304.000000, 6.000000, 0.939577, 0.035449, 0.133392, 0.315642
SVSSNVASVSPIPAGSK, Yes, 0.09524, 0.975507, 0.019645, 0.173588,  2,   793.92285,  36, 1337227.125000, 6.000000, 0.939191, 0.010250, 0.068892, 0.121591
VEDNFEDIITKPPVR, Yes, 0.27261, 0.995645, 0.009887, 0.043912,  3,   591.31235,  26, 2079377.000000, 6.000000, 0.971016, 0.034120, 0.184896, 0.360314
DFQEYVEPGEDFPASPQR, Yes, 0.22938, 0.987345, 0.016301, 0.091303,  2,  1055.97126,  45, 607643.312500, 6.000000, 0.946937, 0.035097, 0.139157, 0.319599


MeanRateConst/CorrCutOff, 0.214626, 0.900000


MedianRateConst/RMSSCutOff, 0.213877, 0.050000
StandDev/NumberPeptides, 0.027565, 6
TotalIonCurrent, 4.77513e+08
