Peptides, PeptideUnique, RateConstants, Correlations, RootMeanRSS, AbsoluteIsotopeError, Charge, m/z(Sequence), NEH, Abundance, NDP, Rsquared,sigma,CI lower band, CI upper band
FLDLWNK, Yes, 0.22971, 0.978957, 0.006140, 0.035705,  2,   468.25290,  5, 14870029.000000, 6.000000, 0.920397, 0.044136, 0.116254, 0.343163
TAVScLSQNDWK, Yes, 0.32726, 0.940975, 0.031484, 0.032757,  2,   704.82991,  20, 24380582.000000, 6.000000, 0.659796, 0.142747, 0.000000, 0.699341
LDVATDNFFQNPELYIR, Yes, 0.28492, 0.981924, 0.013455, 0.032327,  2,  1028.01272,  29, 4064527.000000, 6.000000, 0.945482, 0.050383, 0.155409, 0.414434
LDVATDNFFQNPELYIR, Yes, 0.23817, 0.953711, 0.022111, 0.025094,  3,   685.67757,  29, 879323.187500, 6.000000, 0.832875, 0.063333, 0.075367, 0.400975
QFmIFTQSSEK, Yes, 0.04600, 0.995727, 0.013368, 0.130701,  2,   681.32393,  20, 909766.812500, 4.000000, 0.919818, 0.005900, 0.027221, 0.064772


MeanRateConst/CorrCutOff, 0.270014, 0.900000


MedianRateConst/RMSSCutOff, 0.238171, 0.050000
StandDev/NumberPeptides, 0.061255, 4
TotalIonCurrent, 1.62728e+09
