Peptides, PeptideUnique, RateConstants, Correlations, RootMeanRSS, AbsoluteIsotopeError, Charge, m/z(Sequence), NEH, Abundance, NDP, Rsquared,sigma,CI lower band, CI upper band
LLEGEESR, No, 0.09305, 0.998704, 0.005857, 0.032821,  2,   466.73780,  21, 37677676.000000, 5.000000, 0.994511, 0.003332, 0.083803, 0.102307
KLLEGEESR, No, 0.10304, 0.999160, 0.003675, 0.049360,  2,   530.78528,  21, 9096171.000000, 5.000000, 0.997831, 0.002544, 0.095975, 0.110103
VELQELNDR, No, 0.06073, 0.998833, 0.003634, 0.017401,  2,   558.28819,  20, 7848426.500000, 5.000000, 0.995128, 0.001701, 0.056007, 0.065452
TNEKVELQELNDR, No, 0.07407, 0.998623, 0.003887, 0.060978,  2,   794.40227,  27, 6075350.000000, 5.000000, 0.995016, 0.002300, 0.067686, 0.080458
TNEKVELQELNDR, No, 0.08087, 0.999941, 0.001841, 0.016978,  3,   529.93727,  27, 21519852.000000, 5.000000, 0.997915, 0.001693, 0.076171, 0.085572
EYQDLLNVK, No, 0.10278, 0.999948, 0.022351, 0.183201,  2,   561.29548,  14, 18968814.000000, 4.000000, 0.433960, 0.046815, 0.000000, 18.181290


MeanRateConst/CorrCutOff, 0.090764, 0.900000


MedianRateConst/RMSSCutOff, 0.093055, 0.050000
StandDev/NumberPeptides, 0.002874, 5
TotalIonCurrent, 2.44477e+09
