Peptides, PeptideUnique, RateConstants, Correlations, RootMeanRSS, AbsoluteIsotopeError, Charge, m/z(Sequence), NEH, Abundance, NDP, Rsquared,sigma,CI lower band, CI upper band
LIIPTLK, Yes, 0.04705, 0.951776, 0.008343, 0.067209,  2,   399.27838,  6, 12011316.000000, 6.000000, 0.759731, 0.008944, 0.024058, 0.070043
AFLPLLR, Yes, 0.06949, 0.959036, 0.015963, 0.094772,  2,   415.26835,  12, 8980114.000000, 6.000000, 0.879175, 0.009106, 0.046080, 0.092894
GFYPQPTPR, Yes, 0.09168, 0.971921, 0.020547, 0.079439,  2,   531.77199,  18, 9662917.000000, 6.000000, 0.906642, 0.013136, 0.057909, 0.125442
LGFTVFAGVLDK, Yes, 0.24801, 0.952597, 0.019721, 0.059523,  2,   633.85827,  13, 946616.187500, 6.000000, 0.934022, 0.053795, 0.109723, 0.386294
AVLVTGADSGFGHGLAK, Yes, 0.37889, 0.990104, 0.011507, 0.032816,  3,   533.95450,  31, 5657311.000000, 6.000000, 0.987983, 0.039632, 0.277013, 0.480768
AVLVTGADSGFGHGLAK, Yes, 0.02441, 0.766515, 0.055629, 0.140386,  2,   800.42811,  31, 2015111.875000, 6.000000, 0.285722, 0.016390, 0.000000, 1.525011
DIQENYGQDYVHTQK, Yes, 0.09797, 0.994511, 0.006736, 0.131710,  2,   919.42120,  29, 1086328.250000, 6.000000, 0.993650, 0.003672, 0.088531, 0.107410
DIQENYGQDYVHTQK, Yes, 0.18106, 0.992138, 0.010674, 0.047303,  3,   613.28323,  29, 6800830.500000, 6.000000, 0.981671, 0.016948, 0.137496, 0.224629
LVNVSSMGGTVPLQMTSAYAATK, Yes, 0.08417, 0.970211, 0.014547, 0.177967,  3,   776.06423,  39, 294081.781250, 6.000000, 0.874334, 0.013704, 0.048941, 0.119393


MeanRateConst/CorrCutOff, 0.085825, 0.900000


MedianRateConst/RMSSCutOff, 0.084167, 0.050000
StandDev/NumberPeptides, 0.007529, 4
TotalIonCurrent, 1.34871e+09
