Peptides, PeptideUnique, RateConstants, Correlations, RootMeanRSS, AbsoluteIsotopeError, Charge, m/z(Sequence), NEH, Abundance, NDP, Rsquared,sigma,CI lower band, CI upper band
TPALIALR, Yes, 0.07642, 0.981187, 0.015044, 0.037922,  2,   427.77653,  16, 24152590.000000, 6.000000, 0.937631, 0.007166, 0.057999, 0.094839
DHPDFPFWDEY, Yes, 0.18059, 0.997502, 0.004294, 0.022204,  2,   734.29623,  18, 4609180.500000, 6.000000, 0.993559, 0.009198, 0.156950, 0.204237
SKDIVLVAYSALGSHR, Yes, 0.13906, 0.981190, 0.015677, 0.062838,  3,   572.65281,  30, 5365329.000000, 6.000000, 0.950200, 0.016369, 0.096985, 0.181139
IKENMQVFEFQLTSEDMK, Yes, 0.00000, -2.000000, 0.082700, 0.089039,  3,   739.69038,  32, 34642684.000000, 6.000000, -0.185869, 0.013328, 0.000000, 1.986133
LSDGHFIPILGFGTYAPQEVPK, Yes, 0.16732, 0.994669, 0.007800, 0.008104,  3,   796.08624,  38, 4173637.750000, 6.000000, 0.976848, 0.014562, 0.129891, 0.204755


MeanRateConst/CorrCutOff, 0.140849, 0.900000


MedianRateConst/RMSSCutOff, 0.167323, 0.050000
StandDev/NumberPeptides, 0.010581, 4
TotalIonCurrent, 2.27203e+09
