Peptides, PeptideUnique, RateConstants, Correlations, RootMeanRSS, AbsoluteIsotopeError, Charge, m/z(Sequence), NEH, Abundance, NDP, Rsquared,sigma,CI lower band, CI upper band
AGVIGLTQTAAR, Yes, 0.11622, 0.990105, 0.013871, 0.011065,  2,   579.33548,  26, 14263003.000000, 6.000000, 0.976781, 0.008804, 0.093594, 0.138855
GSIINISSIIGK, Yes, 0.05294, 0.961143, 0.015409, 0.036291,  2,   601.36116,  19, 3930235.000000, 6.000000, 0.901322, 0.005633, 0.038465, 0.067423
LLGSPGSEDGAPR, Yes, 0.08075, 0.994185, 0.011044, 0.088224,  2,   628.31749,  31, 18946196.000000, 6.000000, 0.985179, 0.004078, 0.070262, 0.091228
HAAFQADVSQGPAAR, Yes, 0.07937, 0.986818, 0.014633, 0.189225,  2,   763.37894,  44, 1883222.375000, 6.000000, 0.986318, 0.003977, 0.069146, 0.089593
GTFLVTQAAAQALVSSGGR, Yes, 0.10126, 0.978865, 0.016480, 0.087954,  3,   611.99877,  41, 443836.781250, 6.000000, 0.975150, 0.007291, 0.082520, 0.120003
GTFLVTQAAAQALVSSGGR, Yes, 0.03614, 0.959028, 0.016708, 0.176406,  2,   917.49451,  41, 1910745.375000, 6.000000, 0.851561, 0.004686, 0.024100, 0.048190
LAAEGAAVAAcDLDGAAAQDTVR, Yes, 0.08095, 0.950086, 0.020238, 0.099175,  3,   739.35857,  61, 1338972.375000, 6.000000, 0.897299, 0.010119, 0.054943, 0.106964
LAAEGAAVAAcDLDGAAAQDTVR, Yes, 0.08770, 0.992193, 0.010200, 0.076112,  2,  1108.53422,  61, 1080290.375000, 6.000000, 0.986765, 0.004773, 0.075428, 0.099966


MeanRateConst/CorrCutOff, 0.091042, 0.900000


MedianRateConst/RMSSCutOff, 0.080953, 0.050000
StandDev/NumberPeptides, 0.005683, 6
TotalIonCurrent, 1.49159e+09
