Peptides, PeptideUnique, RateConstants, Correlations, RootMeanRSS, AbsoluteIsotopeError, Charge, m/z(Sequence), NEH, Abundance, NDP, Rsquared,sigma,CI lower band, CI upper band
KPLIVASPK, Yes, 0.07533, 0.971990, 0.017055, 0.064763,  2,   476.81312,  15, 31081500.000000, 5.000000, 0.913330, 0.010197, 0.047022, 0.103645
KHDFAIIR, Yes, 0.10231, 0.870114, 0.053161, 0.127430,  2,   500.29034,  15, 3009670.750000, 6.000000, -0.392099, 0.045714, 0.000000, 0.866551
SSLYSSDIGK, Yes, 0.15166, 0.986178, 0.013468, 0.049992,  2,   528.76402,  16, 18517726.000000, 6.000000, 0.963258, 0.016016, 0.110489, 0.192832
DVIVDLLcYR, Yes, 0.23920, 0.997827, 0.004921, 0.021264,  2,   633.33156,  12, 7648309.000000, 6.000000, 0.871811, 0.060237, 0.084354, 0.394045
KDVIVDLLcYR, Yes, 0.13665, 0.959538, 0.014786, 0.074605,  3,   465.25511,  13, 1531313.250000, 6.000000, 0.917531, 0.021847, 0.080491, 0.192812
KDVIVDLLcYR, Yes, 0.09842, 0.858236, 0.022865, 0.187521,  2,   697.37903,  13, 854205.375000, 6.000000, 0.372022, 0.028456, 0.025273, 0.171571
TLQGPFTTTGLLNLGK, Yes, 0.19501, 0.997898, 0.006036, 0.067676,  2,   830.96707,  18, 11641909.000000, 6.000000, 0.976651, 0.018443, 0.147605, 0.242423
LLLESQEFDHFLATK, Yes, 0.24425, 0.993816, 0.009559, 0.061705,  2,   895.96979,  27, 1493967.750000, 6.000000, 0.974329, 0.027826, 0.172721, 0.315779
LSAYGGITDIIIGMPHR, Yes, 0.16705, 0.979822, 0.015970, 0.063634,  3,   605.32582,  29, 2679033.000000, 6.000000, 0.586492, 0.053521, 0.029469, 0.304630
SVEVPEELQVHSHLLK, Yes, 0.26066, 0.996738, 0.009400, 0.024288,  3,   615.33526,  33, 12377143.000000, 6.000000, 0.980816, 0.026284, 0.193092, 0.328223
LNDHLANVAHYSPPATNLQAR, Yes, 0.23917, 0.997348, 0.008266, 0.043241,  4,   576.29762,  47, 5370483.000000, 6.000000, 0.984354, 0.020931, 0.185367, 0.292975
QWGHNELDEPFFTNPVMYK, Yes, 0.17892, 0.906854, 0.024661, 0.098684,  3,   784.69664,  31, 1340158.750000, 5.000000, 0.038372, 0.086073, 0.000000, 0.841653
DVIWSQEEPQNmGPWSFVSPR, Yes, 0.15092, 0.965535, 0.016929, 0.062389,  3,   835.72163,  44, 1103851.625000, 6.000000, 0.878909, 0.026122, 0.083772, 0.218069


MeanRateConst/CorrCutOff, 0.196349, 0.900000


MedianRateConst/RMSSCutOff, 0.195014, 0.050000
StandDev/NumberPeptides, 0.027073, 10
TotalIonCurrent, 3.55168e+09
