Peptides, PeptideUnique, RateConstants, Correlations, RootMeanRSS, AbsoluteIsotopeError, Charge, m/z(Sequence), NEH, Abundance, NDP, Rsquared,sigma,CI lower band, CI upper band
KGEGLPNFDNNNIK, Yes, 0.06972, 0.956762, 0.017990, 0.114245,  2,   780.39425,  23, 13841488.000000, 6.000000, 0.958449, 0.005744, 0.054957, 0.084490
FQDLGAAYEVLSDSEK, Yes, 0.31654, 0.996520, 0.010273, 0.086456,  2,   886.42287,  33, 9783057.000000, 6.000000, 0.989990, 0.028663, 0.242857, 0.390219
FQDLGAAYEVLSDSEKR, Yes, 0.00000, -2.000000, 0.069485, 0.341048,  2,   964.47342,  37, 29941926.000000, 6.000000, -1.030001, 0.011502, 0.000000, 2.101630
FQDLGAAYEVLSDSEKR, Yes, 0.24931, 0.997996, 0.005677, 0.073220,  3,   643.31804,  37, 11358782.000000, 6.000000, 0.996521, 0.011236, 0.220423, 0.278189
FQMTQEVVcDEcPNVK, Yes, 0.18626, 0.997830, 0.009749, 0.048608,  2,   992.43409,  29, 8645069.000000, 6.000000, 0.981230, 0.017475, 0.141335, 0.231177
FQmTQEVVcDEcPNVK, Yes, 0.20268, 0.990814, 0.014070, 0.073872,  2,  1000.43155,  29, 3224794.250000, 6.000000, 0.967239, 0.026771, 0.133868, 0.271501


MeanRateConst/CorrCutOff, 0.238696, 0.900000


MedianRateConst/RMSSCutOff, 0.202684, 0.050000
StandDev/NumberPeptides, 0.018309, 4
TotalIonCurrent, 3.16727e+09
