Peptides, PeptideUnique, RateConstants, Correlations, RootMeanRSS, AbsoluteIsotopeError, Charge, m/z(Sequence), NEH, Abundance, NDP, Rsquared,sigma,CI lower band, CI upper band
IPAGLENR, Yes, 0.10597, 0.994996, 0.010653, 0.010426,  2,   435.24560,  19, 385467520.000000, 6.000000, 0.981761, 0.006562, 0.089100, 0.122835
KGTVmTFL, Yes, 0.07003, 0.952835, 0.008409, 0.065820,  2,   456.74660,  5, 144349824.000000, 6.000000, 0.874435, 0.011490, 0.040492, 0.099563
THSASFFK, Yes, 0.35892, 0.981402, 0.032395, 0.132056,  2,   462.73234,  13, 66140396.000000, 6.000000, 0.768868, 0.181334, 0.000000, 0.784779
FFPLEAWQIGK, Yes, 0.11671, 0.994945, 0.007127, 0.038471,  2,   668.35843,  19, 101943192.000000, 6.000000, 0.981723, 0.007737, 0.096822, 0.136601
FFPLEAWQIGKK, Yes, 0.07568, 0.953494, 0.015635, 0.093618,  2,   732.40590,  19, 3423151.000000, 6.000000, 0.899915, 0.009972, 0.050048, 0.101315
FFPLEAWQIGKK, Yes, 0.10739, 0.996186, 0.005446, 0.033706,  3,   488.60636,  19, 21165342.000000, 6.000000, 0.985103, 0.006255, 0.091310, 0.123469
FLTEELSLDQDR, Yes, 0.18601, 0.997907, 0.006298, 0.015401,  2,   733.36209,  23, 247900880.000000, 6.000000, 0.994695, 0.009179, 0.162412, 0.209605
PFVELETNLPASR, Yes, 0.12795, 0.992941, 0.011137, 0.027525,  2,   736.89081,  27, 87380736.000000, 6.000000, 0.976048, 0.010000, 0.102240, 0.153651
LcAATATILDKPEDR, Yes, 0.14754, 0.999372, 0.004308, 0.012451,  3,   558.62241,  30, 106995320.000000, 6.000000, 0.998204, 0.003670, 0.138102, 0.156971
LcAATATILDKPEDR, Yes, 0.14316, 0.997763, 0.007416, 0.018835,  2,   837.42998,  30, 24767592.000000, 6.000000, 0.994180, 0.006461, 0.126554, 0.159772
VSVTIRPGmTLLmNK, Yes, 0.07326, 0.979510, 0.009019, 0.051208,  2,   846.46277,  19, 44054968.000000, 6.000000, 0.953841, 0.006381, 0.056861, 0.089667
VSVTIRPGmTLLmNK, Yes, 0.08336, 0.988765, 0.007344, 0.032724,  3,   564.64427,  19, 191634160.000000, 6.000000, 0.968983, 0.006065, 0.067773, 0.098956
FLTEELSLDQDRIVIR, Yes, 0.15259, 0.997173, 0.005263, 0.025744,  3,   649.68970,  29, 16324660.000000, 6.000000, 0.992509, 0.007939, 0.132185, 0.173003
STEPcAHLLVSSIGVVGTAEQNR, Yes, 0.11725, 0.997030, 0.005218, 0.050464,  3,   809.07618,  48, 5276280.500000, 6.000000, 0.994124, 0.004572, 0.105493, 0.129001


MeanRateConst/CorrCutOff, 0.110074, 0.900000


MedianRateConst/RMSSCutOff, 0.116712, 0.050000
StandDev/NumberPeptides, 0.006585, 12
TotalIonCurrent, 5.14591e+10
