Peptides, PeptideUnique, RateConstants, Correlations, RootMeanRSS, AbsoluteIsotopeError, Charge, m/z(Sequence), NEH, Abundance, NDP, Rsquared,sigma,CI lower band, CI upper band
FLTLGSK, Yes, 0.07741, 0.957455, 0.009212, 0.033641,  2,   383.22889,  6, 3140535.750000, 6.000000, 0.881705, 0.010305, 0.050917, 0.103897
NFmASTPEPR, Yes, 5.33133, 0.971187, 0.056358, 0.710189,  2,   583.26895,  22, 1938967.375000, 6.000000, 0.838999, 576179.750000, 4.667926, 5.994730
TTEVGSASEVKK, Yes, 0.17612, 0.976397, 0.018595, 0.070229,  2,   639.33280,  21, 2320841.250000, 6.000000, 0.938890, 0.026794, 0.107248, 0.245000
SSVETQPAEEVR, Yes, 0.08505, 0.954327, 0.029381, 0.119976,  2,   666.32551,  32, 1002549.937500, 6.000000, 0.877715, 0.011588, 0.055259, 0.114835
TEMVTISDASQR, Yes, 0.11502, 0.815593, 0.049286, 0.171838,  2,   669.32191,  25, 441639.125000, 6.000000, 0.413359, 0.043492, 0.003217, 0.226816
TEmVTISDASQR, Yes, 0.06782, 0.925788, 0.032414, 0.157937,  2,   677.31937,  25, 2927948.250000, 6.000000, 0.721474, 0.014754, 0.029892, 0.105747
GLSPAQADSQFLENAK, Yes, 0.21263, 0.991497, 0.014818, 0.041599,  2,   838.41792,  39, 1135667.625000, 6.000000, 0.972474, 0.022953, 0.153623, 0.271629
VRPAELEQFESTIGFK, Yes, 0.15999, 0.970141, 0.022020, 0.058301,  3,   617.65974,  34, 1099655.875000, 6.000000, 0.883087, 0.028005, 0.088004, 0.231981
VTLLDGTEYScDLEKR, Yes, 0.22841, 0.274570, 0.106987, 0.303078,  3,   633.64365,  25, 411099.250000, 6.000000, -0.402212, 0.309010, 0.000000, 1.430351


MeanRateConst/CorrCutOff, 0.129836, 0.900000


MedianRateConst/RMSSCutOff, 0.159992, 0.050000
StandDev/NumberPeptides, 0.016317, 6
TotalIonCurrent, 4.5108e+08
