Peptides, PeptideUnique, RateConstants, Correlations, RootMeanRSS, AbsoluteIsotopeError, Charge, m/z(Sequence), NEH, Abundance, NDP, Rsquared,sigma,CI lower band, CI upper band
FGGGSVELLK, Yes, 0.04939, 0.839648, 0.026306, 0.083833,  2,   503.78203,  15, 3809079.750000, 6.000000, 0.374145, 0.012319, 0.017727, 0.081062
FVDLYGAQK, Yes, 0.05010, 0.967120, 0.013104, 0.046991,  2,   520.77420,  14, 1802978.750000, 5.000000, 0.958919, 0.004179, 0.038499, 0.061706
DTTASAVAVGLR, Yes, 0.07674, 0.951011, 0.043039, 0.081320,  2,   580.81713,  24, 1930318.875000, 6.000000, 0.695926, 0.021766, 0.020787, 0.132688
GFYIYQEGSK, Yes, 0.66693, 0.948515, 0.023996, 0.312832,  2,   596.28766,  17, 1512310.875000, 6.000000, 0.756196, 0.594635, 0.162476, 1.171387
mQLLEIITTDK, Yes, 0.08574, 0.958657, 0.015822, 0.139145,  2,   660.85759,  15, 1246400.875000, 6.000000, 0.864074, 0.011885, 0.055189, 0.116291
DSIFSNLIGQLDYK, Yes, 0.08758, 0.983198, 0.011833, 0.036255,  2,   806.91449,  21, 977935.437500, 6.000000, 0.948911, 0.008023, 0.066960, 0.108209
ADmVIEAVFEDLGVK, Yes, 0.07562, 0.983577, 0.010679, 0.111360,  2,   826.41601,  27, 404736.750000, 5.000000, 0.993397, 0.003144, 0.066888, 0.084346
mGLVDQLVEPLGPGIK, Yes, 0.04368, 0.988760, 0.010632, 0.175264,  2,   841.46330,  26, 364433.593750, 5.000000, 0.911163, 0.005510, 0.028385, 0.058983
AGLEQGSDAGYLAESQK, Yes, 0.11141, 0.984048, 0.019824, 0.038227,  2,   862.41029,  43, 1227287.375000, 6.000000, 0.942980, 0.011887, 0.080855, 0.141970
KTVLGVPEVLLGILPGAGGTQR, Yes, 0.05241, 0.963739, 0.019090, 0.124571,  3,   725.76684,  36, 233467.328125, 4.000000, 0.890614, 0.012443, 0.012812, 0.092009


MeanRateConst/CorrCutOff, 0.067411, 0.900000


MedianRateConst/RMSSCutOff, 0.075617, 0.050000
StandDev/NumberPeptides, 0.006518, 7
TotalIonCurrent, 3.59614e+08
