Peptides, PeptideUnique, RateConstants, Correlations, RootMeanRSS, AbsoluteIsotopeError, Charge, m/z(Sequence), NEH, Abundance, NDP, Rsquared,sigma,CI lower band, CI upper band
YTVYcSLIK, Yes, 0.40395, 0.949304, 0.019536, 0.023546,  2,   573.79681,  7, 11546871.000000, 6.000000, 0.584865, 0.379156, 0.000000, 1.025905
LLYEALVDcK, Yes, 0.08338, 0.981741, 0.013904, 0.080356,  2,   612.32065,  14, 7717451.500000, 6.000000, 0.950913, 0.009624, 0.058639, 0.108116
LLYEALVDcKK, Yes, 0.20381, 0.947761, 0.026709, 0.062222,  3,   451.24784,  15, 5156074.000000, 6.000000, 0.809411, 0.068864, 0.026793, 0.380833
LQLLSNLFHGMDK, Yes, 0.12810, 0.984733, 0.011526, 0.058151,  3,   505.93778,  19, 6000078.000000, 6.000000, 0.962994, 0.014420, 0.091034, 0.165172
LQLLSNLFHGMDK, Yes, 0.13290, 0.957817, 0.023258, 0.032614,  2,   758.40304,  19, 1416011.625000, 6.000000, 0.771082, 0.037583, 0.036287, 0.229508
LQLLSNLFHGmDK, Yes, 0.12775, 0.996673, 0.017853, 0.030436,  3,   511.26942,  19, 3811376.250000, 6.000000, 0.810705, 0.030862, 0.048415, 0.207080
LQLLSNLFHGmDK, Yes, 0.00000, -2.000000, 0.166876, 0.600349,  2,   766.40049,  19, 3438708.250000, 6.000000, -0.436873, 0.028090, 0.000000, 2.871552
VAAScGAIQYIPTELDQVR, Yes, 0.14670, 0.989322, 0.010972, 0.052937,  2,  1046.03059,  42, 1768761.875000, 6.000000, 0.976974, 0.012863, 0.113636, 0.179767
ALKDPNAFLFDHLLTLKPVK, Yes, 0.14180, 0.990398, 0.006973, 0.041010,  4,   570.83331,  27, 7313927.500000, 6.000000, 0.972407, 0.013499, 0.107104, 0.176503
ALKDPNAFLFDHLLTLKPVK, Yes, 0.16370, 0.934948, 0.018801, 0.332989,  5,   456.86811,  27, 1685858.125000, 6.000000, 0.945229, 0.022432, 0.106041, 0.221368


MeanRateConst/CorrCutOff, 0.132048, 0.900000


MedianRateConst/RMSSCutOff, 0.132898, 0.050000
StandDev/NumberPeptides, 0.016330, 7
TotalIonCurrent, 1.96783e+09
