Peptides, PeptideUnique, RateConstants, Correlations, RootMeanRSS, AbsoluteIsotopeError, Charge, m/z(Sequence), NEH, Abundance, NDP, Rsquared,sigma,CI lower band, CI upper band
QVQIDGLVVLK, Yes, 0.24849, 0.998559, 0.005286, 0.069211,  2,   606.37154,  16, 9418444.000000, 6.000000, 0.985560, 0.021669, 0.192792, 0.304197
GEPPLPEEDLSK, Yes, 0.58902, 0.987979, 0.022323, 0.334367,  2,   655.82734,  27, 43769496.000000, 6.000000, 0.973391, 0.130657, 0.253153, 0.924882
HELLSLASSNHLGK, Yes, 0.14173, 0.985179, 0.016636, 0.093715,  3,   502.60720,  28, 2779908.000000, 6.000000, 0.951465, 0.016601, 0.099052, 0.184399
NSHLINVLMWELEK, Yes, 0.16572, 0.958234, 0.019755, 0.108405,  2,   863.45324,  22, 1756055.500000, 6.000000, 0.841038, 0.034676, 0.076578, 0.254854
NSHLINVLMWELEK, Yes, 0.14961, 0.987753, 0.010237, 0.085883,  3,   575.97126,  22, 4486872.000000, 6.000000, 0.951929, 0.017555, 0.104484, 0.194737
SAVADKHELLSLASSNHLGK, Yes, 0.25187, 0.998602, 0.006642, 0.036994,  3,   693.03939,  42, 15024201.000000, 6.000000, 0.991230, 0.017304, 0.207392, 0.296356
SAVADKHELLSLASSNHLGK, Yes, 0.18772, 0.996715, 0.009131, 0.103107,  4,   520.03136,  42, 17855026.000000, 6.000000, 0.983482, 0.015010, 0.149139, 0.226307
MDSLLIAGQINTYcQNIK, Yes, 0.22126, 0.992624, 0.008105, 0.035708,  2,  1041.52154,  30, 3288047.000000, 6.000000, 0.985092, 0.019614, 0.170845, 0.271682
HVNIDHLHVGWYQSTYYGSFVTR, Yes, 0.09299, 0.959172, 0.011237, 0.067068,  4,   695.58985,  34, 2139688.000000, 6.000000, 0.912253, 0.012774, 0.060150, 0.125823
EFTAQNLGK, Yes, 4.64525, 0.987340, 0.038141, 1.545600,  2,   504.26145,  17, 56782416.000000, 6.000000, 0.890756, 58374.558594, 4.164503, 5.125999
VDEMSQDIIK, Yes, 1.99300, 0.840886, 0.130811, 1.273792,  2,   589.29209,  18, 11973889.000000, 6.000000, 0.491069, 59.357662, 1.162658, 2.823344


MeanRateConst/CorrCutOff, 0.195201, 0.900000


MedianRateConst/RMSSCutOff, 0.187723, 0.050000
StandDev/NumberPeptides, 0.019043, 7
TotalIonCurrent, 8.91671e+09
