Peptides, PeptideUnique, RateConstants, Correlations, RootMeanRSS, AbsoluteIsotopeError, Charge, m/z(Sequence), NEH, Abundance, NDP, Rsquared,sigma,CI lower band, CI upper band
FWANFAR, No, 0.06289, 0.974934, 0.012342, 0.074503,  2,   456.22976,  14, 19514766.000000, 6.000000, 0.934062, 0.005847, 0.047860, 0.077921
TANSLLWK, Yes, 0.06417, 0.960826, 0.017195, 0.055774,  2,   466.76362,  10, 7801059.500000, 6.000000, 0.812328, 0.010881, 0.036196, 0.092135
SFSTVPYIVGINK, Yes, 0.18007, 0.987100, 0.012296, 0.027521,  2,   712.89283,  16, 13989990.000000, 6.000000, 0.926934, 0.027369, 0.109716, 0.250426
GNWGHLDQVAALR, Yes, 0.10778, 0.972189, 0.019146, 0.120452,  3,   479.58462,  28, 9206085.000000, 6.000000, 0.955748, 0.010352, 0.081170, 0.134392
GNWGHLDQVAALR, Yes, 0.06880, 0.885098, 0.033108, 0.191564,  2,   718.87330,  28, 1500593.750000, 6.000000, 0.681498, 0.014517, 0.031485, 0.106121
QKTEDELLETSLK, Yes, 0.10026, 0.949763, 0.030286, 0.145881,  2,   767.40394,  23, 1137639.500000, 6.000000, 0.789446, 0.025995, 0.033434, 0.167077
LKDKEVSFWAELR, Yes, 0.11470, 0.949656, 0.026465, 0.252068,  4,   405.97405,  23, 613624.562500, 6.000000, 0.973965, 0.009272, 0.090867, 0.138538
LGIWGFFSTGDEHSR, No, 0.26859, 0.995321, 0.010015, 0.048821,  3,   570.27412,  26, 3159343.000000, 6.000000, 0.972897, 0.032396, 0.185316, 0.351867
ESYPFLPTVIDGVVLPK, Yes, 0.09498, 0.982728, 0.011019, 0.073230,  2,   937.51913,  23, 4003913.750000, 6.000000, 0.958161, 0.008341, 0.073543, 0.116425


MeanRateConst/CorrCutOff, 0.090797, 0.900000


MedianRateConst/RMSSCutOff, 0.100256, 0.050000
StandDev/NumberPeptides, 0.009589, 6
TotalIonCurrent, 1.61606e+09
