Peptides, PeptideUnique, RateConstants, Correlations, RootMeanRSS, AbsoluteIsotopeError, Charge, m/z(Sequence), NEH, Abundance, NDP, Rsquared,sigma,CI lower band, CI upper band
ELGHPEIGDAIAR, Yes, 0.20983, 0.995675, 0.014094, 0.039906,  3,   459.90888,  33, 87631192.000000, 6.000000, 0.977086, 0.020638, 0.156775, 0.262878
cSWLVVQcLLR, Yes, 0.05637, 0.973838, 0.017734, 0.012714,  2,   717.37324,  16, 5185304.500000, 6.000000, 0.772779, 0.012201, 0.025009, 0.087735
LKEVLEYNALGGK, Yes, 0.21216, 0.987349, 0.011285, 0.030744,  3,   478.60479,  21, 47231728.000000, 6.000000, 0.979562, 0.020114, 0.160452, 0.263861
QNFIQHFSQIVK, Yes, 0.13631, 0.972827, 0.017492, 0.038175,  3,   496.93678,  22, 24903774.000000, 6.000000, 0.923670, 0.019327, 0.086628, 0.185992
ALYEALDLQSAFFK, Yes, 0.30704, 0.993209, 0.009271, 0.029493,  2,   808.42194,  27, 9170274.000000, 6.000000, 0.994247, 0.020093, 0.255393, 0.358695
GLTVVQAFQELVEPK, Yes, 0.25838, 0.999545, 0.003251, 0.028541,  2,   829.46161,  28, 16179975.000000, 6.000000, 0.997058, 0.010686, 0.230911, 0.285849
QILEENYGQKDPEK, Yes, 0.27658, 0.969441, 0.019761, 0.033342,  2,   845.91774,  31, 5927617.500000, 6.000000, 0.948983, 0.048433, 0.152077, 0.401079
SLIEQcSAPLPPSIFMELANK, Yes, 0.11771, 0.954235, 0.016442, 0.014120,  2,  1173.09760,  44, 2162141.500000, 6.000000, 0.944866, 0.013781, 0.082287, 0.153135
SLIEQcSAPLPPSIFMELANK, Yes, 0.17093, 0.993589, 0.008382, 0.021854,  3,   782.40083,  44, 3899435.000000, 6.000000, 0.979395, 0.014517, 0.133615, 0.208247


MeanRateConst/CorrCutOff, 0.211117, 0.900000


MedianRateConst/RMSSCutOff, 0.212156, 0.050000
StandDev/NumberPeptides, 0.017568, 8
TotalIonCurrent, 8.92801e+09
