Peptides, PeptideUnique, RateConstants, Correlations, RootMeanRSS, AbsoluteIsotopeError, Charge, m/z(Sequence), NEH, Abundance, NDP, Rsquared,sigma,CI lower band, CI upper band
GVQVLPR, Yes, 0.08127, 0.914404, 0.047254, 0.055503,  2,   384.73996,  13, 9341029.000000, 6.000000, 0.090365, 0.044858, 0.000000, 0.600030
VLAQDVYAK, Yes, 0.36815, 0.998760, 0.004940, 0.046266,  2,   503.78202,  16, 17236856.000000, 6.000000, 0.991933, 0.029804, 0.291536, 0.444765
TLIINLPGSK, Yes, 0.08951, 0.970101, 0.015302, 0.067503,  2,   528.32659,  13, 11798287.000000, 6.000000, 0.883632, 0.011614, 0.059657, 0.119369
ESDDGTEELEVR, Yes, 0.36689, 0.998494, 0.006883, 0.110375,  2,   689.80206,  29, 5121940.500000, 6.000000, 0.994429, 0.024851, 0.303010, 0.430773
DTASLSTTPSESPR, Yes, 0.21961, 0.982901, 0.023742, 0.049860,  2,   724.84681,  30, 11295614.000000, 6.000000, 0.923635, 0.037894, 0.122202, 0.317023
DLVQDPSLLGGTISAYK, Yes, 0.39059, 0.998126, 0.005946, 0.186310,  2,   888.97254,  28, 4675620.500000, 6.000000, 0.990173, 0.035995, 0.298060, 0.483117
VFmKPGLPTTFATLDIDGVR, Yes, 0.11849, 0.982663, 0.024773, 0.210730,  3,   732.05741,  26, 321615.250000, 5.000000, -0.058310, 0.068358, 0.000000, 0.884106
VGVLTVSDScFR, Yes, 0.24084, 0.986115, 0.011447, 0.106381,  2,   670.33738,  17, 8654493.000000, 6.000000, 0.974061, 0.028554, 0.167437, 0.314239
MSPFPLTSMDK, Yes, 0.02320, 0.821451, 0.048078, 0.704504,  2,   627.29886,  16, 2957863.000000, 6.000000, 0.172142, 0.015457, 0.000000, 1.589770


MeanRateConst/CorrCutOff, 0.234420, 0.900000


MedianRateConst/RMSSCutOff, 0.240838, 0.050000
StandDev/NumberPeptides, 0.027972, 8
TotalIonCurrent, 2.46793e+09
