Peptides, PeptideUnique, RateConstants, Correlations, RootMeanRSS, AbsoluteIsotopeError, Charge, m/z(Sequence), NEH, Abundance, NDP, Rsquared,sigma,CI lower band, CI upper band
ANALLIR, Yes, 0.06193, 0.984200, 0.016782, 0.110998,  2,   385.74777,  15, 11275515.000000, 6.000000, 0.671639, 0.011778, 0.031657, 0.092207
LLLLGTGESGK, No, 0.44739, 0.995286, 0.010064, 0.047883,  2,   544.32151,  15, 36418044.000000, 6.000000, 0.989882, 0.048253, 0.323351, 0.571426
IATVGYLPTQQDVLR, Yes, 0.26859, 0.994986, 0.011407, 0.044129,  2,   837.46469,  26, 13401196.000000, 6.000000, 0.965473, 0.036177, 0.175590, 0.361581
TLWSDPGVQEcYDR, Yes, 0.26962, 0.990996, 0.010885, 0.050608,  2,   863.38050,  25, 5545203.500000, 6.000000, 0.978340, 0.030171, 0.192061, 0.347175
ILHSHLVDYFPEFDGPQR, Yes, 0.20779, 0.985392, 0.014107, 0.031819,  4,   543.27336,  34, 2892889.000000, 6.000000, 0.931998, 0.033342, 0.122078, 0.293497
ILHSHLVDYFPEFDGPQR, Yes, 0.29466, 0.989363, 0.013457, 0.040015,  3,   724.02872,  34, 3235926.500000, 6.000000, 0.938921, 0.054048, 0.155725, 0.433597
VPTTGIIEYPFDLENIIFR, No, 0.61843, 0.973105, 0.013127, 0.017676,  2,  1119.09626,  28, 105232.898438, 5.000000, 0.986132, 0.107757, 0.319250, 0.917614
TIITYPWFQNSSVILFLNKK, No, 0.10314, 0.974661, 0.009125, 0.126158,  3,   804.78237,  22, 412329.875000, 6.000000, 0.886630, 0.014636, 0.065513, 0.140758
FVFAAVK, No, 0.09334, 0.969288, 0.014319, 0.076457,  2,   391.23398,  10, 36174236.000000, 6.000000, 0.884676, 0.012995, 0.059940, 0.126747


MeanRateConst/CorrCutOff, 0.185580, 0.900000


MedianRateConst/RMSSCutOff, 0.207788, 0.050000
StandDev/NumberPeptides, 0.020620, 7
TotalIonCurrent, 3.75731e+09
