Peptides, PeptideUnique, RateConstants, Correlations, RootMeanRSS, AbsoluteIsotopeError, Charge, m/z(Sequence), NEH, Abundance, NDP, Rsquared,sigma,CI lower band, CI upper band
YYLNDLDR, Yes, 4.15569, 0.974447, 0.039283, 0.061136,  2,   536.25890,  11, 17340894.000000, 6.000000, 0.669193, 27048.970703, 3.486401, 4.824978
VSAFENPYVDAIK, Yes, 0.23955, 0.994699, 0.011875, 0.029554,  2,   726.87209,  24, 5105520.500000, 6.000000, 0.971806, 0.027753, 0.168209, 0.310891
SLWNDPGIQEcYDR, Yes, 0.25845, 0.996835, 0.007060, 0.021900,  2,   876.88594,  27, 1541418.500000, 6.000000, 0.993226, 0.016326, 0.216478, 0.300413
VRVPTTGIIEYPFDLQSVIFR, Yes, 0.06324, 0.957403, 0.016417, 0.081876,  3,   817.45292,  33, 685035.750000, 6.000000, 0.755528, 0.011655, 0.033279, 0.093198


MeanRateConst/CorrCutOff, 1.179231, 0.900000


MedianRateConst/RMSSCutOff, 0.258446, 0.050000
StandDev/NumberPeptides, 0.021848, 4
TotalIonCurrent, 8.81297e+08
