Peptides, PeptideUnique, RateConstants, Correlations, RootMeanRSS, AbsoluteIsotopeError, Charge, m/z(Sequence), NEH, Abundance, NDP, Rsquared,sigma,CI lower band, CI upper band
QVQEIQSHMGR, Yes, 0.15138, 0.947142, 0.067314, 0.194199,  3,   438.21906,  29, 5538926.000000, 6.000000, 0.208335, 0.073288, 0.000000, 0.657983
QVQEIQSHMGR, Yes, 0.23412, 0.956532, 0.029364, 0.036696,  2,   656.82496,  29, 1272117.750000, 6.000000, 0.893281, 0.050721, 0.103737, 0.364503
LEILSSKEPLNR, Yes, 0.16346, 0.970678, 0.020926, 0.131450,  3,   466.93654,  24, 8300236.000000, 6.000000, 0.740523, 0.040845, 0.058462, 0.268451
ILDIANMLGLSNTVMR, Yes, 0.21179, 0.967003, 0.018102, 0.043510,  3,   587.65142,  24, 719137.937500, 6.000000, 0.886869, 0.042850, 0.101641, 0.321940
ILDIANMLGLSNTVMR, Yes, 0.24637, 0.988608, 0.013494, 0.034655,  2,   880.97349,  24, 1636122.375000, 6.000000, 0.932338, 0.042896, 0.136104, 0.356637
ILDIANMLGLSNTVmR, Yes, 0.19795, 0.980616, 0.011983, 0.071100,  2,   888.97095,  24, 758764.812500, 5.000000, 0.965628, 0.030521, 0.113215, 0.282694
YDVQHLQTALR, Yes, 0.29751, 0.989463, 0.013425, 0.031390,  3,   448.57372,  22, 17831542.000000, 6.000000, 0.959108, 0.046579, 0.177776, 0.417244


MeanRateConst/CorrCutOff, 0.210738, 0.900000


MedianRateConst/RMSSCutOff, 0.211791, 0.050000
StandDev/NumberPeptides, 0.040449, 5
TotalIonCurrent, 1.12516e+09
