Peptides, PeptideUnique, RateConstants, Correlations, RootMeanRSS, AbsoluteIsotopeError, Charge, m/z(Sequence), NEH, Abundance, NDP, Rsquared,sigma,CI lower band, CI upper band
KGQYIFK, Yes, 0.08282, 0.884540, 0.023363, 0.052498,  2,   442.25544,  8, 2814793.000000, 6.000000, 0.762980, 0.024298, 0.020359, 0.145280
TYMLFGSDR, Yes, 0.02874, 0.955158, 0.036065, 0.166826,  2,   545.25531,  12, 4679761.000000, 6.000000, 0.600947, 0.010970, 0.000545, 0.056943
WMGPVPPTANAR, Yes, 0.24615, 0.779866, 0.075250, 0.267430,  2,   648.82951,  25, 3052107.000000, 6.000000, 0.339826, 0.145011, 0.000000, 0.744455
LQLRPTLIAGImK, Yes, 0.07238, 0.986109, 0.008897, 0.130790,  3,   490.63392,  21, 7036110.000000, 6.000000, 0.974104, 0.005030, 0.059449, 0.085312
AGMSTAQAQHFLEK, Yes, 0.06338, 0.947597, 0.030829, 0.099963,  2,   759.87210,  34, 6569333.500000, 6.000000, 0.863204, 0.011323, 0.034279, 0.092490
AGmSTAQAQHFLEK, Yes, 0.07071, 0.955951, 0.027247, 0.205772,  3,   512.24880,  34, 11978304.000000, 6.000000, 0.910355, 0.010270, 0.044312, 0.097111
YGAFGLPTTVAHVDGK, Yes, 0.15676, 0.994490, 0.009358, 0.017504,  3,   544.95087,  24, 9995204.000000, 6.000000, 0.976392, 0.013278, 0.122624, 0.190888
YGAFGLPTTVAHVDGK, Yes, 0.10139, 0.995388, 0.006308, 0.177783,  2,   816.92267,  24, 1864092.500000, 6.000000, 0.989120, 0.005137, 0.088187, 0.114599
DEDITEYQSILAAAVK, Yes, 0.32040, 0.982836, 0.021301, 0.086958,  2,   883.44634,  34, 2926378.250000, 6.000000, 0.919585, 0.070177, 0.140003, 0.500792
FLTTVSMEQPEMLEK, Yes, 0.10382, 0.997368, 0.004354, 0.094026,  2,   891.93625,  26, 2709530.500000, 6.000000, 0.992828, 0.004287, 0.092801, 0.114839
FLTTVSmEQPEMLEK, Yes, 0.09512, 0.991595, 0.007555, 0.233167,  2,   899.93371,  26, 2050111.000000, 6.000000, 0.981619, 0.006109, 0.079416, 0.110825
FLTTVSmEQPEmLEK, Yes, 0.12392, 0.882235, 0.042033, 0.287596,  2,   907.93116,  26, 1447295.125000, 6.000000, 0.782432, 0.036591, 0.029859, 0.217978
VWSRDEDITEYQSILAAAVK, Yes, 0.16901, 0.995236, 0.008606, 0.045879,  3,   765.39361,  41, 3124008.000000, 6.000000, 0.979916, 0.013848, 0.133410, 0.204602
LQLRPTLIAGIMK, Yes, 0.07686, 0.980145, 0.017010, 0.069472,  3,   485.30228,  21, 6094790.000000, 6.000000, 0.944002, 0.007959, 0.056404, 0.097320


MeanRateConst/CorrCutOff, 0.083382, 0.900000


MedianRateConst/RMSSCutOff, 0.076862, 0.050000
StandDev/NumberPeptides, 0.006354, 7
TotalIonCurrent, 3.0472e+09
