Peptides, PeptideUnique, RateConstants, Correlations, RootMeanRSS, AbsoluteIsotopeError, Charge, m/z(Sequence), NEH, Abundance, NDP, Rsquared,sigma,CI lower band, CI upper band
PMILGYWNVR, Yes, 0.11191, 0.829284, 0.027219, 0.105532,  2,   624.83152,  13, 2138332.750000, 6.000000, 0.449133, 0.034820, 0.022405, 0.201420
ADIVENQVMDTR, Yes, 0.09415, 0.974450, 0.018443, 0.124519,  2,   695.83519,  24, 4693485.500000, 6.000000, 0.920439, 0.010826, 0.066316, 0.121975
LGLDFPNLPYLIDGSHK, Yes, 0.13855, 0.951560, 0.020892, 0.100336,  3,   633.67187,  25, 4219706.000000, 6.000000, 0.807202, 0.027177, 0.068690, 0.208410
IRADIVENQVMDTR, Yes, 0.09626, 0.954979, 0.021214, 0.237935,  3,   553.95427,  28, 775219.562500, 6.000000, 0.799524, 0.017486, 0.051308, 0.141208
LYSEFLGK, Yes, 0.08131, 0.925365, 0.020440, 0.050748,  2,   478.75801,  11, 8245225.500000, 6.000000, 0.744805, 0.014500, 0.044040, 0.118586


MeanRateConst/CorrCutOff, 0.102566, 0.900000


MedianRateConst/RMSSCutOff, 0.096258, 0.050000
StandDev/NumberPeptides, 0.015667, 4
TotalIonCurrent, 6.41894e+08
