Peptides, PeptideUnique, RateConstants, Correlations, RootMeanRSS, AbsoluteIsotopeError, Charge, m/z(Sequence), NEH, Abundance, NDP, Rsquared,sigma,CI lower band, CI upper band
MLLADQGQSWK, Yes, 0.47793, 0.979827, 0.027466, 0.406129,  2,   638.82135,  21, 11009401.000000, 6.000000, 0.950958, 0.126991, 0.151492, 0.804376
mLLADQGQSWK, Yes, 0.24942, 0.982016, 0.017857, 0.335727,  2,   646.81881,  21, 4554778.000000, 6.000000, 0.968110, 0.036610, 0.155307, 0.343525
PPYTIVYFPVR, Yes, 0.10266, 0.985008, 0.010537, 0.012196,  2,   676.37408,  14, 45663576.000000, 6.000000, 0.925706, 0.011547, 0.072974, 0.132339
EAAQMDMVNDGVEDLR, Yes, 0.15830, 0.991540, 0.011932, 0.050807,  2,   896.89564,  36, 9215571.000000, 6.000000, 0.974961, 0.014272, 0.121616, 0.194992
EAAQmDMVNDGVEDLR, Yes, 0.09759, 0.953811, 0.027641, 0.178184,  2,   904.89310,  36, 873076.000000, 6.000000, 0.883419, 0.018598, 0.049778, 0.145393
EAAQmDmVNDGVEDLR, Yes, 0.09971, 0.972279, 0.018659, 0.147039,  2,   912.89056,  36, 1914478.000000, 6.000000, 0.942445, 0.012048, 0.068738, 0.130679
FEDGDLTLYQSNAILR, Yes, 0.15149, 0.980495, 0.015994, 0.140777,  3,   618.97925,  29, 1495640.125000, 6.000000, 0.931819, 0.020765, 0.098112, 0.204870
FEDGDLTLYQSNAILR, Yes, 0.15094, 0.997034, 0.006430, 0.033061,  2,   927.96524,  29, 19055508.000000, 6.000000, 0.988228, 0.009240, 0.127191, 0.174696
EAAQMDMVNDGVEDLRGK, Yes, 0.02374, 0.928052, 0.012008, 0.167104,  3,   659.97166,  39, 45786452.000000, 6.000000, 0.719842, 0.004832, 0.011322, 0.036163
ALPGHLKPFETLLSQNQGGK, Yes, 0.14503, 0.985270, 0.013040, 0.065023,  3,   712.39177,  38, 18114014.000000, 6.000000, 0.964540, 0.014422, 0.107959, 0.182106


MeanRateConst/CorrCutOff, 0.129389, 0.900000


MedianRateConst/RMSSCutOff, 0.145032, 0.050000
StandDev/NumberPeptides, 0.013483, 7
TotalIonCurrent, 5.81089e+09
