Peptides, PeptideUnique, RateConstants, Correlations, RootMeanRSS, AbsoluteIsotopeError, Charge, m/z(Sequence), NEH, Abundance, NDP, Rsquared,sigma,CI lower band, CI upper band
LSVQcLLH, Yes, 0.09906, 0.984605, 0.010781, 0.060213,  2,   485.26294,  13, 16752799.000000, 6.000000, 0.956625, 0.009560, 0.074486, 0.123634
DMPPLMDPALK, Yes, 0.09149, 0.979211, 0.015752, 0.103783,  2,   614.30922,  19, 5875850.500000, 6.000000, 0.948283, 0.010749, 0.063863, 0.119123
VDEYLAWQHTALR, Yes, 0.11344, 0.991432, 0.010625, 0.092223,  2,   801.40716,  26, 3968668.750000, 6.000000, 0.979197, 0.008860, 0.090662, 0.136212
VDEYLAWQHTALR, Yes, 0.14602, 0.993648, 0.009506, 0.046225,  3,   534.60720,  26, 10191698.000000, 6.000000, 0.979432, 0.011156, 0.117339, 0.174695
APDHWYPQDLQTR, Yes, 0.15544, 0.995550, 0.009691, 0.053594,  3,   542.92683,  28, 16460433.000000, 6.000000, 0.979927, 0.012188, 0.124111, 0.186770
ARVDEYLAWQHTALR, Yes, 0.10683, 0.965127, 0.020326, 0.124956,  4,   457.99177,  33, 968754.500000, 6.000000, 0.947175, 0.012324, 0.075145, 0.138506
VEAEVGESLFQEAHEVVLK, Yes, 0.13602, 0.997966, 0.005095, 0.043659,  3,   705.03190,  43, 3307133.250000, 6.000000, 0.994935, 0.005547, 0.121762, 0.150281
QRVEAEVGESLFQEAHEVVLK, Yes, 0.05862, 0.977161, 0.048703, 0.214465,  3,   799.75180,  50, 6084496.000000, 6.000000, 0.699458, 0.020731, 0.005332, 0.111916
QRVEAEVGESLFQEAHEVVLK, Yes, 0.13580, 0.995207, 0.006485, 0.082530,  4,   600.06567,  50, 1899929.000000, 6.000000, 0.990660, 0.007583, 0.116302, 0.155289
GQQYTDSFAQVNPLRK, Yes, 0.13927, 0.987618, 0.012811, 0.229970,  3,   617.98311,  32, 3462215.750000, 6.000000, 0.967183, 0.013270, 0.105157, 0.173381
AVYIFAK, Yes, 0.00296, -2.000000, 0.000011, 0.112578,  2,   406.23926,  10, 5587868.000000, 1.000000, 0.000000, inf, 0.002956, 0.002956


MeanRateConst/CorrCutOff, 0.124818, 0.900000


MedianRateConst/RMSSCutOff, 0.135796, 0.050000
StandDev/NumberPeptides, 0.009465, 9
TotalIonCurrent, 3.38824e+09
