Peptides, PeptideUnique, RateConstants, Correlations, RootMeanRSS, AbsoluteIsotopeError, Charge, m/z(Sequence), NEH, Abundance, NDP, Rsquared,sigma,CI lower band, CI upper band
EGITVYSTQFGGYAK, Yes, 1.59548, 0.999790, 0.002300, 0.035338,  2,   810.89885,  24, 4795971.500000, 6.000000, 0.997572, 0.788209, 1.229118, 1.961836
FATVEVTDKPVDEALR, Yes, 0.24912, 0.979260, 0.018107, 0.060367,  2,   895.47017,  29, 1388659.375000, 6.000000, 0.787175, 0.080266, 0.042792, 0.455450
FATVEVTDKPVDEALR, Yes, 1.06055, 0.999175, 0.003645, 0.047061,  3,   597.31587,  29, 3976905.500000, 6.000000, 0.998226, 0.135706, 0.711705, 1.409392
IPNQFQGSPPAPSDESVK, Yes, 0.70626, 0.989601, 0.023419, 0.042745,  2,   949.46815,  42, 1022145.312500, 6.000000, 0.931504, 0.263054, 0.030058, 1.382463
IPNQFQGSPPAPSDESVKIEER, Yes, 0.63711, 0.994586, 0.014133, 0.035980,  3,   809.07131,  54, 5652300.500000, 6.000000, 0.961943, 0.160467, 0.224615, 1.049602


MeanRateConst/CorrCutOff, 0.663260, 0.900000


MedianRateConst/RMSSCutOff, 0.706261, 0.050000
StandDev/NumberPeptides, 0.133955, 4
TotalIonCurrent, 7.43585e+08
