Peptides, PeptideUnique, RateConstants, Correlations, RootMeanRSS, AbsoluteIsotopeError, Charge, m/z(Sequence), NEH, Abundance, NDP, Rsquared,sigma,CI lower band, CI upper band
LEGTDPEVLYR, Yes, 0.90430, 0.992733, 0.010489, 0.068381,  2,   646.33006,  20, 3223517.000000, 5.000000, 0.994888, 0.154176, 0.476236, 1.332358
LVPIDTPDHLQR, Yes, 0.16497, 0.983830, 0.018848, 0.118317,  3,   468.59290,  22, 3014323.000000, 5.000000, 0.929302, 0.032944, 0.073500, 0.256434
VLLPVWEAEGLGLR, Yes, 0.64735, 0.994762, 0.014621, 0.084615,  2,   776.44830,  25, 1506353.250000, 5.000000, 0.990025, 0.105209, 0.355243, 0.939457
ELGLNADLFQPASLVR, Yes, 0.27517, 0.909111, 0.066690, 0.117487,  2,   871.97541,  33, 861244.625000, 5.000000, -0.026902, 0.283782, 0.000000, 1.045638
LEESKEQVAAMQAGLLK, Yes, 0.01404, 0.846148, 0.027507, 0.394676,  3,   615.66438,  40, 20784518.000000, 5.000000, 0.526961, 0.006480, 0.000000, 1.417586
LGSRPQPAEAYTEAIQR, Yes, 0.48440, 0.967542, 0.027929, 0.068968,  3,   629.66214,  46, 2887584.250000, 5.000000, 0.943733, 0.158388, 0.044648, 0.924160


MeanRateConst/CorrCutOff, 0.550255, 0.900000


MedianRateConst/RMSSCutOff, 0.647350, 0.050000
StandDev/NumberPeptides, 0.075960, 4
TotalIonCurrent, 1.504e+09
