Peptides, PeptideUnique, RateConstants, Correlations, RootMeanRSS, AbsoluteIsotopeError, Charge, m/z(Sequence), NEH, Abundance, NDP, Rsquared,sigma,CI lower band, CI upper band
FGLFTPGSR, Yes, 0.06609, 0.990681, 0.011277, 0.037405,  2,   491.26127,  14, 28880264.000000, 6.000000, 0.862031, 0.010445, 0.039239, 0.092937
EAEILEVLR, Yes, 0.15644, 0.988547, 0.014695, 0.035495,  2,   536.30584,  22, 21233928.000000, 6.000000, 0.973726, 0.015340, 0.117008, 0.195873
YVEFNLLYDR, Yes, 0.35414, 0.958609, 0.020845, 0.013854,  2,   666.33514,  14, 8760778.000000, 6.000000, 0.914186, 0.106182, 0.081188, 0.627088
EGGGGITcVLQDGR, Yes, 0.12022, 0.982457, 0.017451, 0.046554,  2,   709.83828,  27, 8767212.000000, 6.000000, 0.964809, 0.012404, 0.088337, 0.152108
WEYMHSPPENSK, Yes, 0.08481, 0.981680, 0.012904, 0.053624,  3,   502.22235,  25, 10987750.000000, 6.000000, 0.957865, 0.008028, 0.064170, 0.105445
WcDDYFFIVHR, Yes, 0.11799, 0.994773, 0.006407, 0.049405,  3,   519.90297,  14, 7248860.000000, 6.000000, 0.983714, 0.008490, 0.096161, 0.139813
LPFTAMGVSSVIHPK, Yes, 0.00329, 0.696052, 0.073653, 0.089317,  2,   792.43435,  24, 3727387.250000, 6.000000, -0.212760, 0.013252, 0.000000, 1.944736
LPFTAMGVSSVIHPK, Yes, 0.10644, 0.972517, 0.015350, 0.038508,  3,   528.62532,  24, 10362014.000000, 6.000000, 0.933630, 0.013532, 0.071658, 0.141226
LPFTAmGVSSVIHPK, Yes, 0.07486, 0.988243, 0.018283, 0.030908,  3,   533.95696,  24, 6262140.500000, 6.000000, 0.803710, 0.017379, 0.030185, 0.119533
TcAEAVVPSYVPIVK, Yes, 0.14827, 0.974009, 0.017472, 0.060156,  2,   816.93692,  25, 10675360.000000, 6.000000, 0.948147, 0.020419, 0.095785, 0.200761
TKmELMIMETQAQVcR, Yes, 0.01912, 0.664992, 0.066468, 0.050209,  3,   662.31561,  31, 628556.687500, 5.000000, -0.142784, 0.028005, 0.000000, 2.079110


MeanRateConst/CorrCutOff, 0.109390, 0.900000


MedianRateConst/RMSSCutOff, 0.117987, 0.050000
StandDev/NumberPeptides, 0.012043, 8
TotalIonCurrent, 3.14291e+09
