Peptides, PeptideUnique, RateConstants, Correlations, RootMeanRSS, AbsoluteIsotopeError, Charge, m/z(Sequence), NEH, Abundance, NDP, Rsquared,sigma,CI lower band, CI upper band
LFFDTER, Yes, 0.25971, 0.992328, 0.007486, 0.034812,  2,   464.23217,  10, 131826504.000000, 6.000000, 0.982042, 0.027352, 0.189404, 0.330023
TSYTNLDGR, Yes, 0.20328, 0.991477, 0.011499, 0.038141,  2,   513.74617,  13, 102925752.000000, 6.000000, 0.954509, 0.026965, 0.133966, 0.272598
LEAPcQQWmELR, Yes, 0.22491, 0.995557, 0.009085, 0.030530,  2,   788.86596,  29, 10721044.000000, 6.000000, 0.990341, 0.015675, 0.184616, 0.265204
cPGLLTPSQIKPGTYK, Yes, 0.10619, 0.979658, 0.013621, 0.090545,  2,   880.47420,  24, 1573693.375000, 6.000000, 0.857359, 0.017944, 0.060068, 0.152322
cPGLLTPSQIKPGTYK, Yes, 0.05665, 0.987363, 0.014890, 0.053762,  3,   587.31856,  24, 11985671.000000, 6.000000, 0.611096, 0.013866, 0.021011, 0.092296
LSRLEAPcQQWmELR, Yes, 0.23683, 0.993133, 0.010579, 0.051278,  3,   644.98546,  36, 1028390.500000, 6.000000, 0.981246, 0.022951, 0.177837, 0.295830
FHVPLLLSPWSYTTYR, Yes, 0.12786, 0.981787, 0.010103, 0.028648,  3,   660.68412,  20, 6606732.000000, 6.000000, 0.924690, 0.016650, 0.085063, 0.170664


MeanRateConst/CorrCutOff, 0.210521, 0.900000


MedianRateConst/RMSSCutOff, 0.224910, 0.050000
StandDev/NumberPeptides, 0.020741, 5
TotalIonCurrent, 7.77266e+09
