Peptides, PeptideUnique, RateConstants, Correlations, RootMeanRSS, AbsoluteIsotopeError, Charge, m/z(Sequence), NEH, Abundance, NDP, Rsquared,sigma,CI lower band, CI upper band
FFPANFPNR, Yes, 0.06300, 0.967628, 0.020231, 0.073728,  2,   555.27998,  17, 19964640.000000, 6.000000, 0.806478, 0.009746, 0.037950, 0.088054
LVFPQDLLEK, Yes, 0.32444, 0.997146, 0.005586, 0.031478,  2,   601.34498,  15, 22255016.000000, 6.000000, 0.630323, 0.161812, 0.000000, 0.725141
SSSDMPETITSR, Yes, 0.02874, 0.922870, 0.019772, 0.105316,  2,   655.79827,  24, 10739128.000000, 6.000000, 0.767312, 0.005706, 0.014073, 0.043407
SFEAPIK, Yes, 0.12575, 0.958966, 0.022384, 0.248229,  2,   396.21852,  15, 28820428.000000, 6.000000, 0.734365, 0.027944, 0.053917, 0.197581


MeanRateConst/CorrCutOff, 0.135484, 0.900000


MedianRateConst/RMSSCutOff, 0.125749, 0.050000
StandDev/NumberPeptides, 0.012506, 4
TotalIonCurrent, 2.23714e+09
