Peptides, PeptideUnique, RateConstants, Correlations, RootMeanRSS, AbsoluteIsotopeError, Charge, m/z(Sequence), NEH, Abundance, NDP, Rsquared,sigma,CI lower band, CI upper band
SNVLVFK, Yes, 0.24858, 0.543999, 0.055534, 0.394196,  2,   403.74217,  7, 1949404.875000, 6.000000, -0.064324, 0.210444, 0.000000, 0.980498
LVNPEDVAR, Yes, 5.33985, 0.810905, 0.158307, 0.685964,  2,   506.77472,  19, 2287931.750000, 6.000000, 0.348653, 1813635.125000, 4.049634, 6.630063
FAQVVLQDLDKK, Yes, 0.25591, 0.988232, 0.011230, 0.152930,  3,   468.60128,  19, 867157.187500, 6.000000, 0.971519, 0.032902, 0.171331, 0.340484
FAQVVLQDLDKK, Yes, 0.34192, 0.932655, 0.032893, 0.061914,  2,   702.39828,  19, 421024.406250, 6.000000, 0.502449, 0.212356, 0.000000, 0.889177
SALGEAAGAAGFNVLR, Yes, 0.11136, 0.565847, 0.100836, 0.125226,  2,   752.39934,  40, 41245760.000000, 6.000000, -0.351080, 0.067804, 0.000000, 0.947730


MeanRateConst/CorrCutOff, 0.298916, 0.900000


MedianRateConst/RMSSCutOff, 0.341924, 0.050000
StandDev/NumberPeptides, 0.056976, 2
TotalIonCurrent, 2.20517e+08
