Peptides, PeptideUnique, RateConstants, Correlations, RootMeanRSS, AbsoluteIsotopeError, Charge, m/z(Sequence), NEH, Abundance, NDP, Rsquared,sigma,CI lower band, CI upper band
ENLEFIDVHVK, Yes, 0.17529, 0.957261, 0.020348, 0.026612,  2,   671.85370,  18, 3964611.750000, 6.000000, 0.897242, 0.030645, 0.096520, 0.254069
HNPTSNVLFLGR, Yes, 0.08277, 0.983021, 0.014289, 0.034527,  2,   677.86494,  19, 14706247.000000, 6.000000, 0.926725, 0.008809, 0.060124, 0.105411
FmTEDTTDAPFR, Yes, 0.12321, 0.983168, 0.012585, 0.113024,  2,   723.81393,  20, 4597145.000000, 6.000000, 0.958652, 0.013063, 0.089634, 0.156794
RENLEFIDVHVK, Yes, 0.10995, 0.997362, 0.006913, 0.229290,  3,   500.27193,  21, 4487582.500000, 6.000000, 0.988125, 0.005834, 0.094950, 0.124941
IPELLSVGVVDSMTK, Yes, 0.13902, 0.997554, 0.004665, 0.101389,  2,   794.43675,  21, 4706706.000000, 6.000000, 0.992228, 0.007144, 0.120654, 0.157383
TFHFDSVEDIHSR, Yes, 0.13581, 0.992607, 0.009395, 0.027386,  3,   530.58295,  24, 12396001.000000, 6.000000, 0.975343, 0.011370, 0.106582, 0.165035
IPELLSVGVVDSmTK, Yes, 0.13615, 0.988233, 0.008954, 0.085426,  2,   802.43421,  21, 1562982.000000, 6.000000, 0.982955, 0.009995, 0.110452, 0.161840
MYGADLAPVDFLHASEDAR, Yes, 0.12231, 0.993617, 0.008333, 0.079021,  3,   693.32643,  42, 3481435.750000, 6.000000, 0.985820, 0.008223, 0.101175, 0.143453
FKIEESYTLNSNLGR, Yes, 0.20483, 0.963282, 0.021836, 0.133549,  3,   590.97220,  26, 3461799.000000, 6.000000, 0.875534, 0.044693, 0.089940, 0.319715


MeanRateConst/CorrCutOff, 0.128063, 0.900000


MedianRateConst/RMSSCutOff, 0.135809, 0.050000
StandDev/NumberPeptides, 0.009482, 8
TotalIonCurrent, 2.19301e+09
