Peptides, PeptideUnique, RateConstants, Correlations, RootMeanRSS, AbsoluteIsotopeError, Charge, m/z(Sequence), NEH, Abundance, NDP, Rsquared,sigma,CI lower band, CI upper band
GASGVELWANK, Yes, 0.06479, 0.990100, 0.011139, 0.270886,  2,   566.29328,  22, 9737106.000000, 6.000000, 0.970440, 0.004101, 0.054244, 0.075329
VcGGSVFPAAGAGYK, Yes, 0.09431, 0.988063, 0.012050, 0.128785,  2,   720.85065,  29, 5460639.500000, 6.000000, 0.973196, 0.007078, 0.076110, 0.112500
QQETLFQLLIEEK, Yes, 0.07473, 0.926607, 0.035039, 0.172266,  2,   809.93796,  27, 1379226.625000, 6.000000, 0.648203, 0.024955, 0.010582, 0.138880
VFGEESNEFTNDLGEK, Yes, 0.57795, 0.993417, 0.012556, 0.083074,  2,   907.90759,  30, 2605082.250000, 6.000000, 0.989498, 0.076984, 0.380051, 0.775840
TLADVLVQEVIK, Yes, 0.23033, 0.991628, 0.013044, 0.179156,  2,   664.39521,  18, 5499273.500000, 6.000000, 0.979895, 0.025660, 0.164369, 0.296293


MeanRateConst/CorrCutOff, 0.116038, 0.900000


MedianRateConst/RMSSCutOff, 0.094305, 0.050000
StandDev/NumberPeptides, 0.008618, 4
TotalIonCurrent, 8.55637e+08
