Peptides, PeptideUnique, RateConstants, Correlations, RootMeanRSS, AbsoluteIsotopeError, Charge, m/z(Sequence), NEH, Abundance, NDP, Rsquared,sigma,CI lower band, CI upper band
VKLEAEIATYR, Yes, 0.04772, 0.964164, 0.021082, 0.153589,  2,   646.86406,  22, 4944819.500000, 6.000000, 0.886385, 0.007246, 0.029093, 0.066344
VKLEAEIATYR, Yes, 0.05336, 0.970674, 0.017688, 0.149603,  3,   431.57846,  22, 7606966.500000, 6.000000, 0.912457, 0.006981, 0.035417, 0.071306
TLQTLEIDLDSMK, Yes, 0.04899, 0.969863, 0.011987, 0.183769,  2,   753.88962,  19, 2939323.250000, 6.000000, 0.728157, 0.012577, 0.016662, 0.081323
NQNINLENSLGDVEAR, Yes, 0.06672, 0.981185, 0.016320, 0.066192,  2,   893.43991,  36, 5616387.500000, 6.000000, 0.949424, 0.006788, 0.049271, 0.084168
SVWGGSVGSAGLAGMGGIQTEK, Yes, 0.06199, 0.988806, 0.010340, 0.173706,  2,  1025.00713,  42, 1093620.250000, 6.000000, 0.966890, 0.004862, 0.049494, 0.074493
AQMEQLNGVLLHLESELAQTR, Yes, 0.07952, 0.985784, 0.021266, 0.245019,  3,   794.08114,  49, 411136.500000, 6.000000, 0.582262, 0.027914, 0.007764, 0.151273
NREELDKYWSQQIEESTTVVTTK, Yes, 0.14388, 0.978453, 0.011285, 0.108825,  4,   696.84761,  41, 1109177.250000, 6.000000, 0.933009, 0.019261, 0.094367, 0.193393
VRPASSAASVYAGAGGSGSR, Yes, 0.06934, 0.992676, 0.021276, 0.061266,  3,   603.30636,  52, 15349684.000000, 6.000000, 0.616423, 0.015888, 0.028497, 0.110178
AQIFANSVDNAR, Yes, 0.05841, 0.980739, 0.014363, 0.070186,  2,   653.33092,  29, 36748996.000000, 6.000000, 0.960554, 0.004504, 0.046834, 0.069992
NHEEEVQGLEAQIASSGLTVEVDAPK, Yes, 0.02940, 0.925709, 0.011884, 0.102272,  3,   917.45415,  62, 1640212.750000, 5.000000, 0.754166, 0.004655, 0.016479, 0.042328


MeanRateConst/CorrCutOff, 0.060757, 0.900000


MedianRateConst/RMSSCutOff, 0.058413, 0.050000
StandDev/NumberPeptides, 0.007733, 8
TotalIonCurrent, 2.57165e+09
