Peptides, PeptideUnique, RateConstants, Correlations, RootMeanRSS, AbsoluteIsotopeError, Charge, m/z(Sequence), NEH, Abundance, NDP, Rsquared,sigma,CI lower band, CI upper band
LYAVVTK, Yes, 0.15231, 0.714057, 0.027196, 0.081913,  2,   397.24454,  6, 952261.000000, 6.000000, 0.014978, 0.074918, 0.000000, 0.778828
GSLLDFLK, No, 0.33092, 0.966982, 0.013156, 0.076684,  2,   446.76056,  9, 3590468.750000, 3.000000, 0.852534, 0.112952, 0.000000, 1.013741
QLLAPGNSAGAFLIR, Yes, 0.17901, 0.986388, 0.014875, 0.179326,  2,   764.43572,  33, 592988.625000, 6.000000, 0.987170, 0.013742, 0.143680, 0.214331
TNADVmSALSQGYR, Yes, 0.32085, 0.964672, 0.031523, 0.096710,  2,   764.85665,  29, 615838.187500, 6.000000, 0.847577, 0.093863, 0.079569, 0.562132
VNTLETEEWFFK, Yes, 0.36094, 0.967544, 0.015530, 0.059670,  2,   771.87738,  16, 665073.562500, 6.000000, 0.903469, 0.091813, 0.124924, 0.596947
RKDNLNDDEVDSK, Yes, 0.38052, 0.998900, 0.004632, 0.063126,  3,   516.58138,  23, 415329.968750, 6.000000, 0.992824, 0.029710, 0.304144, 0.456890
GSFSLSVR, Yes, 0.09681, 0.899050, 0.033630, 0.052211,  2,   426.73234,  14, 1256543.625000, 6.000000, 0.471049, 0.027930, 0.025015, 0.168606


MeanRateConst/CorrCutOff, 0.310327, 0.900000


MedianRateConst/RMSSCutOff, 0.360936, 0.050000
StandDev/NumberPeptides, 0.031257, 4
TotalIonCurrent, 1.48921e+08
