Peptides, PeptideUnique, RateConstants, Correlations, RootMeanRSS, AbsoluteIsotopeError, Charge, m/z(Sequence), NEH, Abundance, NDP, Rsquared,sigma,CI lower band, CI upper band
EVLDIAAGmIK, Yes, 0.08682, 0.946900, 0.023048, 0.130718,  2,   588.32065,  20, 2810994.500000, 6.000000, 0.824358, 0.014060, 0.050676, 0.122962
LGIQGSYFcSQEcFK, Yes, 0.13558, 0.976407, 0.014760, 0.126458,  2,   912.40820,  27, 3308623.500000, 6.000000, 0.924510, 0.019758, 0.084794, 0.186373
NGYHGDLNETFFVGDVDEGAR, Yes, 0.15975, 0.961598, 0.028486, 0.079706,  3,   771.34533,  38, 2556010.750000, 6.000000, 0.678853, 0.053602, 0.021959, 0.297537
EVcSWTVEGDVNTDPWAGYR, Yes, 0.20501, 0.978648, 0.012947, 0.111816,  2,  1171.01314,  34, 300687.218750, 6.000000, 0.938091, 0.031494, 0.124051, 0.285965
SGHVFTIEPMIcEGGWQDETWPDGWTAVTR, Yes, 0.06646, 0.931750, 0.014439, 0.049890,  3,  1154.85546,  53, 133507.437500, 5.000000, 0.559624, 0.023514, 0.001172, 0.131743


MeanRateConst/CorrCutOff, 0.112152, 0.900000


MedianRateConst/RMSSCutOff, 0.135584, 0.050000
StandDev/NumberPeptides, 0.021868, 4
TotalIonCurrent, 4.39958e+08
