Peptides, PeptideUnique, RateConstants, Correlations, RootMeanRSS, AbsoluteIsotopeError, Charge, m/z(Sequence), NEH, Abundance, NDP, Rsquared,sigma,CI lower band, CI upper band
NWVLFSLSEK, Yes, 0.66400, 0.992067, 0.013154, 0.058972,  2,   611.82696,  13, 3181018.000000, 6.000000, 0.904565, 0.266187, 0.340485, 0.987506
DIAYLGITDVR, Yes, 1.23376, 0.995568, 0.007645, 0.032973,  2,   618.33515,  17, 6549786.000000, 6.000000, 0.985252, 0.648467, 0.876683, 1.590841
VEGSFEDLTGNR, Yes, 0.57767, 0.985296, 0.025141, 0.106443,  2,   662.31241,  23, 17140002.000000, 6.000000, 0.901285, 0.204926, 0.050895, 1.104454
ALcSEFQGSVATPR, Yes, 0.39104, 0.952983, 0.042554, 0.134703,  2,   761.86957,  32, 8326850.500000, 6.000000, 0.758939, 0.157005, 0.036073, 0.746007
AEFDTSEIDSEIAALR, Yes, 0.94964, 0.999214, 0.006065, 0.036239,  2,   883.92577,  39, 3090866.250000, 6.000000, 0.994428, 0.168982, 0.515259, 1.384022
GDRAEFDTSEIDSEIAALR, Yes, 0.07747, 0.936136, 0.027203, 0.319582,  3,   699.00278,  46, 567877.750000, 6.000000, 0.821043, 0.012741, 0.044717, 0.110220


MeanRateConst/CorrCutOff, 0.645588, 0.900000


MedianRateConst/RMSSCutOff, 0.577675, 0.050000
StandDev/NumberPeptides, 0.191172, 4
TotalIonCurrent, 1.57576e+09
