Peptides, PeptideUnique, RateConstants, Correlations, RootMeanRSS, AbsoluteIsotopeError, Charge, m/z(Sequence), NEH, Abundance, NDP, Rsquared,sigma,CI lower band, CI upper band
ILLWDTR, Yes, 0.09165, 0.982297, 0.006685, 0.079187,  2,   458.76617,  7, 5635797.500000, 6.000000, 0.949857, 0.009344, 0.067632, 0.115669
NAScTLSSAVHSQGVTR, Yes, 0.65299, 0.948497, 0.047452, 0.332399,  2,   887.92868,  36, 94715.500000, 5.000000, 0.209227, 0.758842, 0.000000, 1.336022
YEHDDIVSTVTVLSSGTQAVSGSK, Yes, 0.06984, 0.926431, 0.020410, 0.152767,  3,   827.40989,  41, 1185274.250000, 6.000000, 0.879110, 0.010896, 0.041827, 0.097846
NAScTLSSAVHSQGVTR, Yes, 0.05242, 0.950114, 0.016951, 0.171999,  3,   592.28821,  36, 7217654.500000, 6.000000, 0.881363, 0.005985, 0.037033, 0.067804


MeanRateConst/CorrCutOff, 0.216723, 0.900000


MedianRateConst/RMSSCutOff, 0.091651, 0.050000
StandDev/NumberPeptides, 0.010893, 4
TotalIonCurrent, 3.43798e+08
