Peptides, PeptideUnique, RateConstants, Correlations, RootMeanRSS, AbsoluteIsotopeError, Charge, m/z(Sequence), NEH, Abundance, NDP, Rsquared,sigma,CI lower band, CI upper band
mEVPSSVTEYK, Yes, 0.07435, 0.976895, 0.012636, 0.373842,  2,   643.30266,  19, 1571060.125000, 6.000000, 0.946580, 0.006637, 0.057289, 0.091409
ESVGGDTEAMASALR, Yes, 0.13847, 0.997333, 0.007660, 0.082814,  2,   747.34865,  37, 5101242.000000, 6.000000, 0.993644, 0.006121, 0.122732, 0.154200
ESVGGDTEAmASALR, Yes, 0.08326, 0.905470, 0.042842, 0.167574,  2,   755.34611,  37, 1128493.625000, 6.000000, 0.855483, 0.015139, 0.044346, 0.122178
VFPLScVVQQYAWGK, Yes, 0.13964, 0.963064, 0.018104, 0.053488,  2,   891.45582,  24, 3509203.750000, 6.000000, 0.749078, 0.034596, 0.050704, 0.228570
TLGQWIAENPDcLGSK, Yes, 0.84046, 0.992962, 0.010126, 0.599601,  2,   894.93289,  29, 2918510.250000, 6.000000, 0.985962, 0.198258, 0.330827, 1.350102
ISQQVFDGNNMEDIYGK, Yes, 0.18648, 0.990307, 0.010406, 0.254850,  2,   979.45164,  31, 3113892.750000, 6.000000, 0.979786, 0.016747, 0.143430, 0.229531
KVPEFQLLIGDDATAQLK, Yes, 0.18632, 0.986664, 0.013108, 0.154595,  3,   662.70172,  33, 1781575.875000, 6.000000, 0.972438, 0.021262, 0.131668, 0.240980
FIDVPTLcEMLNYTPSPSNNR, Yes, 0.04533, 0.948891, 0.014395, 0.165465,  2,  1234.58286,  34, 252166.843750, 6.000000, 0.596358, 0.010262, 0.018950, 0.071711
FIDVPTLcEMLNYTPSPSNNR, Yes, 0.05501, 0.981729, 0.007938, 0.192179,  3,   823.39100,  34, 375969.218750, 6.000000, 0.965882, 0.004009, 0.044705, 0.065314
KVVVEQLNLLVK, Yes, 0.16610, 0.984835, 0.011814, 0.080156,  3,   461.29742,  14, 2420761.750000, 6.000000, 0.978728, 0.015892, 0.125251, 0.206955


MeanRateConst/CorrCutOff, 0.119440, 0.900000


MedianRateConst/RMSSCutOff, 0.138466, 0.050000
StandDev/NumberPeptides, 0.009724, 9
TotalIonCurrent, 1.05495e+09
