Peptides, PeptideUnique, RateConstants, Correlations, RootMeanRSS, AbsoluteIsotopeError, Charge, m/z(Sequence), NEH, Abundance, NDP, Rsquared,sigma,CI lower band, CI upper band
DIELVMSQANVSR, Yes, 0.23447, 0.990860, 0.012712, 0.040708,  2,   731.37193,  28, 8148240.500000, 6.000000, 0.978302, 0.025570, 0.168739, 0.300200
SPASDTYIVFGEAK, Yes, 0.25422, 0.994709, 0.009962, 0.016205,  2,   742.86701,  26, 32264166.000000, 6.000000, 0.981619, 0.025706, 0.188137, 0.320295
NILFVITKPDVYK, Yes, 0.18900, 0.989743, 0.007786, 0.053686,  2,   775.45305,  12, 18650490.000000, 6.000000, 0.923766, 0.030882, 0.109612, 0.268382
NILFVITKPDVYK, Yes, 0.08173, 0.972410, 0.009169, 0.036410,  3,   517.30446,  12, 9334261.000000, 6.000000, 0.930600, 0.008650, 0.059494, 0.103964
IEDLSQQAQLAAAEK, Yes, 0.30749, 0.998169, 0.006741, 0.018872,  2,   807.92029,  42, 20134168.000000, 6.000000, 0.996111, 0.016383, 0.265378, 0.349607
NNSNDIVNAIMELTM, Yes, 0.14467, 0.994215, 0.008396, 0.024430,  2,   839.89236,  25, 639741.562500, 6.000000, 0.977700, 0.011769, 0.114412, 0.174920
SKNILFVITKPDVYK, Yes, 0.27460, 0.936597, 0.019347, 0.057175,  3,   589.01346,  15, 2057091.875000, 6.000000, 0.792562, 0.100461, 0.016355, 0.532843
SKNILFVITKPDVYK, Yes, 0.15328, 0.982880, 0.009370, 0.096611,  4,   442.01191,  15, 809838.562500, 6.000000, 0.979732, 0.014112, 0.117008, 0.189562
IEDLSQQAQLAAAEK, Yes, 0.23230, 0.962243, 0.027762, 0.136961,  3,   538.94928,  42, 1704255.875000, 6.000000, 0.963213, 0.032046, 0.149921, 0.314673


MeanRateConst/CorrCutOff, 0.211790, 0.900000


MedianRateConst/RMSSCutOff, 0.232297, 0.050000
StandDev/NumberPeptides, 0.022773, 7
TotalIonCurrent, 4.46497e+09
