Peptides, PeptideUnique, RateConstants, Correlations, RootMeanRSS, AbsoluteIsotopeError, Charge, m/z(Sequence), NEH, Abundance, NDP, Rsquared,sigma,CI lower band, CI upper band
GLVGEIIK, No, 0.13701, 0.992120, 0.008759, 0.042289,  2,   414.76310,  11, 451977280.000000, 5.000000, 0.972705, 0.015149, 0.094949, 0.179072
FEQKGFR, No, 0.15298, 0.980162, 0.017357, 0.088999,  2,   456.24032,  14, 5121951.500000, 5.000000, 0.971025, 0.020863, 0.095057, 0.210907
GLVGEIIKR, No, 0.10452, 0.996004, 0.008684, 0.025468,  2,   492.81365,  15, 179594096.000000, 5.000000, 0.979189, 0.008653, 0.080500, 0.128549
GDFcIQVGR, No, 0.09316, 0.997008, 0.006939, 0.042008,  2,   526.25312,  16, 15361757.000000, 5.000000, 0.987136, 0.006348, 0.075531, 0.110781
TFIAIKPDGVQR, No, 0.12553, 0.992227, 0.012808, 0.022179,  3,   448.92599,  21, 780364160.000000, 5.000000, 0.962499, 0.014757, 0.084560, 0.166506
TFIAIKPDGVQR, No, 0.11769, 0.987392, 0.014693, 0.033062,  2,   672.88534,  21, 156683968.000000, 5.000000, 0.950304, 0.015426, 0.074865, 0.160525
VmLGETNPADSKPGTIR, No, 0.13209, 0.991396, 0.013121, 0.025471,  2,   901.45927,  31, 111410512.000000, 5.000000, 0.963857, 0.015690, 0.088532, 0.175654
VmLGETNPADSKPGTIR, No, 0.13688, 0.991534, 0.013119, 0.020785,  3,   601.30861,  31, 1590334080.000000, 5.000000, 0.964224, 0.016444, 0.091221, 0.182534


MeanRateConst/CorrCutOff, 0.129531, 0.900000


MedianRateConst/RMSSCutOff, 0.132093, 0.050000
StandDev/NumberPeptides, 0.014384, 7
TotalIonCurrent, 7.84317e+10
