Peptides, PeptideUnique, RateConstants, Correlations, RootMeanRSS, AbsoluteIsotopeError, Charge, m/z(Sequence), NEH, Abundance, NDP, Rsquared,sigma,CI lower band, CI upper band
IGTLVGEDK, Yes, 0.14637, 0.994796, 0.007550, 0.031203,  2,   466.25838,  12, 100346064.000000, 6.000000, 0.987875, 0.009605, 0.121680, 0.171062
GVQQVTGHGGLR, Yes, 0.12239, 0.993292, 0.011161, 0.029828,  3,   403.55467,  24, 16361984.000000, 6.000000, 0.991077, 0.005787, 0.107513, 0.137265
IGTLVGEDKYGNK, Yes, 0.17117, 0.994036, 0.007780, 0.039533,  3,   465.24890,  17, 53836164.000000, 6.000000, 0.986931, 0.012427, 0.139230, 0.203118
YYEDNKQFFGR, Yes, 0.12545, 0.995361, 0.007586, 0.038117,  3,   489.56148,  19, 35234360.000000, 6.000000, 0.981264, 0.008528, 0.103526, 0.147367


MeanRateConst/CorrCutOff, 0.141345, 0.900000


MedianRateConst/RMSSCutOff, 0.146371, 0.050000
StandDev/NumberPeptides, 0.008427, 4
TotalIonCurrent, 4.63302e+09
