Peptides, PeptideUnique, RateConstants, Correlations, RootMeanRSS, AbsoluteIsotopeError, Charge, m/z(Sequence), NEH, Abundance, NDP, Rsquared,sigma,CI lower band, CI upper band
LTILYTK, Yes, 0.10569, 0.968694, 0.005007, 0.042995,  2,   426.26547,  3, 61500348.000000, 6.000000, 0.857757, 0.020822, 0.052164, 0.159215
YTEQITNEK, Yes, 0.11164, 0.999495, 0.002284, 0.039113,  2,   563.27475,  16, 10223730.000000, 6.000000, 0.996460, 0.003340, 0.103057, 0.120229
KYTEQITNEK, Yes, 0.15723, 0.993592, 0.008337, 0.051966,  2,   627.32223,  16, 5868249.500000, 6.000000, 0.983322, 0.011620, 0.127366, 0.187104
TTGLVGLAVcDTPHER, Yes, 0.10163, 0.992752, 0.008261, 0.028647,  3,   575.95781,  27, 1938410.875000, 6.000000, 0.982042, 0.006308, 0.085418, 0.117851
YTEQITNEKLDmVK, Yes, 0.12685, 0.994613, 0.006843, 0.084293,  2,   864.42964,  20, 5029418.500000, 6.000000, 0.986160, 0.008407, 0.105243, 0.148467
YTEQITNEKLDmVK, Yes, 0.15105, 0.997229, 0.004822, 0.034578,  3,   576.62218,  20, 19920742.000000, 6.000000, 0.993402, 0.007321, 0.132235, 0.169874
KYTEQITNEKLDmVK, Yes, 0.13428, 0.993567, 0.006599, 0.046678,  3,   619.32050,  21, 20532268.000000, 6.000000, 0.986003, 0.008920, 0.111354, 0.157214
KLEALLQGGEVEEVILQAEK, Yes, 0.13787, 0.998526, 0.004149, 0.029877,  3,   732.74223,  45, 9108439.000000, 6.000000, 0.996327, 0.004775, 0.125594, 0.150145


MeanRateConst/CorrCutOff, 0.128283, 0.900000


MedianRateConst/RMSSCutOff, 0.134284, 0.050000
StandDev/NumberPeptides, 0.006843, 8
TotalIonCurrent, 4.69149e+09
