Peptides, PeptideUnique, RateConstants, Correlations, RootMeanRSS, AbsoluteIsotopeError, Charge, m/z(Sequence), NEH, Abundance, NDP, Rsquared,sigma,CI lower band, CI upper band
HIEVLIDK, Yes, 0.41668, 0.993464, 0.010488, 0.077111,  2,   483.78456,  12, 27105594.000000, 6.000000, 0.950566, 0.084894, 0.198449, 0.634906
WVINPSGGLISK, Yes, 0.13604, 0.982192, 0.026557, 0.043494,  2,   635.86133,  17, 18671186.000000, 6.000000, 0.676266, 0.036357, 0.042582, 0.229500
YGLSAHPITPQMFGYAGK, Yes, 0.43627, 0.993327, 0.014239, 0.070553,  3,   646.65746,  33, 5331014.000000, 6.000000, 0.941961, 0.097841, 0.184764, 0.687779
GHPLGATGLAQcAELcWQLR, Yes, 0.04001, 0.829404, 0.040433, 0.043892,  3,   746.70173,  44, 566970.437500, 5.000000, 0.345298, 0.017073, 0.000000, 0.480894
AVEIVAQEMMTDLPSTFEEK, Yes, 0.47809, 0.990113, 0.014611, 0.034140,  2,  1134.54233,  41, 611990.187500, 6.000000, 0.946207, 0.111068, 0.192585, 0.763603
HSVNNTYSQFQDEYSLEEVmK, Yes, 0.29790, 0.931671, 0.021747, 0.122801,  3,   855.37970,  40, 420454.968750, 6.000000, 0.447773, 0.152194, 0.000000, 0.755322
IGGIFAFK, Yes, 0.05786, 0.917969, 0.017190, 0.138112,  2,   426.75254,  11, 1689573.500000, 6.000000, 0.429532, 0.013326, 0.023599, 0.092112
VFVVGVGmTK, Yes, 0.14823, 0.979081, 0.008129, 0.251762,  2,   526.79410,  8, 5160988.500000, 6.000000, 0.719838, 0.037791, 0.051087, 0.245378
YGLSAHPITPQMFGYAGK, Yes, 0.06532, 0.810505, 0.038090, 0.245897,  2,   969.48255,  33, 381926.031250, 5.000000, 0.466868, 0.022614, 0.002529, 0.128102
AVEIVAQEMMTDLPSTFEEK, Yes, 0.13077, 0.949896, 0.032577, 0.498082,  3,   756.69731,  41, 280157.218750, 5.000000, 0.609149, 0.051478, 0.000000, 1.214574
VALQHNLGLGGAVVVTLYR, Yes, 0.42138, 0.984996, 0.016496, 0.223721,  3,   660.71782,  31, 914323.437500, 6.000000, 0.939768, 0.094595, 0.178215, 0.664545


MeanRateConst/CorrCutOff, 0.280358, 0.900000


MedianRateConst/RMSSCutOff, 0.297897, 0.050000
StandDev/NumberPeptides, 0.045784, 9
TotalIonCurrent, 2.14274e+09
