Peptides, PeptideUnique, RateConstants, Correlations, RootMeanRSS, AbsoluteIsotopeError, Charge, m/z(Sequence), NEH, Abundance, NDP, Rsquared,sigma,CI lower band, CI upper band
GLQEFLDR, Yes, 0.06380, 0.984538, 0.011088, 0.061742,  2,   489.25617,  16, 1138229.000000, 6.000000, 0.957658, 0.005015, 0.050907, 0.076687
PNTLTLVHVR, Yes, 0.02942, 0.864540, 0.031489, 0.114689,  3,   383.89614,  13, 749723.562500, 6.000000, 0.039324, 0.021600, 0.000000, 0.997675
LLEVYDQLFK, Yes, 0.03726, 0.844059, 0.033021, 0.262130,  2,   634.35026,  13, 1324190.375000, 6.000000, 0.236126, 0.027430, 0.000000, 1.045905
ELNDSVALSSSDR, Yes, 0.06327, 0.932798, 0.042538, 0.023031,  2,   696.83369,  29, 1101045.375000, 6.000000, 0.185752, 0.015323, 0.023880, 0.102660
NSQFSGGPLGNPNTTAR, Yes, 0.09453, 0.979657, 0.031929, 0.194197,  2,   859.41626,  34, 1206442.375000, 6.000000, 0.303027, 0.038277, 0.000000, 0.724463
VASVSQNAIVSAAGNIAR, Yes, 0.00000, -2.000000, 0.132122, 0.131707,  2,   864.47356,  44, 851247.812500, 6.000000, -0.036820, 0.013026, 0.000000, 1.824142
HLLVSNVGGDGEEIER, Yes, 0.00000, -2.000000, 0.158216, 0.152958,  3,   575.29183,  34, 1974053.875000, 4.000000, -0.000093, 0.031288, 0.000000, 2.394059
HGEPEEDVVGLQTFQER, Yes, 0.09152, 0.966931, 0.020158, 0.107563,  3,   657.31319,  40, 448084.750000, 5.000000, 0.940050, 0.011912, 0.058444, 0.124590
LYFSTcPFR, Yes, 0.01377, 0.876539, 0.026007, 0.172248,  2,   595.78679,  12, 535891.937500, 6.000000, 0.493653, 0.006903, 0.000000, 1.297634


MeanRateConst/CorrCutOff, 0.078277, 0.900000


MedianRateConst/RMSSCutOff, 0.091517, 0.050000
StandDev/NumberPeptides, 0.010674, 4
TotalIonCurrent, 2.32952e+08
