Peptides, PeptideUnique, RateConstants, Correlations, RootMeanRSS, AbsoluteIsotopeError, Charge, m/z(Sequence), NEH, Abundance, NDP, Rsquared,sigma,CI lower band, CI upper band
YGLPGVAQLR, Yes, 0.17202, 0.982062, 0.019345, 0.043809,  2,   537.30874,  20, 36425652.000000, 6.000000, 0.937962, 0.023807, 0.110818, 0.233214
FLVPIESIER, Yes, 0.23380, 0.970666, 0.023773, 0.044582,  2,   601.84260,  20, 41185872.000000, 6.000000, 0.877050, 0.051937, 0.100294, 0.367313
NHVAVPTHFFK, Yes, 0.14425, 0.975803, 0.014764, 0.053284,  3,   432.89978,  16, 58410036.000000, 6.000000, 0.732889, 0.033734, 0.057537, 0.230967
NHVAVPTHFFK, Yes, 0.06390, 0.981412, 0.014469, 0.121827,  2,   648.84603,  16, 9636632.000000, 6.000000, 0.820640, 0.009539, 0.039375, 0.088415
SRESYVLSYDPR, Yes, 0.18256, 0.956055, 0.033565, 0.052893,  3,   491.24404,  25, 8492336.000000, 6.000000, 0.805991, 0.044195, 0.068950, 0.296165
VLILEAAGGQIELR, Yes, 0.38085, 0.996062, 0.011472, 0.072440,  2,   741.43792,  31, 3936538.250000, 6.000000, 0.988028, 0.037975, 0.283236, 0.478473
TYQNVYVcTGPLFLPR, Yes, 0.14648, 0.984286, 0.019108, 0.032988,  2,   964.49038,  22, 4336215.000000, 6.000000, 0.746587, 0.037336, 0.050501, 0.242451
TYQNVYVcTGPLFLPR, Yes, 0.09055, 0.953053, 0.022071, 0.073200,  3,   643.32935,  22, 1972224.875000, 6.000000, 0.590065, 0.024674, 0.027125, 0.153979
SYVMPNAPVDETIPLER, Yes, 0.24371, 0.986824, 0.015965, 0.028155,  2,   965.98257,  33, 13217471.000000, 6.000000, 0.937616, 0.040917, 0.138526, 0.348888
SAcDFREDDSVHAYHR, Yes, 0.29019, 0.988860, 0.017329, 0.037117,  3,   655.61498,  38, 3722958.750000, 6.000000, 0.957692, 0.044875, 0.174831, 0.405539


MeanRateConst/CorrCutOff, 0.187135, 0.900000


MedianRateConst/RMSSCutOff, 0.182557, 0.050000
StandDev/NumberPeptides, 0.036418, 6
TotalIonCurrent, 6.34448e+09
