Peptides, PeptideUnique, RateConstants, Correlations, RootMeanRSS, AbsoluteIsotopeError, Charge, m/z(Sequence), NEH, Abundance, NDP, Rsquared,sigma,CI lower band, CI upper band
FGLGPEPPR, Yes, 0.10743, 0.975117, 0.034052, 0.070603,  2,   485.26126,  20, 55172428.000000, 6.000000, 0.796450, 0.019923, 0.056216, 0.158645
LENFASLSALYR, Yes, 0.21170, 0.988421, 0.014154, 0.114321,  2,   692.36696,  25, 4941260.500000, 6.000000, 0.956349, 0.028206, 0.139199, 0.284211
FDTTFFLccLR, Yes, 0.14943, 0.977441, 0.012998, 0.045567,  2,   740.34161,  11, 5664028.500000, 6.000000, 0.819222, 0.040920, 0.044245, 0.254620
RLENFASLSALYR, Yes, 0.23964, 0.990735, 0.016692, 0.057028,  3,   513.94744,  28, 9413134.000000, 6.000000, 0.945971, 0.037229, 0.143939, 0.335341
EAFEEAGVLLLRPR, Yes, 0.25362, 0.992802, 0.016517, 0.042725,  3,   533.96661,  34, 14209732.000000, 6.000000, 0.956846, 0.036631, 0.159456, 0.347780
RFDTTFFLccLR, Yes, 0.10281, 0.959292, 0.013915, 0.076762,  3,   545.93053,  14, 4276297.500000, 6.000000, 0.801018, 0.023518, 0.042356, 0.163268
DAAPASQEPSQALSPPAGLAEWR, Yes, 0.21868, 0.987559, 0.014910, 0.100353,  2,  1175.07710,  66, 960454.750000, 6.000000, 0.963396, 0.027440, 0.148148, 0.289220
DAAPASQEPSQALSPPAGLAEWR, Yes, 0.23466, 0.908379, 0.044877, 0.066177,  3,   783.72049,  66, 2796808.250000, 6.000000, -0.068721, 0.183129, 0.000000, 0.977303
VVIHSPYVYEIYMTLPSENK, Yes, 0.25709, 0.981835, 0.011406, 0.105365,  3,   794.73984,  30, 4599287.000000, 6.000000, 0.940818, 0.044091, 0.143748, 0.370426
FLPGAHVFPGGVLDAADSSPDWVR, Yes, 0.31171, 0.995956, 0.008363, 0.040462,  3,   837.42029,  46, 9599301.000000, 6.000000, 0.976453, 0.038081, 0.213820, 0.409602
EAFEEAGVLLLRPR, Yes, 0.05302, 0.973424, 0.019728, 0.117166,  2,   800.44628,  34, 8040302.000000, 6.000000, 0.570162, 0.010710, 0.025486, 0.080547


MeanRateConst/CorrCutOff, 0.220441, 0.900000


MedianRateConst/RMSSCutOff, 0.234662, 0.050000
StandDev/NumberPeptides, 0.035282, 9
TotalIonCurrent, 5.71637e+09
