Peptides, PeptideUnique, RateConstants, Correlations, RootMeanRSS, AbsoluteIsotopeError, Charge, m/z(Sequence), NEH, Abundance, NDP, Rsquared,sigma,CI lower band, CI upper band
VTTTVHNIIVGK, Yes, 0.06814, 0.955530, 0.014387, 0.104663,  2,   641.37990,  11, 3050141.500000, 6.000000, 0.800603, 0.010346, 0.041545, 0.094735
KVTTTVHNIIVGK, Yes, 0.10796, 0.983930, 0.009263, 0.109354,  3,   470.62068,  12, 4581703.000000, 6.000000, 0.753428, 0.021378, 0.053006, 0.162914
VHFALLGTWDEK, Yes, 0.31565, 0.964555, 0.026034, 0.150294,  3,   472.58211,  17, 716626.500000, 4.000000, 0.872797, 0.113521, 0.000000, 0.648499
IRLEETLEQLAK, Yes, 0.34078, 0.985358, 0.018092, 0.108338,  3,   481.61194,  26, 1838439.625000, 6.000000, 0.946024, 0.065433, 0.172583, 0.508986
VEDLSTcNDLIAK, Yes, 0.29588, 0.993529, 0.009275, 0.018441,  2,   739.36377,  21, 4561566.000000, 6.000000, 0.986179, 0.028952, 0.221460, 0.370305
LTEDLEYHELLDR, Yes, 0.37008, 0.992409, 0.013612, 0.101936,  2,   823.40702,  24, 1567200.750000, 6.000000, 0.950612, 0.070621, 0.188547, 0.551621
LTEDLEYHELLDR, Yes, 0.55140, 0.993073, 0.010234, 0.070863,  3,   549.27377,  24, 5816086.000000, 6.000000, 0.975230, 0.101172, 0.291325, 0.811465
SLSELESLKLPAESNEK, Yes, 0.27550, 0.911727, 0.057249, 0.204031,  2,   937.49126,  38, 584249.750000, 6.000000, -0.099207, 0.260038, 0.000000, 1.086007
IPMPVNFNEPLSMLQR, No, 0.12224, 0.970887, 0.019347, 0.020348,  2,   943.48677,  30, 1625992.750000, 6.000000, 0.844699, 0.022718, 0.063846, 0.180643
TSKPFNPLLGETFELDR, Yes, 0.14211, 0.988492, 0.024910, 0.095983,  3,   655.34230,  28, 1634129.500000, 6.000000, 0.685427, 0.038551, 0.043010, 0.241208
ITSNAMINAcR, No, 0.09512, 0.380918, 0.082734, 0.130071,  2,   625.80263,  22, 6304760.000000, 6.000000, -0.858769, 0.062539, 0.000000, 1.035356
DFLMLAQTHSK, Yes, 0.06764, 0.763458, 0.036286, 0.110153,  2,   645.82918,  18, 3285154.500000, 6.000000, -0.462250, 0.026247, 0.000172, 0.135113


MeanRateConst/CorrCutOff, 0.220357, 0.900000


MedianRateConst/RMSSCutOff, 0.295883, 0.050000
StandDev/NumberPeptides, 0.027954, 8
TotalIonCurrent, 1.29952e+09
