Peptides, PeptideUnique, RateConstants, Correlations, RootMeanRSS, AbsoluteIsotopeError, Charge, m/z(Sequence), NEH, Abundance, NDP, Rsquared,sigma,CI lower band, CI upper band
TEFLGFFYK, Yes, 1.68520, 0.970734, 0.018700, 0.054546,  2,   576.29223,  8, 1075015.125000, 6.000000, 0.874771, 8.291821, 1.252156, 2.118253
AESDGSLLLESK, No, 0.43198, 0.985862, 0.025701, 0.044829,  2,   624.81952,  26, 4412665.000000, 6.000000, 0.915325, 0.115907, 0.134036, 0.729932
FKEVIPISDPELK, Yes, 0.48739, 0.966625, 0.020307, 0.071011,  3,   505.62033,  22, 2261867.000000, 6.000000, 0.933343, 0.143894, 0.117500, 0.857281
TLVDPENMLATANK, Yes, 0.25485, 0.913137, 0.038512, 0.035313,  2,   758.88741,  24, 1279872.250000, 6.000000, 0.643255, 0.114368, 0.000000, 0.733485


MeanRateConst/CorrCutOff, 0.714856, 0.900000


MedianRateConst/RMSSCutOff, 0.487390, 0.050000
StandDev/NumberPeptides, 0.163656, 4
TotalIonCurrent, 3.3669e+08
