Peptides, PeptideUnique, RateConstants, Correlations, RootMeanRSS, AbsoluteIsotopeError, Charge, m/z(Sequence), NEH, Abundance, NDP, Rsquared,sigma,CI lower band, CI upper band
VAVWTILAAGR, Yes, 5.13847, 0.974610, 0.049886, 0.355542,  2,   578.84549,  20, 2483670.250000, 6.000000, 0.820947, 344413.750000, 4.525046, 5.751901
KGELFDYLTEK, Yes, 0.08508, 0.949135, 0.021903, 0.113231,  2,   671.84808,  15, 2767974.500000, 6.000000, 0.796532, 0.017149, 0.041000, 0.129167
ELcGTPGYLAPEILK, Yes, 0.11120, 0.995757, 0.006755, 0.129048,  2,   830.93436,  26, 1055670.250000, 6.000000, 0.990816, 0.005549, 0.096937, 0.125467
LTAEQALQHPFFER, Yes, 0.41668, 0.968612, 0.021617, 0.179314,  3,   562.95812,  34, 3619411.250000, 6.000000, 0.982899, 0.056030, 0.272650, 0.560709
LSDFGFScHLEAGEK, Yes, 0.10652, 0.990920, 0.009903, 0.208499,  3,   566.25937,  30, 2044227.125000, 6.000000, 0.978409, 0.007717, 0.086685, 0.126357
TLDVGPEDELPDWAAAK, Yes, 0.17284, 0.996330, 0.007200, 0.160993,  2,   913.94398,  35, 880840.375000, 6.000000, 0.991288, 0.010272, 0.146430, 0.199240
AALFQHQPPR, Yes, 0.14362, 0.966984, 0.030203, 0.574761,  3,   388.88060,  28, 5771603.000000, 6.000000, 0.851740, 0.032829, 0.059230, 0.228010
LSLEQLEEVR, Yes, 0.09234, 0.993719, 0.010118, 0.115717,  2,   608.33259,  24, 4330675.500000, 6.000000, 0.981746, 0.005760, 0.077532, 0.107143


MeanRateConst/CorrCutOff, 0.098786, 0.900000


MedianRateConst/RMSSCutOff, 0.106521, 0.050000
StandDev/NumberPeptides, 0.007384, 4
TotalIonCurrent, 9.24926e+08
