Peptides, PeptideUnique, RateConstants, Correlations, RootMeanRSS, AbsoluteIsotopeError, Charge, m/z(Sequence), NEH, Abundance, NDP, Rsquared,sigma,CI lower band, CI upper band
ENYPHVR, Yes, 4.85676, 0.872121, 0.060082, 0.924397,  2,   457.72758,  15, 11354858.000000, 6.000000, 0.605955, 226462.718750, 4.084497, 5.629015
VGQMVISGVDR, Yes, 0.43737, 0.979791, 0.020732, 0.134308,  2,   580.80826,  19, 1224039.000000, 6.000000, 0.915051, 0.120004, 0.128888, 0.745851
SAmTSGVQSVmGSR, Yes, 0.47816, 0.982134, 0.030248, 0.185261,  2,   715.32414,  29, 1387359.375000, 6.000000, 0.882843, 0.157364, 0.073642, 0.882678
TLTTAAVSTAQPILSK, Yes, 0.28786, 0.990295, 0.016826, 0.071498,  2,   801.45907,  27, 2670563.000000, 6.000000, 0.939099, 0.051902, 0.154436, 0.421275
LQESLPILQQPTEK, Yes, 0.32292, 0.992240, 0.016849, 0.122164,  2,   812.45123,  31, 2131654.750000, 6.000000, 0.951590, 0.055962, 0.179068, 0.466777
VTGAVDVTLGAVQNSVDK, Yes, 0.36724, 0.986458, 0.012616, 0.167528,  2,   886.97309,  28, 408798.125000, 6.000000, 0.982855, 0.042479, 0.258044, 0.476436
SAmTSGVQSVMGSR, Yes, 0.10286, 0.971187, 0.019783, 0.264841,  2,   707.32668,  29, 562133.812500, 6.000000, 0.854675, 0.016941, 0.059313, 0.146411


MeanRateConst/CorrCutOff, 0.378710, 0.900000


MedianRateConst/RMSSCutOff, 0.367240, 0.050000
StandDev/NumberPeptides, 0.066344, 5
TotalIonCurrent, 7.83289e+08
