Peptides, PeptideUnique, RateConstants, Correlations, RootMeanRSS, AbsoluteIsotopeError, Charge, m/z(Sequence), NEH, Abundance, NDP, Rsquared,sigma,CI lower band, CI upper band
ALYAVFSR, Yes, 0.11156, 0.936534, 0.026472, 0.111871,  2,   463.75834,  15, 3824185.250000, 6.000000, 0.723916, 0.026028, 0.044656, 0.178468
SFVASNDER, Yes, 0.29322, 0.964614, 0.036350, 0.035038,  2,   512.73834,  21, 3775669.750000, 6.000000, 0.803400, 0.089531, 0.063069, 0.523363
AEETGHWLWSR, Yes, 0.42741, 0.986096, 0.020200, 0.100351,  3,   457.88619,  23, 1930156.250000, 5.000000, 0.939474, 0.115123, 0.107778, 0.747043
VTLNDVPcEVTK, Yes, 0.10769, 0.928564, 0.032825, 0.052930,  2,   687.85032,  15, 2417110.000000, 6.000000, 0.499450, 0.037352, 0.011677, 0.203709
ITVAGQNcAFEPR, Yes, 0.12202, 0.955093, 0.031728, 0.149833,  2,   731.85900,  29, 1293304.375000, 6.000000, 0.727719, 0.030661, 0.043200, 0.200834
DSQDPYcGWcVIEGR, Yes, 0.52007, 0.977417, 0.020828, 0.093554,  2,   921.38272,  29, 429745.281250, 6.000000, 0.776314, 0.270949, 0.096191, 0.943940
EAFEAYSDHTTFK, Yes, 0.70418, 0.970453, 0.023195, 0.155147,  2,   773.34644,  25, 1477465.500000, 5.000000, 0.919611, 0.323140, 0.000000, 11.691529


MeanRateConst/CorrCutOff, 0.158622, 0.900000


MedianRateConst/RMSSCutOff, 0.122017, 0.050000
StandDev/NumberPeptides, 0.036705, 4
TotalIonCurrent, 4.25027e+08
