Peptides, PeptideUnique, RateConstants, Correlations, RootMeanRSS, AbsoluteIsotopeError, Charge, m/z(Sequence), NEH, Abundance, NDP, Rsquared,sigma,CI lower band, CI upper band
ILLMDLNK, Yes, 0.33690, 0.976695, 0.014025, 0.081755,  2,   480.28333,  8, 34037424.000000, 6.000000, 0.777756, 0.116817, 0.036614, 0.637187
LLIGTVFHK, Yes, 0.36790, 0.975058, 0.014855, 0.041569,  2,   514.31858,  8, 81192864.000000, 6.000000, 0.717507, 0.147396, 0.012775, 0.723021
ILLMDLNKK, Yes, 0.28837, 0.958679, 0.015356, 0.076378,  2,   544.33081,  8, 28854984.000000, 6.000000, 0.162266, 0.222356, 0.000000, 0.965724
ILLmDLNKK, Yes, 4.86797, 0.960143, 0.080468, 0.142497,  2,   552.32827,  8, 7714708.000000, 6.000000, 0.186919, 448769.343750, 3.530737, 6.205207
IQNILSEDPK, Yes, 4.85107, 0.931834, 0.034512, 0.031590,  2,   578.81404,  20, 149877056.000000, 6.000000, 0.929269, 77116.906250, 4.413055, 5.289082
YVYIAELLAHK, Yes, 0.55476, 0.998445, 0.006968, 0.046618,  3,   440.58344,  18, 38478072.000000, 6.000000, 0.978322, 0.094052, 0.312990, 0.796526
EVTPVELPNcNLVK, Yes, 0.50005, 0.992290, 0.015449, 0.038867,  2,   806.42417,  22, 44489984.000000, 6.000000, 0.956776, 0.108323, 0.221592, 0.778498
IFFYDAENPPGSEVLR, Yes, 0.59396, 0.996942, 0.012234, 0.031108,  2,   927.45705,  32, 46785872.000000, 6.000000, 0.963197, 0.136992, 0.241806, 0.946106
GIETGAEDLEILPNGLTFFSTGLK, Yes, 0.00000, -2.000000, 0.209106, 0.126686,  3,   841.43900,  39, 202708.406250, 6.000000, -3.318313, 0.035930, 0.000000, 3.288926


MeanRateConst/CorrCutOff, 0.440322, 0.900000


MedianRateConst/RMSSCutOff, 0.500045, 0.050000
StandDev/NumberPeptides, 0.127643, 6
TotalIonCurrent, 1.41456e+10
