Peptides, PeptideUnique, RateConstants, Correlations, RootMeanRSS, AbsoluteIsotopeError, Charge, m/z(Sequence), NEH, Abundance, NDP, Rsquared,sigma,CI lower band, CI upper band
QSLAIESDGK, Yes, 0.27627, 0.997553, 0.008386, 0.021510,  2,   524.26947,  23, 10516930.000000, 6.000000, 0.991552, 0.019878, 0.225172, 0.327370
KQWDQYVK, Yes, 0.32945, 0.994395, 0.009767, 0.050544,  2,   547.78509,  11, 2352539.750000, 6.000000, 0.985805, 0.036559, 0.235472, 0.423429
QSLAIESDGKK, Yes, 0.19972, 0.992535, 0.014551, 0.044452,  3,   392.54706,  23, 5318270.500000, 6.000000, 0.968967, 0.022136, 0.142819, 0.256623
LLDQPSGLYEYK, Yes, 0.33382, 0.995683, 0.009960, 0.030964,  2,   713.36664,  20, 26350040.000000, 6.000000, 0.989318, 0.031945, 0.251703, 0.415940


MeanRateConst/CorrCutOff, 0.284816, 0.900000


MedianRateConst/RMSSCutOff, 0.329451, 0.050000
StandDev/NumberPeptides, 0.025951, 4
TotalIonCurrent, 1.32399e+09
