Peptides, PeptideUnique, RateConstants, Correlations, RootMeanRSS, AbsoluteIsotopeError, Charge, m/z(Sequence), NEH, Abundance, NDP, Rsquared,sigma,CI lower band, CI upper band
GLFIIDAK, Yes, 0.04905, 0.906956, 0.020868, 0.077876,  2,   438.76310,  11, 5858859.500000, 6.000000, 0.615457, 0.011169, 0.020341, 0.077762
SLSQNYGVLK, Yes, 0.49874, 0.921033, 0.036892, 0.298880,  2,   554.80348,  15, 3710176.000000, 6.000000, 0.426725, 0.361282, 0.017546, 0.979943
QITVNDLPVGR, Yes, 0.03364, 0.983297, 0.010526, 0.177365,  2,   606.34077,  18, 3519723.000000, 6.000000, 0.790343, 0.005980, 0.018264, 0.049008
SAPDFTATAVVDGAFK, Yes, 0.13722, 0.948148, 0.035783, 0.135212,  2,   798.89885,  29, 1607437.125000, 6.000000, 0.757543, 0.035429, 0.046150, 0.228298
EGGLGPLNIPLLADVTK, Yes, 0.09454, 0.985017, 0.012084, 0.046579,  2,   853.98799,  27, 1090104.750000, 6.000000, 0.958580, 0.008323, 0.073149, 0.115937
KEGGLGPLNIPLLADVTK, Yes, 0.04941, 0.951805, 0.014497, 0.111327,  3,   612.35940,  28, 1673124.125000, 6.000000, 0.894316, 0.004831, 0.036991, 0.061830


MeanRateConst/CorrCutOff, 0.056660, 0.900000


MedianRateConst/RMSSCutOff, 0.049411, 0.050000
StandDev/NumberPeptides, 0.006851, 4
TotalIonCurrent, 5.20293e+08
