Peptides, PeptideUnique, RateConstants, Correlations, RootMeanRSS, AbsoluteIsotopeError, Charge, m/z(Sequence), NEH, Abundance, NDP, Rsquared,sigma,CI lower band, CI upper band
LTLEmQR, Yes, 0.35504, 0.978332, 0.016790, 0.031151,  2,   453.73929,  13, 6005724.500000, 6.000000, 0.932042, 0.080215, 0.148837, 0.561233
YVPYGPVMEVLPYLSR, Yes, 0.00000, -2.000000, 0.054770, 0.271570,  2,   941.99222,  25, 1048055.000000, 6.000000, -0.070494, 0.012114, 0.000000, 1.833407
LmIDAEQSYFQPAISR, Yes, 0.14613, 0.903118, 0.033712, 0.159253,  2,   942.96164,  37, 1294299.375000, 6.000000, 0.556508, 0.042918, 0.035806, 0.256453
LTALGRPQFLLQFSDVLTR, Yes, 0.21059, 0.986405, 0.012031, 0.044946,  3,   725.74767,  32, 615335.250000, 6.000000, 0.958570, 0.027262, 0.140512, 0.280672
FNVDKPFIFNTFQcYLK, Yes, 0.00000, -2.000000, 0.071035, 0.281512,  3,   727.69944,  18, 1965389.500000, 6.000000, -3.757810, 0.021624, 0.000000, 2.623607


MeanRateConst/CorrCutOff, 0.237252, 0.900000


MedianRateConst/RMSSCutOff, 0.210592, 0.050000
StandDev/NumberPeptides, 0.041409, 3
TotalIonCurrent, 3.08598e+08
