Peptides, PeptideUnique, RateConstants, Correlations, RootMeanRSS, AbsoluteIsotopeError, Charge, m/z(Sequence), NEH, Abundance, NDP, Rsquared,sigma,CI lower band, CI upper band
FIASTGmDR, Yes, 0.11194, 0.959274, 0.029582, 0.069751,  2,   507.23967,  16, 6095605.500000, 6.000000, 0.748235, 0.024444, 0.049110, 0.174780
STEQILATLK, Yes, 0.25456, 0.989683, 0.015675, 0.044754,  2,   552.31896,  17, 6939366.500000, 6.000000, 0.939787, 0.042959, 0.144127, 0.364988
TLQLDNNFEVK, Yes, 0.36825, 0.995322, 0.007174, 0.067398,  2,   660.84334,  16, 4618663.000000, 6.000000, 0.982080, 0.044203, 0.254619, 0.481872
ILTGGADKNVVVFDK, Yes, 0.38879, 0.993575, 0.008466, 0.075458,  3,   525.96288,  18, 2819495.000000, 6.000000, 0.987606, 0.042957, 0.278361, 0.499212
TVPEELVKPEELSK, Yes, 0.22385, 0.995324, 0.009808, 0.031900,  3,   533.29428,  27, 3920044.000000, 6.000000, 0.979231, 0.022042, 0.167188, 0.280508
ALQDEWDAVmLHSFTLR, Yes, 0.14727, 0.978131, 0.012620, 0.112328,  3,   683.33505,  32, 732402.437500, 6.000000, 0.982877, 0.010454, 0.120395, 0.174138
VAHPIRPKPPSATSIPAILK, Yes, 0.19539, 0.968858, 0.022204, 0.029793,  4,   524.07029,  41, 3028631.750000, 6.000000, 0.866941, 0.040504, 0.091268, 0.299503
KVTSVVFHPSQELVFSASPDATIR, Yes, 0.20927, 0.983960, 0.009467, 0.140045,  3,   872.46578,  45, 584863.312500, 6.000000, 0.993514, 0.011543, 0.179599, 0.238944
ALQDEWDAVMLHSFTLR, Yes, 0.33681, 0.994454, 0.007728, 0.127595,  3,   678.00341,  32, 1038030.437500, 6.000000, 0.985942, 0.033944, 0.249554, 0.424064
NVVVFDK, Yes, 2.19302, 0.961067, 0.048437, 0.426292,  2,   410.73181,  6, 7788907.500000, 6.000000, 0.530683, 100.810249, 1.541595, 2.844448


MeanRateConst/CorrCutOff, 0.248457, 0.900000


MedianRateConst/RMSSCutOff, 0.223848, 0.050000
StandDev/NumberPeptides, 0.022965, 9
TotalIonCurrent, 1.45464e+09
