Peptides, PeptideUnique, RateConstants, Correlations, RootMeanRSS, AbsoluteIsotopeError, Charge, m/z(Sequence), NEH, Abundance, NDP, Rsquared,sigma,CI lower band, CI upper band
VDILDPALLR, Yes, 0.11313, 0.975172, 0.015515, 0.208170,  2,   562.83732,  17, 2686473.250000, 6.000000, 0.940465, 0.013708, 0.077891, 0.148366
QTYFLPVIGLVDAEK, Yes, 0.11196, 0.848249, 0.031148, 0.132486,  2,   846.96399,  23, 685636.312500, 6.000000, 0.165125, 0.042718, 0.002147, 0.221769
DSYLILETLPTEYDSR, Yes, 0.17546, 0.990754, 0.014581, 0.181783,  2,   957.97018,  26, 268367.937500, 5.000000, 0.569303, 0.064919, 0.000000, 0.745164
EKAPSIIFIDELDAIGTK, Yes, 0.23166, 0.966815, 0.023373, 0.087786,  3,   654.02608,  33, 571587.312500, 6.000000, 0.849370, 0.055546, 0.088874, 0.374444


MeanRateConst/CorrCutOff, 0.173414, 0.900000


MedianRateConst/RMSSCutOff, 0.175456, 0.050000
StandDev/NumberPeptides, 0.028207, 3
TotalIonCurrent, 8.83832e+07
