Peptides, PeptideUnique, RateConstants, Correlations, RootMeanRSS, AbsoluteIsotopeError, Charge, m/z(Sequence), NEH, Abundance, NDP, Rsquared,sigma,CI lower band, CI upper band
VVGVLLGSWQK, Yes, 0.09357, 0.973239, 0.013042, 0.047308,  2,   593.35315,  14, 29712360.000000, 6.000000, 0.933913, 0.011696, 0.063507, 0.123639
SVVALHNLINNK, Yes, 0.08902, 0.973036, 0.017153, 0.050278,  2,   661.38296,  19, 42183936.000000, 6.000000, 0.901432, 0.011342, 0.059866, 0.118176
DIKDTTVGTLSQR, Yes, 0.03898, 0.980689, 0.009081, 0.129434,  2,   717.38337,  19, 104376968.000000, 6.000000, 0.806783, 0.005515, 0.024799, 0.053152
TNDQmVVVYLASLIR, Yes, 0.18046, 0.984747, 0.011420, 0.038046,  3,   579.97831,  23, 984606.437500, 6.000000, 0.954326, 0.023328, 0.120492, 0.240426
VVVHPLVLLSVVDHFNR, Yes, 0.13994, 0.983403, 0.011308, 0.040193,  4,   486.53610,  23, 15446927.000000, 6.000000, 0.937905, 0.018169, 0.093239, 0.186649
VVVHPLVLLSVVDHFNR, Yes, 0.00000, -2.000000, 0.128428, 0.912248,  3,   648.37904,  23, 33503224.000000, 6.000000, -3.025802, 0.027667, 0.000000, 2.956319
TFEHVTSEIGAEEAEEVGVEHLLR, Yes, 0.19547, 0.999322, 0.002606, 0.044645,  4,   671.08178,  56, 4892318.000000, 6.000000, 0.997888, 0.006075, 0.179850, 0.211082
SVVALHNLINNK, Yes, 0.08467, 0.976883, 0.014390, 0.069107,  3,   441.25773,  19, 30101524.000000, 6.000000, 0.931136, 0.008957, 0.061647, 0.107699
YcPNSVLVIIDVKPK, Yes, 0.02618, 0.910564, 0.021932, 0.438905,  2,   872.98694,  18, 463133.187500, 5.000000, 0.123908, 0.016511, 0.000000, 1.510866


MeanRateConst/CorrCutOff, 0.106036, 0.900000


MedianRateConst/RMSSCutOff, 0.093573, 0.050000
StandDev/NumberPeptides, 0.010130, 8
TotalIonCurrent, 7.90863e+09
