Peptides, PeptideUnique, RateConstants, Correlations, RootMeanRSS, AbsoluteIsotopeError, Charge, m/z(Sequence), NEH, Abundance, NDP, Rsquared,sigma,CI lower band, CI upper band
LVALLDTLDR, Yes, 0.17179, 0.994502, 0.007647, 0.035559,  2,   564.83478,  14, 12093109.000000, 6.000000, 0.985530, 0.013565, 0.136918, 0.206659
VDDQVAIVFK, Yes, 0.15079, 0.991807, 0.008815, 0.099800,  2,   567.31370,  15, 8625220.000000, 6.000000, 0.977222, 0.013491, 0.116109, 0.185466
WIDETPPVDQPSR, Yes, 0.06876, 0.981452, 0.014358, 0.068701,  2,   770.37554,  27, 16417279.000000, 6.000000, 0.944173, 0.006274, 0.052633, 0.084888
IDYGTGHEAAFAAFLccLcK, Yes, 0.10491, 0.980125, 0.015890, 0.131242,  3,   768.67972,  37, 847040.812500, 6.000000, 0.884906, 0.018483, 0.057400, 0.152424
TGPFAEHSNQLWNISAVPSWSK, Yes, 0.08813, 0.988732, 0.008071, 0.018363,  3,   819.40463,  43, 3193451.250000, 6.000000, 0.978509, 0.005883, 0.073008, 0.103256
FPVIQHFK, Yes, 0.03225, 0.955970, 0.009032, 0.125103,  2,   508.28982,  12, 44392496.000000, 6.000000, 0.809210, 0.005922, 0.017031, 0.047475


MeanRateConst/CorrCutOff, 0.102772, 0.900000


MedianRateConst/RMSSCutOff, 0.104912, 0.050000
StandDev/NumberPeptides, 0.008569, 6
TotalIonCurrent, 2.3605e+09
