Peptides, PeptideUnique, RateConstants, Correlations, RootMeanRSS, AbsoluteIsotopeError, Charge, m/z(Sequence), NEH, Abundance, NDP, Rsquared,sigma,CI lower band, CI upper band
SFTPDHVVYAR, Yes, 0.03177, 0.944388, 0.015762, 0.376485,  2,   646.32512,  19, 1020084.312500, 6.000000, 0.626979, 0.004915, 0.019135, 0.044405
ATEEPSGTGSDELIK, Yes, 0.20554, 0.966261, 0.028672, 0.080103,  2,   767.36757,  32, 3190774.000000, 6.000000, 0.750301, 0.063454, 0.042430, 0.368657
SDQVNGVLVLSLLDK, Yes, 0.11372, 0.962381, 0.020775, 0.216870,  2,   800.45125,  21, 234842.703125, 6.000000, 0.753081, 0.027899, 0.042007, 0.185442
QAEMEGAVQSIQGELSK, Yes, 0.05926, 0.942898, 0.025070, 0.034026,  2,   902.94090,  44, 398636.093750, 6.000000, 0.785874, 0.008895, 0.036393, 0.082126
QAEmEGAVQSIQGELSK, Yes, 0.10243, 0.977938, 0.021568, 0.083415,  2,   910.93836,  44, 761291.062500, 6.000000, 0.924689, 0.013712, 0.067185, 0.137679
ATEmVEVGPEDDEVGAER, Yes, 0.11359, 0.960711, 0.028716, 0.252077,  2,   974.92566,  44, 490793.500000, 6.000000, 0.826390, 0.024660, 0.050199, 0.176981
IIGAVDQIQLTQAQLEER, Yes, 0.07268, 0.974488, 0.015608, 0.203149,  2,  1013.05237,  44, 1324839.375000, 6.000000, 0.945763, 0.007441, 0.053554, 0.091810
IIGAVDQIQLTQAQLEER, Yes, 0.01816, 0.750507, 0.112823, 0.581879,  3,   675.70401,  44, 939160.375000, 5.000000, 0.314777, 0.014401, 0.000000, 4.109335


MeanRateConst/CorrCutOff, 0.100607, 0.900000


MedianRateConst/RMSSCutOff, 0.102432, 0.050000
StandDev/NumberPeptides, 0.014099, 4
TotalIonCurrent, 3.34332e+08
