Peptides, PeptideUnique, RateConstants, Correlations, RootMeanRSS, AbsoluteIsotopeError, Charge, m/z(Sequence), NEH, Abundance, NDP, Rsquared,sigma,CI lower band, CI upper band
FIEDELQIPVK, Yes, 0.24860, 0.987305, 0.014295, 0.037870,  2,   665.86628,  20, 12117138.000000, 6.000000, 0.977432, 0.030325, 0.170646, 0.326550
VVDLLAQDADIVcR, Yes, 0.09931, 0.990887, 0.021344, 0.170826,  2,   793.91398,  26, 664927.875000, 5.000000, 0.736323, 0.028951, 0.018931, 0.179693
VGIGAFPTEQDNEIGELLQTR, Yes, 0.03446, 0.846443, 0.021445, 0.161018,  2,  1144.08187,  44, 460209.093750, 6.000000, 0.168924, 0.010971, 0.006260, 0.062665
TLPGWNTDISNAR, Yes, 0.55420, 0.977985, 0.027389, 0.123688,  2,   722.86259,  22, 1659213.375000, 6.000000, 0.829057, 0.242561, 0.188977, 0.919429


MeanRateConst/CorrCutOff, 0.300704, 0.900000


MedianRateConst/RMSSCutOff, 0.248598, 0.050000
StandDev/NumberPeptides, 0.041876, 3
TotalIonCurrent, 5.02785e+08
