Peptides, PeptideUnique, RateConstants, Correlations, RootMeanRSS, AbsoluteIsotopeError, Charge, m/z(Sequence), NEH, Abundance, NDP, Rsquared,sigma,CI lower band, CI upper band
NLAENISR, No, 0.33154, 0.747109, 0.085804, 0.046160,  2,   458.74595,  19, 295377408.000000, 6.000000, 0.694919, 0.183009, 0.000000, 0.687046
HLHFTLVK, No, 0.06057, 0.989552, 0.004925, 0.040413,  2,   497.79527,  8, 91119248.000000, 6.000000, 0.956848, 0.005086, 0.047493, 0.073641
WPVSMFEK, Yes, 0.05615, 0.983820, 0.006714, 0.147061,  2,   512.25204,  11, 1241364.625000, 6.000000, 0.955613, 0.004381, 0.044891, 0.067414
VIFLENYR, No, 0.09005, 0.996054, 0.004584, 0.018101,  2,   527.29001,  12, 712314624.000000, 6.000000, 0.985703, 0.004838, 0.077618, 0.102490
INPASMFDVHVK, Yes, 0.01786, 0.486186, 0.040424, 0.160211,  3,   453.23594,  19, 2309000.750000, 6.000000, -0.193415, 0.010791, 0.000000, 1.462829
LLSLVDDEAFIR, Yes, 0.15582, 0.971229, 0.018462, 0.055958,  2,   695.88246,  21, 1718238.750000, 6.000000, 0.915275, 0.024375, 0.093167, 0.218482
VLYPNDNFFEGK, No, 0.26397, 0.981101, 0.015973, 0.035924,  2,   721.85116,  17, 573767296.000000, 6.000000, 0.896370, 0.058406, 0.113837, 0.414110
QAVDQISSGFFSPK, Yes, 0.11782, 0.967833, 0.021927, 0.042177,  2,   755.88046,  29, 1548214.500000, 6.000000, 0.898213, 0.017311, 0.073316, 0.162317
INPASmFDVHVKR, Yes, 0.03949, 0.932149, 0.025458, 0.090056,  4,   383.20278,  23, 1685847.000000, 5.000000, 0.449445, 0.014392, 0.000000, 1.272344
HLDHVAALFPGDVDR, Yes, 0.11457, 0.980402, 0.017116, 0.137252,  3,   554.61800,  30, 1769980.000000, 6.000000, 0.935872, 0.013074, 0.080962, 0.148178


MeanRateConst/CorrCutOff, 0.079775, 0.900000


MedianRateConst/RMSSCutOff, 0.090054, 0.050000
StandDev/NumberPeptides, 0.007183, 6
TotalIonCurrent, 4.83001e+10
