Peptides, PeptideUnique, RateConstants, Correlations, RootMeanRSS, AbsoluteIsotopeError, Charge, m/z(Sequence), NEH, Abundance, NDP, Rsquared,sigma,CI lower band, CI upper band
ATFQDSNMLEVR, Yes, 0.08534, 0.965218, 0.026610, 0.158251,  2,   705.83773,  24, 1108866.500000, 6.000000, 0.763243, 0.017820, 0.039530, 0.131147
TSVDAAADYVEGVR, Yes, 0.26905, 0.950002, 0.047207, 0.035449,  2,   726.85190,  30, 2976267.750000, 6.000000, 0.861934, 0.097617, 0.018116, 0.519980
QTQLTTDGLPLGINLGK, Yes, 0.14145, 0.996355, 0.006146, 0.198231,  2,   884.99381,  24, 925522.625000, 6.000000, 0.986801, 0.009151, 0.117932, 0.164978
ATFQDSNmLEVR, Yes, 0.55240, 0.989825, 0.015461, 1.002256,  2,   713.83519,  24, 1191357.750000, 6.000000, 0.899481, 0.191993, 0.058865, 1.045931
GFNTVTDAIGVDHR, Yes, 0.55220, 0.990312, 0.010788, 0.267214,  3,   501.25132,  22, 3188443.750000, 6.000000, 0.985529, 0.078772, 0.349713, 0.754695


MeanRateConst/CorrCutOff, 0.320089, 0.900000


MedianRateConst/RMSSCutOff, 0.269048, 0.050000
StandDev/NumberPeptides, 0.025834, 5
TotalIonCurrent, 4.1384e+08
