Peptides, PeptideUnique, RateConstants, Correlations, RootMeanRSS, AbsoluteIsotopeError, Charge, m/z(Sequence), NEH, Abundance, NDP, Rsquared,sigma,CI lower band, CI upper band
TLTPSYYR, Yes, 0.11201, 0.955937, 0.014922, 0.044257,  2,   500.75854,  10, 19991356.000000, 6.000000, 0.650239, 0.025165, 0.047320, 0.176696
VKTISVDGNK, Yes, 0.48115, 0.961522, 0.044977, 0.016342,  2,   530.80349,  11, 376990432.000000, 6.000000, 0.797643, 0.310406, 0.081344, 0.880948
ILIIGESGVGK, Yes, 0.23638, 0.988320, 0.016424, 0.038547,  2,   543.33188,  17, 16334077.000000, 6.000000, 0.932290, 0.040113, 0.133270, 0.339497
NDIVNmLVGNK, Yes, 0.94102, 0.976775, 0.017534, 0.062167,  2,   616.81881,  14, 4562046.000000, 6.000000, 0.896302, 0.675042, 0.000000, 10.439009
LAIWDTAGQER, Yes, 0.24038, 0.988740, 0.019221, 0.015913,  2,   630.32257,  25, 7470594.000000, 6.000000, 0.944108, 0.037905, 0.142939, 0.337815
IIQTPGLWESENQNK, Yes, 0.49881, 0.992168, 0.017410, 0.037832,  2,   878.94684,  30, 2470182.250000, 6.000000, 0.934890, 0.129970, 0.164708, 0.832906
TcDGVQcAFEELVEK, Yes, 0.25242, 0.977040, 0.017273, 0.034006,  2,   892.89512,  29, 1190220.500000, 6.000000, 0.947801, 0.043825, 0.139769, 0.365079


MeanRateConst/CorrCutOff, 0.303524, 0.900000


MedianRateConst/RMSSCutOff, 0.252424, 0.050000
StandDev/NumberPeptides, 0.048083, 6
TotalIonCurrent, 6.50429e+09
