Peptides, PeptideUnique, RateConstants, Correlations, RootMeanRSS, AbsoluteIsotopeError, Charge, m/z(Sequence), NEH, Abundance, NDP, Rsquared,sigma,CI lower band, CI upper band
IEYDcELVPR, Yes, 4.43167, 0.976265, 0.024206, 0.136723,  2,   647.31081,  20, 1296980.875000, 6.000000, 0.929059, 20718.556641, 3.968464, 4.894886
AAGAAAIITEPEHTK, Yes, 0.27638, 0.984716, 0.025470, 0.100731,  2,   740.39371,  38, 505396.625000, 6.000000, 0.927776, 0.053046, 0.140021, 0.412738
LGHAEQKDEmVPR, Yes, 0.28993, 0.993442, 0.015475, 0.065897,  3,   509.25243,  31, 683426.000000, 6.000000, 0.963719, 0.041792, 0.182502, 0.397359
DVAcGANHTLVLDSQK, Yes, 4.85975, 0.836289, 0.068395, 0.293094,  3,   576.61756,  29, 171817.312500, 6.000000, 0.582195, 189480.953125, 4.229976, 5.489516
LIEALSHEAIVLAAcGR, Yes, 0.22261, 0.982985, 0.015409, 0.171307,  3,   608.33296,  40, 358797.875000, 6.000000, 0.974770, 0.023982, 0.160958, 0.284255
DVAcGANHTLVLDSQKR, Yes, 0.07016, 0.738038, 0.049710, 0.106457,  3,   628.65126,  33, 961355.312500, 6.000000, 0.023974, 0.027984, 0.000000, 0.865518
NHTLALTDTGSVFAFGENK, Yes, 0.40158, 0.997039, 0.005889, 0.075375,  3,   674.66909,  30, 715428.687500, 6.000000, 0.991704, 0.034573, 0.312704, 0.490451


MeanRateConst/CorrCutOff, 0.297623, 0.900000


MedianRateConst/RMSSCutOff, 0.289931, 0.050000
StandDev/NumberPeptides, 0.035273, 4
TotalIonCurrent, 2.02268e+08
