Peptides, PeptideUnique, RateConstants, Correlations, RootMeanRSS, AbsoluteIsotopeError, Charge, m/z(Sequence), NEH, Abundance, NDP, Rsquared,sigma,CI lower band, CI upper band
IEGVYAR, Yes, 0.08037, 0.997484, 0.005159, 0.038624,  2,   404.22159,  15, 136967088.000000, 6.000000, 0.991829, 0.003208, 0.072119, 0.088612
EHTALLK, Yes, 0.07187, 0.988668, 0.009512, 0.049111,  2,   406.23724,  12, 5505220.500000, 6.000000, 0.967589, 0.005708, 0.057198, 0.086541
VmLYPSR, Yes, 0.03586, 0.975319, 0.009723, 0.068061,  2,   441.23111,  11, 59965668.000000, 6.000000, 0.922683, 0.003893, 0.025852, 0.045868
DETEFYLGK, Yes, 0.16418, 0.985083, 0.012981, 0.054932,  2,   551.25857,  13, 15073331.000000, 6.000000, 0.967871, 0.019370, 0.114392, 0.213975
NNTVTPGGKPNK, Yes, 0.04170, 0.982806, 0.008462, 0.046269,  2,   613.82802,  17, 8761188.000000, 6.000000, 0.954851, 0.003200, 0.033475, 0.049925
DETEFYLGKR, Yes, 0.10271, 0.995827, 0.006925, 0.050091,  2,   629.30913,  17, 82923568.000000, 6.000000, 0.986796, 0.006011, 0.087256, 0.118161
DETEFYLGKR, Yes, 0.09529, 0.998421, 0.003743, 0.076079,  3,   419.87518,  17, 30180354.000000, 6.000000, 0.993374, 0.003688, 0.085814, 0.104775


MeanRateConst/CorrCutOff, 0.071300, 0.900000


MedianRateConst/RMSSCutOff, 0.080365, 0.050000
StandDev/NumberPeptides, 0.004017, 6
TotalIonCurrent, 9.07052e+09
