Peptides, PeptideUnique, RateConstants, Correlations, RootMeanRSS, AbsoluteIsotopeError, Charge, m/z(Sequence), NEH, Abundance, NDP, Rsquared,sigma,CI lower band, CI upper band
YKVDFIEEK, Yes, 0.05281, 0.923261, 0.021275, 0.143863,  2,   585.80568,  13, 2985192.250000, 4.000000, 0.689921, 0.019662, 0.000000, 0.765489
VALEIFQHNK, Yes, 0.05772, 0.971356, 0.023685, 0.070803,  3,   400.22414,  19, 3355268.750000, 4.000000, 0.912683, 0.013633, 0.014332, 0.101106
DLPFETLDVDAR, Yes, 0.25845, 0.998512, 0.006986, 0.073181,  2,   695.84608,  21, 2481069.500000, 4.000000, 0.990152, 0.031304, 0.158828, 0.358076
AFKDDYVVSLVR, Yes, 0.08858, 0.982814, 0.017041, 0.076735,  3,   471.25752,  17, 3443816.750000, 4.000000, 0.948487, 0.019992, 0.024952, 0.152199
IGDFIDVSEGPLIPR, Yes, 0.06723, 0.984815, 0.015549, 0.029125,  2,   814.43814,  27, 2055767.875000, 4.000000, 0.958097, 0.010987, 0.032267, 0.102198


MeanRateConst/CorrCutOff, 0.066585, 0.900000


MedianRateConst/RMSSCutOff, 0.067232, 0.050000
StandDev/NumberPeptides, 0.015080, 4
TotalIonCurrent, 2.88576e+08
