Peptides, PeptideUnique, RateConstants, Correlations, RootMeanRSS, AbsoluteIsotopeError, Charge, m/z(Sequence), NEH, Abundance, NDP, Rsquared,sigma,CI lower band, CI upper band
EELGDYLQPK, Yes, 5.34616, 0.935665, 0.116886, 1.463026,  2,   596.29822,  20, 11408871.000000, 6.000000, 0.478080, 1367008.750000, 4.270794, 6.421526
ALLLTGDFVQAGK, Yes, 0.08568, 0.986711, 0.011200, 0.097547,  2,   666.87973,  21, 3736065.750000, 6.000000, 0.964604, 0.006795, 0.068216, 0.103149
ILATLSENNMEAK, Yes, 0.08688, 0.971994, 0.018702, 0.069333,  2,   717.36884,  26, 7353755.000000, 6.000000, 0.782845, 0.016571, 0.044278, 0.129473
ALTPLQEEmAGLLQQIEVER, Yes, 0.05583, 0.950009, 0.016864, 0.106073,  3,   762.06661,  49, 543524.750000, 5.000000, 0.899308, 0.008738, 0.031566, 0.080090
EKLGDQDVWMLPQVEWQPGETLR, Yes, 0.07505, 0.963267, 0.008298, 0.199638,  3,   918.79004,  45, 360385.906250, 4.000000, 0.964741, 0.006042, 0.055820, 0.094276


MeanRateConst/CorrCutOff, 0.075859, 0.900000


MedianRateConst/RMSSCutOff, 0.085683, 0.050000
StandDev/NumberPeptides, 0.008206, 4
TotalIonCurrent, 1.40609e+09
