Peptides, PeptideUnique, RateConstants, Correlations, RootMeanRSS, AbsoluteIsotopeError, Charge, m/z(Sequence), NEH, Abundance, NDP, Rsquared,sigma,CI lower band, CI upper band
NLLLLGK, Yes, 0.10112, 0.993745, 0.003935, 0.040437,  2,   385.76035,  6, 81688336.000000, 6.000000, 0.961879, 0.008988, 0.078012, 0.124221
IANAYVIK, Yes, 0.10558, 0.980889, 0.013411, 0.038795,  2,   446.26854,  13, 123205480.000000, 6.000000, 0.937441, 0.011657, 0.075619, 0.135548
LAAFWLVK, Yes, 0.09904, 0.973819, 0.011717, 0.042976,  2,   474.28928,  10, 52025348.000000, 6.000000, 0.899620, 0.012838, 0.066034, 0.132037
LYQLLIQYK, Yes, 0.20628, 0.990223, 0.010684, 0.029768,  2,   591.35006,  12, 39809784.000000, 6.000000, 0.976225, 0.023845, 0.144982, 0.267572
ESEDGELLWR, Yes, 0.17748, 0.999416, 0.004788, 0.061357,  2,   617.29093,  23, 45120788.000000, 6.000000, 0.995703, 0.007179, 0.159026, 0.195934
AEEVDPNFYSK, Yes, 0.16672, 0.998309, 0.005950, 0.036532,  2,   649.79859,  22, 109927624.000000, 6.000000, 0.992194, 0.008780, 0.144153, 0.189292
KVLVYEALDYAK, Yes, 0.17618, 0.986941, 0.017314, 0.091472,  2,   706.39519,  18, 3689178.750000, 6.000000, 0.755664, 0.054265, 0.036687, 0.315672
VLFANPPSSTYEEALR, Yes, 0.13347, 0.996784, 0.008410, 0.052027,  2,   897.45704,  34, 69498456.000000, 6.000000, 0.985240, 0.008357, 0.111990, 0.154955
WYAIcISDVGDYEGIK, Yes, 0.17955, 0.996363, 0.005485, 0.087035,  2,   944.94292,  25, 3250719.750000, 6.000000, 0.991805, 0.010392, 0.152841, 0.206269
VEEILAQADYLYESGETEK, Yes, 0.17442, 0.998409, 0.006388, 0.041321,  2,  1094.02059,  42, 8203301.500000, 6.000000, 0.990593, 0.010157, 0.148308, 0.200529
VEEILAQADYLYESGETEK, Yes, 0.10324, 0.946443, 0.025400, 0.104888,  3,   729.68282,  42, 6503488.500000, 6.000000, 0.579481, 0.028603, 0.029713, 0.176768
VLVYEALDYAK, Yes, 0.08563, 0.666997, 0.048613, 0.044925,  2,   642.34771,  17, 41375648.000000, 6.000000, -0.227084, 0.032804, 0.001306, 0.169955


MeanRateConst/CorrCutOff, 0.147553, 0.900000


MedianRateConst/RMSSCutOff, 0.166723, 0.050000
StandDev/NumberPeptides, 0.011730, 11
TotalIonCurrent, 1.80064e+10
