Peptides, PeptideUnique, RateConstants, Correlations, RootMeanRSS, AbsoluteIsotopeError, Charge, m/z(Sequence), NEH, Abundance, NDP, Rsquared,sigma,CI lower band, CI upper band
LDNIFLTR, Yes, 4.85447, 0.979325, 0.015763, 0.418061,  2,   496.28219,  9, 4961402.000000, 6.000000, 0.897249, 102310.804688, 4.232567, 5.476364
DPSLVVAFVcK, Yes, 0.40806, 0.991526, 0.013950, 0.098095,  2,   617.82866,  15, 1057059.250000, 5.000000, 0.962531, 0.091586, 0.153771, 0.662340
EEGSTLSVPTVR, Yes, 2.48701, 0.984903, 0.165219, 0.918023,  2,   637.83298,  23, 5943126.000000, 5.000000, 0.343680, 3152589.750000, 1.858447, 3.115572
YLFNcGEGVQR, Yes, 0.45976, 0.998192, 0.006477, 0.114678,  2,   671.81406,  20, 2728231.250000, 6.000000, 0.994241, 0.037993, 0.362098, 0.557424
DAGAALYVFSEYNR, Yes, 0.34865, 0.963112, 0.030534, 0.049519,  2,   788.37552,  30, 441966.437500, 5.000000, 0.850677, 0.112688, 0.035776, 0.661518
SVLLDcGEGTFGQLcR, Yes, 0.25916, 0.965433, 0.020780, 0.149867,  2,   906.42439,  28, 730860.250000, 6.000000, 0.938751, 0.047515, 0.137015, 0.381295
SQYPEIVFLGTGSAIPMK, Yes, 0.20114, 0.836120, 0.038925, 0.058797,  2,   969.50569,  32, 341138.968750, 6.000000, 0.069252, 0.109816, 0.000000, 0.760143
GNFLVLK, Yes, 0.03196, 0.843809, 0.017687, 0.180607,  2,   395.74471,  6, 1968408.625000, 5.000000, 0.730300, 0.006715, 0.013319, 0.050608
NVSSTLVNLSPDK, Yes, 0.28976, 0.969723, 0.022910, 0.072008,  2,   687.36718,  19, 3558083.000000, 6.000000, 0.835825, 0.082017, 0.078933, 0.500594
VcFGDFPTVPK, Yes, 0.08021, 0.836249, 0.030985, 0.120164,  2,   633.81302,  13, 5880033.000000, 6.000000, 0.347866, 0.028883, 0.005966, 0.154458


MeanRateConst/CorrCutOff, 0.353076, 0.900000


MedianRateConst/RMSSCutOff, 0.348647, 0.050000
StandDev/NumberPeptides, 0.063010, 5
TotalIonCurrent, 3.71053e+09
