Peptides, PeptideUnique, RateConstants, Correlations, RootMeanRSS, AbsoluteIsotopeError, Charge, m/z(Sequence), NEH, Abundance, NDP, Rsquared,sigma,CI lower band, CI upper band
NYYEQWGK, Yes, 5.33768, 0.964937, 0.089278, 0.653204,  2,   544.24579,  13, 28547750.000000, 6.000000, 0.243767, 1691424.875000, 4.171414, 6.503953
IDTIEIITDR, Yes, 0.22968, 0.978639, 0.039576, 0.036475,  2,   594.82715,  15, 21115828.000000, 6.000000, 0.034185, 0.196338, 0.000000, 1.046479
GGGGNFGPGPGSNFR, Yes, 0.13467, 0.975294, 0.023894, 0.030245,  2,   689.31837,  30, 42627724.000000, 6.000000, 0.915167, 0.018955, 0.085949, 0.183398
YHTINGHNAEVR, Yes, 0.13704, 0.994147, 0.029579, 0.072183,  3,   470.90061,  25, 1636991.000000, 5.000000, 0.553513, 0.093626, 0.000000, 0.430516
GFGFVTFDDHDPVDK, Yes, 0.31442, 0.994701, 0.009463, 0.032685,  3,   565.92651,  19, 18060772.000000, 6.000000, 0.986483, 0.033075, 0.229399, 0.399444
LFIGGLSFETTEESLR, Yes, 0.21119, 0.981399, 0.014298, 0.042195,  2,   899.96471,  28, 3960962.250000, 6.000000, 0.966923, 0.025640, 0.145280, 0.277101
KLFIGGLSFETTEESLR, Yes, 0.17555, 0.979990, 0.015097, 0.035777,  3,   643.01055,  29, 2462418.250000, 6.000000, 0.935768, 0.026088, 0.108485, 0.242608
KLFIGGLSFETTEESLR, Yes, 0.11139, 0.996915, 0.031259, 0.209972,  2,   964.01219,  29, 321907.562500, 4.000000, 0.841721, 0.031681, 0.010568, 0.212217
DYFEEYGKIDTIEIITDR, Yes, 0.22962, 0.999461, 0.005144, 0.178279,  3,   740.69507,  29, 872981.000000, 6.000000, 0.918213, 0.044945, 0.114083, 0.345153


MeanRateConst/CorrCutOff, 0.175592, 0.900000


MedianRateConst/RMSSCutOff, 0.175546, 0.050000
StandDev/NumberPeptides, 0.035057, 7
TotalIonCurrent, 4.68029e+09
