Peptides, PeptideUnique, RateConstants, Correlations, RootMeanRSS, AbsoluteIsotopeError, Charge, m/z(Sequence), NEH, Abundance, NDP, Rsquared,sigma,CI lower band, CI upper band
FELDTSER, Yes, 0.10802, 0.985546, 0.013696, 0.078668,  2,   498.73527,  16, 4080597.750000, 6.000000, 0.984716, 0.006923, 0.090223, 0.125813
NPILWNVADVVIK, Yes, 0.04368, 0.976398, 0.010548, 0.114098,  2,   740.92975,  17, 523514.468750, 4.000000, 0.939536, 0.006427, 0.023229, 0.064137
TGQEVVFVAEPDNK, Yes, 0.10316, 0.996323, 0.006767, 0.103054,  2,   766.88320,  27, 3678535.250000, 6.000000, 0.990335, 0.005036, 0.090215, 0.116106
TPFSLVGNVFELNFK, Yes, 0.07263, 0.987325, 0.040502, 0.036823,  2,   856.45633,  19, 1128394.125000, 5.000000, -0.158920, 0.070487, 0.000000, 1.704363
LQVSNVLSQPLAQAAVK, Yes, 0.07670, 0.986183, 0.012241, 0.053042,  2,   883.51216,  37, 1699360.125000, 6.000000, 0.969108, 0.005517, 0.062520, 0.090882
NFESLSEAFSVASAAAALSQNR, Yes, 0.05340, 0.962882, 0.018824, 0.079611,  2,  1135.55600,  58, 755007.500000, 6.000000, 0.705765, 0.012127, 0.022229, 0.084577
KNFESLSEAFSVASAAAALSQNR, Yes, 0.10804, 0.987979, 0.011260, 0.107555,  3,   800.07141,  59, 848248.812500, 6.000000, 0.972001, 0.009348, 0.084007, 0.132068
YHVPVVVVPEGSTSDTQEQAILR, Yes, 0.09429, 0.999039, 0.002507, 0.046260,  3,   842.10625,  45, 2499129.500000, 6.000000, 0.996780, 0.002487, 0.087898, 0.100682
ISTEVGITNVDLSTVDKDQSIAPK, Yes, 0.07834, 0.981874, 0.012739, 0.042776,  3,   844.11307,  38, 1491720.000000, 6.000000, 0.773687, 0.015566, 0.038323, 0.118349


MeanRateConst/CorrCutOff, 0.086822, 0.900000


MedianRateConst/RMSSCutOff, 0.078336, 0.050000
StandDev/NumberPeptides, 0.006698, 8
TotalIonCurrent, 5.93246e+08
