Peptides, PeptideUnique, RateConstants, Correlations, RootMeanRSS, AbsoluteIsotopeError, Charge, m/z(Sequence), NEH, Abundance, NDP, Rsquared,sigma,CI lower band, CI upper band
SVPTWLK, Yes, 0.02958, 0.955907, 0.007197, 0.046548,  2,   415.74217,  7, 114031456.000000, 6.000000, 0.748697, 0.004860, 0.017091, 0.042077
LILIESR, Yes, 0.06232, 0.997222, 0.004861, 0.028913,  2,   422.26854,  13, 310136704.000000, 6.000000, 0.987148, 0.002636, 0.055543, 0.069095
VLPPNWK, Yes, 0.01170, 0.946814, 0.018991, 0.084910,  2,   427.25016,  8, 149605936.000000, 6.000000, 0.465280, 0.005015, 0.000000, 1.453770
GLSQSALPYR, Yes, 0.06963, 0.996229, 0.007359, 0.043466,  2,   546.29582,  22, 90873456.000000, 6.000000, 0.987764, 0.003303, 0.061140, 0.078119
GLSQSALPYRR, Yes, 0.07263, 0.994446, 0.008168, 0.025195,  3,   416.56667,  26, 58513312.000000, 6.000000, 0.986494, 0.003517, 0.063586, 0.081668
GLTPSQIGVILR, Yes, 0.06015, 0.997769, 0.003940, 0.022365,  2,   627.38244,  20, 63188764.000000, 6.000000, 0.990744, 0.002268, 0.054326, 0.065984
KGLTPSQIGVILR, Yes, 0.07422, 0.997646, 0.004538, 0.023744,  3,   461.28903,  21, 48342560.000000, 6.000000, 0.990841, 0.002911, 0.066739, 0.081707
LTSDDVKEQIYK, Yes, 0.08104, 0.987523, 0.009298, 0.036763,  3,   480.25231,  18, 59609972.000000, 6.000000, 0.967584, 0.006554, 0.064191, 0.097887


MeanRateConst/CorrCutOff, 0.069999, 0.900000


MedianRateConst/RMSSCutOff, 0.069629, 0.050000
StandDev/NumberPeptides, 0.003152, 6
TotalIonCurrent, 1.63688e+10
