Peptides, PeptideUnique, RateConstants, Correlations, RootMeanRSS, AbsoluteIsotopeError, Charge, m/z(Sequence), NEH, Abundance, NDP, Rsquared,sigma,CI lower band, CI upper band
LFVETGK, Yes, 0.18169, 0.986752, 0.017345, 0.060139,  2,   397.22635,  8, 11161119.000000, 6.000000, 0.461489, 0.084074, 0.000000, 0.805390
ALLAEGIILR, Yes, 0.08810, 0.993746, 0.010555, 0.065613,  2,   534.84240,  21, 8527641.000000, 6.000000, 0.976779, 0.005585, 0.073743, 0.102454
LETVGSVFSR, Yes, 0.09139, 0.994895, 0.006732, 0.056716,  2,   547.79567,  16, 18868858.000000, 6.000000, 0.984708, 0.005056, 0.078395, 0.104388
FFATYGSGQK, Yes, 0.13000, 0.995722, 0.006694, 0.045186,  2,   553.26928,  16, 9974907.000000, 6.000000, 0.986523, 0.007973, 0.109507, 0.150497
AFDLFNPNFK, Yes, 0.10419, 0.985635, 0.011182, 0.105914,  2,   606.80603,  14, 6004600.000000, 6.000000, 0.940010, 0.010827, 0.076358, 0.132020


MeanRateConst/CorrCutOff, 0.103420, 0.900000


MedianRateConst/RMSSCutOff, 0.104189, 0.050000
StandDev/NumberPeptides, 0.006727, 4
TotalIonCurrent, 1.34152e+09
