Peptides, PeptideUnique, RateConstants, Correlations, RootMeanRSS, AbsoluteIsotopeError, Charge, m/z(Sequence), NEH, Abundance, NDP, Rsquared,sigma,CI lower band, CI upper band
TFGEAcLMVR, Yes, 0.16307, 0.981353, 0.014232, 0.124563,  2,   592.28355,  17, 5621143.000000, 6.000000, 0.959805, 0.020432, 0.110543, 0.215589
KPALELLGYLK, Yes, 0.11423, 0.978450, 0.012642, 0.059201,  2,   622.88426,  16, 5155843.000000, 6.000000, 0.970360, 0.010471, 0.087317, 0.141149
KPALELLGYLK, Yes, 0.10891, 0.996998, 0.005100, 0.077910,  3,   415.59193,  16, 3177100.250000, 6.000000, 0.990966, 0.005427, 0.094955, 0.122855
GSPLGEVVEQGLTR, Yes, 0.08273, 0.986970, 0.013186, 0.050864,  2,   721.38591,  29, 9307899.000000, 6.000000, 0.972774, 0.006328, 0.066466, 0.098998
TLIAPEELSLVHNLR, Yes, 0.08649, 0.975193, 0.015281, 0.086011,  3,   568.99294,  29, 5672187.000000, 6.000000, 0.944738, 0.009994, 0.060801, 0.112180
HGEQHEGQHYSIPLQDLK, Yes, 0.09879, 0.974813, 0.020992, 0.184904,  3,   706.01173,  42, 2715225.500000, 6.000000, 0.848440, 0.021498, 0.043531, 0.154058
NDWHGGAIVLSLSQTGSLFK, Yes, 0.10760, 0.883783, 0.033048, 0.137067,  3,   710.70413,  33, 429319.593750, 6.000000, 0.648063, 0.036060, 0.014907, 0.200297


MeanRateConst/CorrCutOff, 0.098231, 0.900000


MedianRateConst/RMSSCutOff, 0.098794, 0.050000
StandDev/NumberPeptides, 0.008556, 5
TotalIonCurrent, 1.09212e+09
