Peptides, PeptideUnique, RateConstants, Correlations, RootMeanRSS, AbsoluteIsotopeError, Charge, m/z(Sequence), NEH, Abundance, NDP, Rsquared,sigma,CI lower band, CI upper band
VVLLAEGR, Yes, 0.00000, -2.000000, 0.013651, 0.056039,  2,   428.76617,  15, 133506280.000000, 6.000000, -1.872034, 0.002544, 0.000000, 1.678587
TPELTWER, No, 0.22556, 0.997363, 0.007808, 0.064845,  2,   516.26145,  15, 3607174.250000, 6.000000, 0.980522, 0.021272, 0.170874, 0.280236
YKQDVYLLPK, No, 4.37224, 0.962703, 0.034091, 0.170686,  3,   422.90793,  12, 2066673.500000, 6.000000, 0.823130, 34236.101562, 3.813133, 4.931342
GIVEESVTGVHR, No, 0.28502, 0.965777, 0.031757, 0.057638,  2,   641.84114,  23, 2436925.000000, 6.000000, 0.815380, 0.083589, 0.070143, 0.499890
QVVVcGYGEVGK, No, 0.03595, 0.677708, 0.033214, 0.035888,  2,   647.82665,  18, 2175614.250000, 6.000000, -0.792441, 0.018411, 0.000000, 0.904654
LcVPAmNVNDSVTK, No, 4.85303, 0.972398, 0.109961, 1.111711,  2,   782.37891,  20, 1093584.625000, 6.000000, 0.203049, 410725.781250, 3.697559, 6.008502
EIEIAEQDmSALISLR, Yes, 0.09908, 0.968868, 0.021035, 0.048134,  2,   917.46674,  39, 26822194.000000, 6.000000, 0.897945, 0.012927, 0.065847, 0.132308


MeanRateConst/CorrCutOff, 0.152413, 0.900000


MedianRateConst/RMSSCutOff, 0.225555, 0.050000
StandDev/NumberPeptides, 0.007555, 4
TotalIonCurrent, 4.13948e+09
