Peptides, PeptideUnique, RateConstants, Correlations, RootMeanRSS, AbsoluteIsotopeError, Charge, m/z(Sequence), NEH, Abundance, NDP, Rsquared,sigma,CI lower band, CI upper band
QGYGEGFR, No, 0.27780, 0.991176, 0.018327, 0.039625,  2,   457.21177,  18, 50355536.000000, 6.000000, 0.945162, 0.047046, 0.156867, 0.398739
LVFLGLDNAGK, No, 0.29148, 0.991782, 0.011938, 0.026032,  2,   573.82950,  15, 78752184.000000, 6.000000, 0.949003, 0.049268, 0.164835, 0.418127
TDAISEEKLR, Yes, 0.22214, 0.941252, 0.033364, 0.023722,  2,   581.30912,  22, 6495808.500000, 6.000000, -0.038563, 0.143218, 0.000000, 0.858436
SGKLVFLGLDNAGK, No, 0.24832, 0.989887, 0.010977, 0.078308,  2,   709.90373,  20, 741621.937500, 6.000000, 0.974056, 0.029261, 0.173096, 0.323534


MeanRateConst/CorrCutOff, 0.259936, 0.900000


MedianRateConst/RMSSCutOff, 0.277803, 0.050000
StandDev/NumberPeptides, 0.048362, 4
TotalIonCurrent, 3.59365e+09
