Peptides, PeptideUnique, RateConstants, Correlations, RootMeanRSS, AbsoluteIsotopeError, Charge, m/z(Sequence), NEH, Abundance, NDP, Rsquared,sigma,CI lower band, CI upper band
DIRDYLEER, Yes, 0.20894, 0.987245, 0.013865, 0.083665,  3,   403.53504,  20, 8732435.000000, 6.000000, 0.973006, 0.022688, 0.150623, 0.267265
ADVDLIVQDLK, Yes, 0.36667, 0.997764, 0.006814, 0.087647,  2,   614.84281,  17, 33578384.000000, 6.000000, 0.995303, 0.023802, 0.305488, 0.427860
VLVHTDAAQALGK, Yes, 0.27351, 0.999219, 0.006598, 0.056468,  2,   661.87497,  25, 28174042.000000, 6.000000, 0.990824, 0.019979, 0.222154, 0.324868
VLVHTDAAQALGK, Yes, 0.31895, 0.998972, 0.007103, 0.024663,  3,   441.58574,  25, 70012728.000000, 6.000000, 0.989638, 0.026806, 0.250047, 0.387859
NGALGSVESLPDRK, Yes, 0.12335, 0.970011, 0.020550, 0.034550,  2,   721.88352,  29, 16527740.000000, 5.000000, 0.962790, 0.013774, 0.085110, 0.161596
NGALGSVESLPDRK, Yes, 0.20643, 0.988292, 0.052278, 0.640733,  3,   481.59144,  29, 3480593.250000, 4.000000, 0.165030, 0.208182, 0.000000, 16.877720
AADLVSENcETYEAHMR, Yes, 0.23143, 0.994627, 0.009272, 0.042594,  3,   665.95601,  41, 9484130.000000, 6.000000, 0.987220, 0.018310, 0.184358, 0.278494
AADLVSENcETYEAHMR, Yes, 0.22062, 0.954498, 0.027516, 0.201279,  2,   998.43037,  41, 424606.500000, 6.000000, 0.495856, 0.112357, 0.000000, 0.709909
RVDVEDLGVDFLTIVGHK, Yes, 0.43889, 0.998038, 0.004281, 0.042257,  3,   671.36523,  25, 8345868.500000, 6.000000, 0.993323, 0.036290, 0.345603, 0.532178
RRVDVEDLGVDFLTIVGHK, Yes, 0.04470, 0.868806, 0.026765, 0.206579,  4,   542.80102,  28, 2146929.250000, 6.000000, 0.553706, 0.015268, 0.005457, 0.083953
LPLEHLVENQMAEVTFVPVSK, Yes, 0.19507, 0.994208, 0.008549, 0.078715,  3,   794.09088,  38, 3830439.750000, 6.000000, 0.970806, 0.020580, 0.142169, 0.247973
MIGGKPQDIIFTSGGTESNNLVIHSMVR, Yes, 0.12466, 0.774745, 0.026026, 0.100165,  3,  1001.17931,  47, 281707.343750, 6.000000, 0.239164, 0.047378, 0.002871, 0.246451
LPNTcNFSIQGSQLQGYTVLAQcR, Yes, 0.14125, 0.955464, 0.014682, 0.052562,  3,   919.11454,  46, 851407.812500, 6.000000, 0.879324, 0.025571, 0.075518, 0.206983


MeanRateConst/CorrCutOff, 0.199168, 0.900000


MedianRateConst/RMSSCutOff, 0.208944, 0.050000
StandDev/NumberPeptides, 0.022017, 7
TotalIonCurrent, 7.893e+09
