Peptides, PeptideUnique, RateConstants, Correlations, RootMeanRSS, AbsoluteIsotopeError, Charge, m/z(Sequence), NEH, Abundance, NDP, Rsquared,sigma,CI lower band, CI upper band
ALEESNYELEGK, Yes, 0.00000, -2.000000, 0.034733, 0.118944,  2,   691.32770,  28, 35748860.000000, 6.000000, -1.113408, 0.002508, 0.000000, 1.668817
GSLGGGFSSGGFSGGSFSR, Yes, 0.00000, -2.000000, 0.063901, 0.103809,  2,   854.38973,  37, 5236288.000000, 6.000000, -0.536980, 0.003774, 0.000000, 1.713893
AETEcQNTEYQQLLDIK, Yes, 0.02799, 0.878264, 0.050183, 0.250590,  2,  1041.98604,  36, 2741376.750000, 5.000000, 0.287489, 0.018434, 0.000000, 1.625232
SQYEQLAEQNRK, Yes, 0.00000, -2.000000, 0.014576, 0.074133,  2,   747.37076,  33, 1573324.375000, 4.000000, -1.569203, 0.003418, 0.000000, 5.507732
ELTTEIDNNIEQISSYK, Yes, 0.07939, 0.984759, 0.038255, 0.050197,  2,   998.98910,  31, 1476497.500000, 5.000000, 0.715047, 0.023178, 0.015040, 0.143746


MeanRateConst/CorrCutOff, 0.026466, 0.900000


MedianRateConst/RMSSCutOff, 0.000004, 0.050000
StandDev/NumberPeptides, 0.004085, 3
TotalIonCurrent, 1.09148e+09
