Peptides, PeptideUnique, RateConstants, Correlations, RootMeanRSS, AbsoluteIsotopeError, Charge, m/z(Sequence), NEH, Abundance, NDP, Rsquared,sigma,CI lower band, CI upper band
LADEAALFLR, Yes, 0.13516, 0.957952, 0.029609, 0.130630,  2,   559.81384,  23, 2077979.500000, 5.000000, 0.869361, 0.028234, 0.056773, 0.213554
VLAALDELGLAR, Yes, 0.30925, 0.993614, 0.016138, 0.058008,  2,   620.86661,  26, 2686625.750000, 6.000000, 0.962867, 0.046546, 0.189599, 0.428901
RLADEAALFLR, Yes, 0.24816, 0.993054, 0.030328, 0.088490,  3,   425.57869,  26, 516067.093750, 6.000000, 0.821512, 0.083569, 0.033340, 0.462983
VVAEPTSLMDVFPTVAR, Yes, 0.12631, 0.985984, 0.011261, 0.136193,  2,   916.48477,  29, 1270872.125000, 6.000000, 0.965866, 0.012160, 0.095055, 0.157570


MeanRateConst/CorrCutOff, 0.204722, 0.900000


MedianRateConst/RMSSCutOff, 0.248162, 0.050000
StandDev/NumberPeptides, 0.026471, 4
TotalIonCurrent, 2.18949e+08
