Peptides, PeptideUnique, RateConstants, Correlations, RootMeanRSS, AbsoluteIsotopeError, Charge, m/z(Sequence), NEH, Abundance, NDP, Rsquared,sigma,CI lower band, CI upper band
LLLASFK, Yes, 0.09982, 0.930309, 0.023297, 0.076571,  2,   396.25490,  9, 8202778.000000, 6.000000, 0.455264, 0.028138, 0.027488, 0.172153
IIQEQDAGLDALSSIISR, Yes, 0.34927, 0.976185, 0.026089, 0.088167,  3,   643.68109,  42, 1240319.125000, 6.000000, 0.865982, 0.099285, 0.094047, 0.604487
IIQEQDAGLDALSSIISR, Yes, 0.47907, 0.994394, 0.016645, 0.067236,  2,   965.01800,  42, 1404376.500000, 6.000000, 0.955320, 0.101690, 0.217665, 0.740467
QNLLDDLVTR, Yes, 4.68421, 0.982035, 0.022325, 0.102641,  2,   593.82495,  15, 2729382.250000, 6.000000, 0.938553, 46718.273438, 4.205569, 5.162855


MeanRateConst/CorrCutOff, 1.403091, 0.900000


MedianRateConst/RMSSCutOff, 0.479066, 0.050000
StandDev/NumberPeptides, 0.072144, 4
TotalIonCurrent, 4.02122e+08
