Peptides, PeptideUnique, RateConstants, Correlations, RootMeanRSS, AbsoluteIsotopeError, Charge, m/z(Sequence), NEH, Abundance, NDP, Rsquared,sigma,CI lower band, CI upper band
LVPEAVGDQK, Yes, 0.30406, 0.953565, 0.027286, 0.039228,  2,   528.29021,  20, 3780275.250000, 6.000000, 0.954119, 0.057404, 0.156501, 0.451624
SILSISDEAAR, Yes, 0.09127, 0.958693, 0.027882, 0.076884,  2,   581.30912,  27, 4110348.750000, 6.000000, 0.914814, 0.012827, 0.058292, 0.124240
ALQEGEGDLSISADR, Yes, 0.15575, 0.998146, 0.006495, 0.064236,  2,   780.87863,  38, 1795648.125000, 6.000000, 0.995457, 0.006248, 0.139688, 0.171808
TAVHEALcDNIDTR, Yes, 0.09638, 0.998667, 0.004964, 0.138264,  2,   807.88066,  28, 1999754.000000, 6.000000, 0.995606, 0.003041, 0.088560, 0.104195
VSEYVPEIVNFVQK, Yes, 0.08899, 0.996647, 0.005284, 0.046924,  3,   550.96277,  23, 490147.906250, 6.000000, 0.987271, 0.004386, 0.077718, 0.100265
APVDITGQFEK, Yes, 0.30343, 0.947429, 0.028345, 0.157381,  2,   602.81405,  21, 2384466.250000, 6.000000, 0.900083, 0.090054, 0.071941, 0.534922
VQALDQHLSTR, Yes, 0.23801, 0.982062, 0.020738, 0.102050,  3,   423.22996,  24, 3001081.500000, 6.000000, 0.936935, 0.040359, 0.134259, 0.341752


MeanRateConst/CorrCutOff, 0.182555, 0.900000


MedianRateConst/RMSSCutOff, 0.155748, 0.050000
StandDev/NumberPeptides, 0.008253, 7
TotalIonCurrent, 6.24557e+08
