Peptides, PeptideUnique, RateConstants, Correlations, RootMeanRSS, AbsoluteIsotopeError, Charge, m/z(Sequence), NEH, Abundance, NDP, Rsquared,sigma,CI lower band, CI upper band
FAPSPTGFLHLGGLR, Yes, 0.11000, 0.966919, 0.019636, 0.141500,  3,   523.95606,  26, 495070.031250, 6.000000, 0.892969, 0.015523, 0.070092, 0.149898
LLGLLERPGLSLTQDVLNR, Yes, 0.10062, 0.976703, 0.014882, 0.083266,  3,   703.07930,  32, 324441.562500, 6.000000, 0.800105, 0.018667, 0.052633, 0.148604
FAHLPLLLNR, Yes, 0.13739, 0.946537, 0.033759, 0.421233,  3,   398.57662,  17, 861879.937500, 6.000000, 0.600190, 0.043219, 0.026293, 0.248491
TLPELITQFDLTR, Yes, 0.06821, 0.959811, 0.015094, 0.323685,  2,   773.92740,  19, 255004.265625, 6.000000, 0.741792, 0.017671, 0.022786, 0.113636


MeanRateConst/CorrCutOff, 0.104054, 0.900000


MedianRateConst/RMSSCutOff, 0.109995, 0.050000
StandDev/NumberPeptides, 0.020231, 4
TotalIonCurrent, 7.59226e+07
