Peptides, PeptideUnique, RateConstants, Correlations, RootMeanRSS, AbsoluteIsotopeError, Charge, m/z(Sequence), NEH, Abundance, NDP, Rsquared,sigma,CI lower band, CI upper band
LVEFDLK, Yes, 0.27141, 0.994313, 0.005170, 0.077228,  2,   432.24728,  8, 4745077.500000, 6.000000, 0.990153, 0.021237, 0.216824, 0.326005
IGWAFGLGLER, Yes, 0.14344, 0.974713, 0.023455, 0.104480,  2,   609.83512,  20, 1649955.250000, 6.000000, 0.743862, 0.035835, 0.051321, 0.235557
LAMVLYDIPDIR, Yes, 0.20086, 0.972121, 0.019399, 0.081062,  2,   709.88923,  19, 1042270.625000, 6.000000, 0.862889, 0.042556, 0.091467, 0.310255
LVTHLFGDGLEVR, Yes, 0.43272, 0.815554, 0.046163, 0.340873,  3,   485.93667,  19, 9715148.000000, 6.000000, 0.054344, 0.373458, 0.000000, 0.999923


MeanRateConst/CorrCutOff, 0.205238, 0.900000


MedianRateConst/RMSSCutOff, 0.200861, 0.050000
StandDev/NumberPeptides, 0.030459, 3
TotalIonCurrent, 4.47168e+08
