Peptides, PeptideUnique, RateConstants, Correlations, RootMeanRSS, AbsoluteIsotopeError, Charge, m/z(Sequence), NEH, Abundance, NDP, Rsquared,sigma,CI lower band, CI upper band
LLGELLK, Yes, 0.10168, 0.970043, 0.017088, 0.052227,  2,   393.26018,  8, 21519998.000000, 5.000000, 0.914888, 0.023162, 0.037371, 0.165988
LAPALSVK, Yes, 0.05398, 0.974719, 0.019686, 0.073312,  2,   399.75781,  15, 29284236.000000, 5.000000, 0.925508, 0.008203, 0.031207, 0.076757
LSFDKDAMVAR, Yes, 0.12546, 0.967160, 0.029313, 0.069919,  3,   418.21666,  20, 22057156.000000, 5.000000, 0.913406, 0.033299, 0.033004, 0.217908
LSSTWEGIQAGK, Yes, 0.28030, 0.997158, 0.010370, 0.077719,  2,   638.83023,  23, 20840820.000000, 5.000000, 0.983140, 0.037455, 0.176314, 0.384296
ILDWHVANTDKK, Yes, 0.16365, 0.962348, 0.019341, 0.084718,  2,   720.38570,  16, 3992635.250000, 5.000000, 0.917160, 0.043295, 0.043448, 0.283858


MeanRateConst/CorrCutOff, 0.111193, 0.900000


MedianRateConst/RMSSCutOff, 0.125456, 0.050000
StandDev/NumberPeptides, 0.018331, 4
TotalIonCurrent, 1.96575e+09
