Peptides, PeptideUnique, RateConstants, Correlations, RootMeanRSS, AbsoluteIsotopeError, Charge, m/z(Sequence), NEH, Abundance, NDP, Rsquared,sigma,CI lower band, CI upper band
DVNAAIAAIK, Yes, 0.10013, 0.973712, 0.019991, 0.085671,  2,   493.28746,  22, 3713294.500000, 6.000000, 0.942895, 0.011718, 0.070013, 0.130255
EIIDPVLDR, Yes, 0.29876, 0.965996, 0.019931, 0.089878,  2,   535.29803,  16, 7543905.500000, 6.000000, 0.991203, 0.023076, 0.239437, 0.358076
AVFVDLEPTVIDEIR, Yes, 0.17812, 0.999190, 0.003580, 0.046417,  2,   858.46435,  26, 1728426.125000, 6.000000, 0.994639, 0.008167, 0.157130, 0.199119
TIGGGDDSFTTFFcETGAGK, Yes, 0.12588, 0.983170, 0.013327, 0.198598,  2,  1034.45187,  29, 507114.968750, 6.000000, 0.970904, 0.012513, 0.093717, 0.158050


MeanRateConst/CorrCutOff, 0.175724, 0.900000


MedianRateConst/RMSSCutOff, 0.178124, 0.050000
StandDev/NumberPeptides, 0.012083, 4
TotalIonCurrent, 4.06809e+08
