Peptides, PeptideUnique, RateConstants, Correlations, RootMeanRSS, AbsoluteIsotopeError, Charge, m/z(Sequence), NEH, Abundance, NDP, Rsquared,sigma,CI lower band, CI upper band
TSASIILR, Yes, 0.09304, 0.939697, 0.022043, 0.084438,  2,   430.76362,  15, 4852854.500000, 6.000000, 0.659397, 0.019838, 0.042049, 0.144041
YPVNSVNILK, Yes, 0.02746, 0.880332, 0.011831, 0.092893,  2,   573.82950,  12, 5277540.500000, 6.000000, 0.398219, 0.004818, 0.015071, 0.039841
EQLAIAEFAR, Yes, 0.13045, 0.986160, 0.017050, 0.113809,  2,   574.30892,  29, 3284298.250000, 6.000000, 0.980237, 0.010049, 0.104613, 0.156279
QAGVFEPTIVK, Yes, 0.14430, 0.995044, 0.007926, 0.094517,  2,   594.83479,  19, 2741525.000000, 6.000000, 0.986120, 0.009504, 0.119868, 0.168728
IcDDELILIK, Yes, 0.20761, 0.985622, 0.012622, 0.115212,  2,   616.33375,  14, 1437626.375000, 6.000000, 0.969950, 0.026838, 0.138620, 0.276599
WIGLDLVHGKPR, Yes, 0.08177, 0.961356, 0.019133, 0.084368,  3,   464.26998,  18, 1848920.375000, 6.000000, 0.579659, 0.017768, 0.036099, 0.127445
SQNVmAAASIANIVK, Yes, 0.12649, 0.954415, 0.028460, 0.206622,  2,   766.90867,  33, 1086361.625000, 6.000000, 0.855257, 0.021999, 0.069940, 0.183038
AFHNEAQVNPERK, Yes, 0.33045, 0.993497, 0.013878, 0.057851,  3,   513.92693,  33, 871254.250000, 6.000000, 0.975066, 0.043273, 0.219216, 0.441688
YINENLIINTDELGR, Yes, 0.09843, 0.896690, 0.036081, 0.085876,  2,   888.95994,  25, 619336.250000, 5.000000, -0.109255, 0.046132, 0.000000, 0.858356
mLVDDIGDVTITNDGATILK, Yes, 0.05766, 0.853905, 0.022490, 0.164282,  2,  1060.54321,  25, 295121.937500, 6.000000, 0.435485, 0.016602, 0.014984, 0.100336


MeanRateConst/CorrCutOff, 0.115210, 0.900000


MedianRateConst/RMSSCutOff, 0.126489, 0.050000
StandDev/NumberPeptides, 0.014010, 5
TotalIonCurrent, 5.78343e+08
