Peptides, PeptideUnique, RateConstants, Correlations, RootMeanRSS, AbsoluteIsotopeError, Charge, m/z(Sequence), NEH, Abundance, NDP, Rsquared,sigma,CI lower band, CI upper band
LSELVRK, Yes, 0.06944, 0.965263, 0.016186, 0.029631,  2,   422.76616,  12, 2985823.000000, 6.000000, 0.872707, 0.008416, 0.047805, 0.091073
VYEADFK, Yes, 0.17608, 0.988403, 0.013226, 0.026305,  2,   436.21344,  11, 11764272.000000, 6.000000, 0.969926, 0.021541, 0.120706, 0.231453
FSTEQLPK, Yes, 0.10948, 0.994559, 0.009308, 0.058947,  2,   475.25309,  14, 43614384.000000, 6.000000, 0.973019, 0.008106, 0.088642, 0.130314
KPmSSYLR, Yes, 0.05624, 0.996527, 0.003829, 0.059289,  2,   499.26039,  13, 24067334.000000, 6.000000, 0.989674, 0.002131, 0.050763, 0.061719
ELILLGKPK, Yes, 0.08649, 0.999001, 0.003291, 0.040823,  2,   505.83404,  12, 32452846.000000, 6.000000, 0.987231, 0.004148, 0.075829, 0.097157
LKLVNEAWK, Yes, 0.05035, 0.982957, 0.024874, 0.190020,  2,   550.82675,  12, 2061143.625000, 6.000000, 0.759799, 0.012349, 0.018607, 0.082098
QAYIQLAKDDR, Yes, 0.09922, 0.991719, 0.012909, 0.062225,  3,   440.90172,  25, 3191980.000000, 6.000000, 0.976118, 0.007950, 0.078786, 0.119658
QAYIQLAKDDR, Yes, 0.08276, 0.989174, 0.011280, 0.077306,  2,   660.84894,  25, 1913494.500000, 6.000000, 0.976920, 0.005539, 0.068518, 0.096994
EQLTPSQLmGmEK, Yes, 0.09055, 0.995551, 0.006788, 0.078540,  2,   762.35763,  27, 2126747.250000, 6.000000, 0.992450, 0.003488, 0.081583, 0.099513
YKEQLTPSQLmGmEK, Yes, 0.10034, 0.990388, 0.008506, 0.057224,  2,   907.93677,  28, 3470349.750000, 6.000000, 0.979705, 0.006774, 0.082928, 0.117753
YKEQLTPSQLmGmEK, Yes, 0.10871, 0.995133, 0.006357, 0.048315,  3,   605.62694,  28, 10764674.000000, 6.000000, 0.987994, 0.005768, 0.093885, 0.123541
YDNEmKSWEEQmAEVGR, Yes, 0.12939, 0.958064, 0.020002, 0.080063,  3,   711.96657,  39, 750361.750000, 6.000000, 0.887702, 0.020835, 0.075827, 0.182943


MeanRateConst/CorrCutOff, 0.085358, 0.900000


MedianRateConst/RMSSCutOff, 0.090548, 0.050000
StandDev/NumberPeptides, 0.005135, 10
TotalIonCurrent, 3.5184e+09
