Peptides, PeptideUnique, RateConstants, Correlations, RootMeanRSS, AbsoluteIsotopeError, Charge, m/z(Sequence), NEH, Abundance, NDP, Rsquared,sigma,CI lower band, CI upper band
ATLNLSLLK, Yes, 0.04559, 0.975417, 0.016890, 0.067334,  2,   486.80803,  11, 2310477.500000, 5.000000, 0.658116, 0.013413, 0.008352, 0.082835
TYEQVLENLQSK, Yes, 0.04448, 0.968642, 0.016362, 0.069551,  2,   726.37245,  23, 3228497.750000, 5.000000, 0.916096, 0.006205, 0.027253, 0.061709
GSVNMPFMDFLTK, Yes, 0.08756, 0.975471, 0.013015, 0.056421,  2,   743.85708,  15, 1605743.375000, 5.000000, 0.844633, 0.016206, 0.042562, 0.132551
YLGTQPEPDIVGLDSGHIR, Yes, 0.07709, 0.995454, 0.006389, 0.015972,  3,   689.68837,  36, 3670045.500000, 5.000000, 0.988979, 0.004232, 0.065340, 0.088840


MeanRateConst/CorrCutOff, 0.063680, 0.900000


MedianRateConst/RMSSCutOff, 0.077090, 0.050000
StandDev/NumberPeptides, 0.007495, 4
TotalIonCurrent, 3.11048e+08
