Peptides, PeptideUnique, RateConstants, Correlations, RootMeanRSS, AbsoluteIsotopeError, Charge, m/z(Sequence), NEH, Abundance, NDP, Rsquared,sigma,CI lower band, CI upper band
NLFNELR, Yes, 0.10134, 0.965036, 0.017693, 0.078717,  2,   453.24560,  12, 5991540.500000, 6.000000, 0.569134, 0.024596, 0.038116, 0.164570
GSNSLPLLR, Yes, 0.12256, 0.966895, 0.033634, 0.033962,  2,   478.77981,  16, 12606896.000000, 6.000000, 0.743333, 0.025977, 0.055787, 0.189340
LSTNQQNILK, Yes, 0.10938, 0.949530, 0.029449, 0.058754,  2,   579.82748,  17, 4308098.000000, 6.000000, 0.735485, 0.025031, 0.045038, 0.173724
SFLDKLSTNQQNILK, Yes, 0.31415, 0.979607, 0.014460, 0.103987,  2,   874.98069,  23, 690774.062500, 6.000000, 0.830132, 0.096308, 0.066580, 0.561713


MeanRateConst/CorrCutOff, 0.161858, 0.900000


MedianRateConst/RMSSCutOff, 0.122563, 0.050000
StandDev/NumberPeptides, 0.030891, 4
TotalIonCurrent, 5.38396e+08
