Peptides, PeptideUnique, RateConstants, Correlations, RootMeanRSS, AbsoluteIsotopeError, Charge, m/z(Sequence), NEH, Abundance, NDP, Rsquared,sigma,CI lower band, CI upper band
NLGLYYDNR, Yes, 0.07921, 0.958887, 0.018647, 0.092998,  2,   564.27762,  13, 5307143.000000, 6.000000, 0.550757, 0.018529, 0.031577, 0.126838
DHIIDDALVR, Yes, 0.48000, 0.996874, 0.007110, 0.048967,  2,   583.81184,  19, 4177603.250000, 6.000000, 0.990876, 0.049339, 0.353171, 0.606832
VDPLETELGVK, Yes, 0.81900, 0.998235, 0.005144, 0.060879,  2,   600.32953,  17, 4956474.000000, 6.000000, 0.996755, 0.088355, 0.591875, 1.046121
ESEDYSPLIR, Yes, 0.65614, 0.978413, 0.023058, 0.068015,  2,   604.79330,  23, 3331543.000000, 6.000000, 0.955036, 0.209263, 0.118208, 1.194063
NLVNDDDAIVAASK, Yes, 0.33735, 0.996332, 0.012174, 0.067089,  2,   722.86754,  27, 4504962.500000, 6.000000, 0.975792, 0.043536, 0.225435, 0.449263
EFVNLYSDYILNK, Yes, 0.06407, 0.912088, 0.021302, 0.368105,  2,   809.41157,  16, 2450585.750000, 6.000000, 0.548945, 0.015846, 0.023334, 0.104804
EGKDFKDVIYLTEEK, Yes, 0.01821, 0.117690, 0.046226, 0.078102,  3,   605.31212,  22, 752058.062500, 6.000000, -0.679872, 0.016416, 0.000000, 1.529085


MeanRateConst/CorrCutOff, 0.405960, 0.900000


MedianRateConst/RMSSCutOff, 0.480002, 0.050000
StandDev/NumberPeptides, 0.034012, 6
TotalIonCurrent, 9.054e+08
