Peptides, PeptideUnique, RateConstants, Correlations, RootMeanRSS, AbsoluteIsotopeError, Charge, m/z(Sequence), NEH, Abundance, NDP, Rsquared,sigma,CI lower band, CI upper band
IPLHFENIPLLYEIETAENR, Yes, 0.10661, 0.979558, 0.011798, 0.098535,  3,   804.42501,  40, 415741.656250, 6.000000, 0.947432, 0.012939, 0.073345, 0.139866
RIPLHFENIPLLYEIETAENR, Yes, 0.13819, 0.996906, 0.015333, 0.523654,  4,   642.59585,  44, 368839.906250, 6.000000, 0.778874, 0.032639, 0.054286, 0.222086
VSISTMTSTDLLSAVR, Yes, 0.28632, 0.964070, 0.021965, 0.470105,  2,   840.94547,  24, 350630.968750, 5.000000, 0.928683, 0.072278, 0.085639, 0.486991


MeanRateConst/CorrCutOff, 0.177035, 0.900000


MedianRateConst/RMSSCutOff, 0.138186, 0.050000
StandDev/NumberPeptides, 0.024638, 3
TotalIonCurrent, 7.25302e+07
