Peptides, PeptideUnique, RateConstants, Correlations, RootMeanRSS, AbsoluteIsotopeError, Charge, m/z(Sequence), NEH, Abundance, NDP, Rsquared,sigma,CI lower band, CI upper band
LNITYPMLFK, Yes, 0.18182, 0.962745, 0.012931, 0.083630,  2,   620.34392,  9, 9060333.000000, 6.000000, 0.761941, 0.046427, 0.062478, 0.301168
LNITYPmLFK, Yes, 0.32023, 0.971056, 0.013260, 0.306206,  2,   628.34138,  9, 5097671.500000, 6.000000, 0.766427, 0.109912, 0.037694, 0.602771
IIMPPSALDQLSR, Yes, 0.24089, 0.979569, 0.023360, 0.079604,  2,   720.89758,  27, 12346607.000000, 6.000000, 0.892554, 0.050864, 0.110141, 0.371643
FQPQSPDFLDITNPK, Yes, 0.30353, 0.992037, 0.013943, 0.039343,  2,   873.93850,  26, 8671785.000000, 6.000000, 0.943403, 0.054581, 0.163228, 0.443836
NFAcLTTGDVIAINYNEK, Yes, 0.36400, 0.975103, 0.015286, 0.119449,  2,  1021.99621,  28, 855981.937500, 6.000000, 0.946213, 0.076367, 0.167688, 0.560304
cFSVSMLAGPNDR, Yes, 0.19565, 0.970067, 0.022433, 0.039057,  2,   727.33176,  25, 1674120.750000, 6.000000, 0.912587, 0.034984, 0.105720, 0.285578
GVEPSPSPIKPGDIKR, Yes, 0.19791, 0.968734, 0.026515, 0.056763,  4,   419.98870,  32, 6713352.500000, 6.000000, 0.858538, 0.042575, 0.088471, 0.307357


MeanRateConst/CorrCutOff, 0.240007, 0.900000


MedianRateConst/RMSSCutOff, 0.240892, 0.050000
StandDev/NumberPeptides, 0.049714, 6
TotalIonCurrent, 2.04446e+09
