Peptides, PeptideUnique, RateConstants, Correlations, RootMeanRSS, AbsoluteIsotopeError, Charge, m/z(Sequence), NEH, Abundance, NDP, Rsquared,sigma,CI lower band, CI upper band
SLSLILYSR, Yes, 4.39955, 0.979620, 0.016491, 0.077872,  2,   526.31093,  14, 5114034.500000, 6.000000, 0.615394, 62556.398438, 3.667314, 5.131788
HLSLLTTMSNR, Yes, 0.40609, 0.992468, 0.013859, 0.062949,  3,   424.89581,  16, 7370309.500000, 6.000000, 0.927322, 0.096509, 0.158010, 0.654180
GQEMcADYSENTFTEYKK, Yes, 0.06128, 0.627605, 0.051067, 0.256881,  3,   734.31023,  33, 223825.468750, 6.000000, -0.145527, 0.034374, 0.000000, 0.873617
GQEMcADYSENTFTEYK, Yes, 0.40640, 0.963559, 0.031748, 0.336871,  2,  1036.91423,  33, 85002.992188, 4.000000, 0.883405, 0.161559, 0.000000, 0.886611


MeanRateConst/CorrCutOff, 1.737349, 0.900000


MedianRateConst/RMSSCutOff, 0.406400, 0.050000
StandDev/NumberPeptides, 0.181254, 3
TotalIonCurrent, 3.71344e+08
