Peptides, PeptideUnique, RateConstants, Correlations, RootMeanRSS, AbsoluteIsotopeError, Charge, m/z(Sequence), NEH, Abundance, NDP, Rsquared,sigma,CI lower band, CI upper band
GLETTATYDPK, Yes, 0.07520, 0.819232, 0.039362, 0.221765,  2,   598.29569,  16, 1682035.500000, 6.000000, 0.548685, 0.022943, 0.016222, 0.134178
TQEFILNSPTVTSIK, Yes, 0.06808, 0.903788, 0.026110, 0.136105,  2,   839.45653,  22, 799670.250000, 6.000000, 0.146506, 0.021501, 0.012813, 0.123354
SEPEPQILDFQTQQYK, Yes, 0.10677, 0.984909, 0.035077, 0.293869,  2,   975.97580,  36, 365934.281250, 6.000000, 0.316389, 0.041433, 0.000262, 0.213277
GEcYGLHAFVVPIR, Yes, 3.68863, 0.982054, 0.026661, 0.250888,  3,   539.94506,  26, 229192.515625, 5.000000, 0.898812, 2765.423828, 3.359010, 4.018257
YAQVKPDGTYVKPLSNK, Yes, 0.02776, 1.000000, 0.024996, 0.119002,  3,   636.67902,  25, 773944.312500, 3.000000, 0.097677, 0.025729, 0.000000, 0.434410


MeanRateConst/CorrCutOff, 1.287829, 0.900000


MedianRateConst/RMSSCutOff, 0.106769, 0.050000
StandDev/NumberPeptides, 0.042466, 3
TotalIonCurrent, 1.11705e+08
