Peptides, PeptideUnique, RateConstants, Correlations, RootMeanRSS, AbsoluteIsotopeError, Charge, m/z(Sequence), NEH, Abundance, NDP, Rsquared,sigma,CI lower band, CI upper band
VPmTPGVK, Yes, 0.20487, 0.924080, 0.023893, 0.043998,  2,   422.73350,  10, 2507514.250000, 6.000000, 0.831747, 0.054803, 0.063994, 0.345747
EFDELSPSAQR, Yes, 0.26201, 0.986121, 0.018203, 0.054746,  2,   639.80166,  29, 2914018.250000, 6.000000, 0.970653, 0.036122, 0.169151, 0.354861
NmLFSGTNIAAGK, Yes, 0.06778, 0.992025, 0.009015, 0.134887,  2,   670.33736,  22, 2066663.375000, 4.000000, 0.979490, 0.005026, 0.051783, 0.083774
TGTLTTNQmSVcR, Yes, 0.10092, 0.987338, 0.017224, 0.115138,  2,   742.84524,  18, 1226465.750000, 6.000000, 0.859005, 0.017417, 0.056148, 0.145694
IRDEmVATEQER, Yes, 0.07965, 0.951518, 0.022100, 0.204770,  3,   498.24019,  31, 712457.687500, 6.000000, 0.804356, 0.018789, 0.031354, 0.127953
AmGVVVATGVNTEIGK, Yes, 0.19242, 0.969935, 0.017953, 0.173206,  2,   781.41636,  25, 772301.250000, 6.000000, 0.945567, 0.028550, 0.119033, 0.265814
VDQSILTGESVSVIK, Yes, 0.11807, 0.998375, 0.005102, 0.082169,  2,   787.93543,  24, 1556673.625000, 4.000000, 0.995867, 0.006117, 0.098604, 0.137537
VSFYQLSHFLQcK, Yes, 0.00000, -2.000000, 0.159795, 0.080755,  3,   552.94494,  20, 553443.625000, 6.000000, -0.022829, 0.028858, 0.000000, 1.255302
SLPSVETLGcTSVIcSDK, Yes, 0.01740, 0.948033, 0.023750, 0.163844,  2,   976.96882,  28, 497261.656250, 5.000000, 0.733632, 0.004746, 0.004225, 0.030579
EWGSGSDTLR, Yes, 0.07688, 0.536064, 0.062877, 0.077129,  2,   554.25690,  19, 2018283.625000, 6.000000, -0.117140, 0.031655, 0.000000, 0.611324


MeanRateConst/CorrCutOff, 0.111588, 0.900000


MedianRateConst/RMSSCutOff, 0.100921, 0.050000
StandDev/NumberPeptides, 0.009497, 7
TotalIonCurrent, 3.44605e+08
