Peptides, PeptideUnique, RateConstants, Correlations, RootMeanRSS, AbsoluteIsotopeError, Charge, m/z(Sequence), NEH, Abundance, NDP, Rsquared,sigma,CI lower band, CI upper band
TVIHYSVK, Yes, 0.22574, 0.877656, 0.028088, 0.064523,  2,   473.77146,  8, 2535255.750000, 6.000000, 0.713610, 0.118892, 0.000000, 0.542961
HLLDGIQR, Yes, 0.05431, 0.983827, 0.011616, 0.040620,  2,   476.27215,  16, 3378456.250000, 5.000000, 0.975990, 0.003943, 0.043358, 0.065254
LSQVAPVLK, Yes, 0.08787, 0.966168, 0.019594, 0.068756,  2,   477.80275,  16, 3791519.000000, 6.000000, 0.907748, 0.012043, 0.056918, 0.118831
ADSVAWNPHK, Yes, 0.05697, 0.836537, 0.044416, 0.101486,  2,   562.77780,  21, 1401160.875000, 6.000000, 0.314957, 0.028930, 0.000000, 0.824936
ALPPLALFTSK, Yes, 0.09771, 0.995942, 0.009047, 0.045658,  2,   579.35006,  18, 3097130.500000, 5.000000, 0.980903, 0.007531, 0.076804, 0.118623
LLAAGLQcSALLLR, Yes, 0.12595, 0.994882, 0.010316, 0.050061,  2,   749.94232,  29, 478766.031250, 4.000000, 0.987444, 0.013984, 0.081449, 0.170457
FFNQLFSGLDPHALAGR, Yes, 0.11208, 0.971389, 0.017086, 0.124204,  3,   630.66008,  34, 1293829.125000, 5.000000, 0.967618, 0.012562, 0.077203, 0.146960


MeanRateConst/CorrCutOff, 0.105906, 0.900000


MedianRateConst/RMSSCutOff, 0.097714, 0.050000
StandDev/NumberPeptides, 0.010901, 4
TotalIonCurrent, 3.59012e+08
