Peptides, PeptideUnique, RateConstants, Correlations, RootMeanRSS, AbsoluteIsotopeError, Charge, m/z(Sequence), NEH, Abundance, NDP, Rsquared,sigma,CI lower band, CI upper band
EFFLELTmGR, No, 0.13101, 0.998106, 0.006424, 0.076509,  2,   629.81045,  16, 956232.625000, 4.000000, 0.988578, 0.013806, 0.087069, 0.174945
EANHNVSAPYGR, No, 0.10712, 0.966008, 0.030643, 0.108637,  3,   438.87769,  30, 1026948.500000, 6.000000, 0.855114, 0.017583, 0.061920, 0.152315
EANHNVSAPYGR, No, 0.09239, 0.951650, 0.035781, 0.110513,  2,   657.81289,  30, 640300.000000, 6.000000, 0.525632, 0.028674, 0.018685, 0.166101
SLLQGTILQYVK, No, 0.09831, 0.962130, 0.023993, 0.102574,  2,   681.90320,  17, 971019.687500, 4.000000, 0.907519, 0.030151, 0.002356, 0.194265
YAPLHLVPLIER, No, 0.14849, 0.979680, 0.022195, 0.038959,  3,   474.28187,  23, 1526041.625000, 4.000000, 0.904848, 0.044009, 0.008436, 0.288546
ALNLAYSSIYGSYR, Yes, 0.00000, -2.000000, 0.074869, 0.029473,  2,   789.40153,  26, 1227300.000000, 6.000000, -0.147087, 0.011860, 0.000000, 1.211443


MeanRateConst/CorrCutOff, 0.107207, 0.900000


MedianRateConst/RMSSCutOff, 0.107118, 0.050000
StandDev/NumberPeptides, 0.020269, 4
TotalIonCurrent, 1.27798e+08
