Peptides, PeptideUnique, RateConstants, Correlations, RootMeanRSS, AbsoluteIsotopeError, Charge, m/z(Sequence), NEH, Abundance, NDP, Rsquared,sigma,CI lower band, CI upper band
LAAQScALSLVR, Yes, 0.06622, 0.587234, 0.094339, 0.115149,  2,   644.85572,  28, 1154186.875000, 6.000000, 0.113801, 0.031534, 0.000000, 0.667483
YPSPFFVFGEK, Yes, 0.22462, 0.843751, 0.047117, 0.115028,  2,   659.32934,  16, 678420.125000, 6.000000, 0.380160, 0.227398, 0.000000, 0.694451
AAEcNIVVTQPR, Yes, 0.13279, 0.986643, 0.027293, 0.452351,  2,   679.34826,  27, 1343843.375000, 6.000000, 0.777313, 0.033531, 0.046600, 0.218987
ELDALDANDELTPLGR, Yes, 0.17737, 0.981440, 0.018906, 0.071290,  2,   871.43377,  34, 785400.062500, 6.000000, 0.853522, 0.040978, 0.072037, 0.282710
QLYHLGVIEAYSGLTK, Yes, 0.15386, 0.601682, 0.078093, 0.175309,  3,   597.99283,  26, 169911.531250, 5.000000, -0.734292, 0.117926, 0.000000, 0.805172
QISRPSAAGINLmIGSVR, Yes, 0.00000, -2.000000, 0.083032, 0.152889,  3,   629.34739,  40, 293981.750000, 4.000000, -0.017886, 0.009777, 0.000000, 1.211542
KLEAGIR, Yes, 0.09006, 0.960977, 0.027971, 0.222471,  2,   393.74523,  15, 1686481.250000, 6.000000, 0.844903, 0.017473, 0.045141, 0.134971
LNQYFQK, Yes, 0.48641, 0.945269, 0.036597, 0.581295,  2,   470.74798,  11, 2076800.875000, 6.000000, 0.713412, 0.349954, 0.000000, 17.080057


MeanRateConst/CorrCutOff, 0.221658, 0.900000


MedianRateConst/RMSSCutOff, 0.177374, 0.050000
StandDev/NumberPeptides, 0.034991, 4
TotalIonCurrent, 2.28637e+08
