Peptides, PeptideUnique, RateConstants, Correlations, RootMeanRSS, AbsoluteIsotopeError, Charge, m/z(Sequence), NEH, Abundance, NDP, Rsquared,sigma,CI lower band, CI upper band
FWNILDK, Yes, 0.11898, 0.998028, 0.004141, 0.099639,  2,   468.25290,  6, 2545772.000000, 4.000000, 0.967863, 0.018845, 0.059009, 0.178953
GFLDVVAALR, No, 0.17297, 0.992870, 0.012779, 0.115375,  2,   530.81112,  18, 8503386.000000, 6.000000, 0.964000, 0.018632, 0.125071, 0.220863
AISQSGVVISK, Yes, 0.16204, 0.970229, 0.024308, 0.015202,  2,   544.81913,  21, 9550736.000000, 6.000000, 0.910238, 0.025594, 0.096252, 0.227833
LQFWTETLPR, No, 0.19773, 0.990486, 0.009806, 0.022454,  2,   645.84569,  15, 6601431.500000, 6.000000, 0.956360, 0.025553, 0.132049, 0.263421
VTQPEVDTPLGR, Yes, 0.17971, 0.951975, 0.024785, 0.032231,  2,   656.34880,  22, 4644295.000000, 6.000000, 0.740166, 0.047781, 0.056884, 0.302531
QLSLTmmAQWSQFAR, No, 0.07994, 0.954228, 0.015910, 0.145243,  2,   915.43728,  32, 461086.000000, 6.000000, 0.910739, 0.009516, 0.055482, 0.104407
KIQEWHR, No, 0.10689, 0.990935, 0.046357, 0.052963,  2,   498.77231,  15, 2692725.500000, 6.000000, 0.446034, 0.058720, 0.000000, 0.475731


MeanRateConst/CorrCutOff, 0.156388, 0.900000


MedianRateConst/RMSSCutOff, 0.162043, 0.050000
StandDev/NumberPeptides, 0.026918, 6
TotalIonCurrent, 9.27964e+08
