Peptides, PeptideUnique, RateConstants, Correlations, RootMeanRSS, AbsoluteIsotopeError, Charge, m/z(Sequence), NEH, Abundance, NDP, Rsquared,sigma,CI lower band, CI upper band
mNLDPFGR, Yes, 0.64348, 0.905678, 0.031642, 0.168721,  2,   483.22910,  13, 979487.250000, 6.000000, 0.382829, 0.597479, 0.316199, 0.970754
YSEEDIWR, Yes, 0.60050, 0.982333, 0.023811, 0.120671,  2,   549.24853,  17, 2528355.750000, 6.000000, 0.875025, 0.247767, 0.000000, 7.514800
SPQSFFDTTPSGR, Yes, 0.42688, 0.985914, 0.023865, 0.048152,  2,   713.83352,  25, 2488735.750000, 6.000000, 0.895352, 0.123764, 0.108735, 0.745026
EmSSLSSEGEVQNR, Yes, 0.74778, 0.994038, 0.016781, 0.081682,  2,   784.84647,  35, 711738.437500, 6.000000, 0.962964, 0.224915, 0.169615, 1.325938
HIFDQVIGPEGVLAGK, Yes, 0.53464, 0.983688, 0.017764, 0.138126,  3,   560.64203,  30, 249244.703125, 6.000000, 0.942728, 0.143321, 0.166221, 0.903060
TQFEDcTVLTIAHR, Yes, 0.09706, 0.850530, 0.041394, 0.228465,  3,   564.27877,  24, 643998.437500, 6.000000, 0.532697, 0.036127, 0.004196, 0.189933
SPIFSHFSETVTGTSVIR, Yes, 0.10377, 0.982284, 0.021215, 0.150064,  3,   655.67406,  29, 802128.500000, 6.000000, 0.501897, 0.033612, 0.017364, 0.190168
LNTImDYNR, Yes, 0.06324, 0.954799, 0.017568, 0.175614,  2,   578.27677,  12, 850638.187500, 5.000000, 0.414415, 0.017164, 0.015589, 0.110901
YRPGLELVLK, Yes, 0.13601, 0.971089, 0.025610, 0.189448,  3,   396.57640,  15, 282849.687500, 5.000000, 0.669838, 0.039254, 0.027027, 0.244997
HIFDQVIGPEGVLAGK, Yes, 0.40708, 0.971559, 0.031511, 0.302634,  2,   840.45941,  30, 166237.000000, 5.000000, 0.798768, 0.163157, 0.159654, 0.654501


MeanRateConst/CorrCutOff, 0.407042, 0.900000


MedianRateConst/RMSSCutOff, 0.426881, 0.050000
StandDev/NumberPeptides, 0.062142, 9
TotalIonCurrent, 3.34903e+08
