Peptides, PeptideUnique, RateConstants, Correlations, RootMeanRSS, AbsoluteIsotopeError, Charge, m/z(Sequence), NEH, Abundance, NDP, Rsquared,sigma,CI lower band, CI upper band
ADEGISFR, Yes, 5.82159, 0.572220, 0.140937, 1.070296,  2,   447.71942,  19, 1836279.500000, 6.000000, 0.334776, 7580334.500000, 4.992638, 6.650543
LVQAFQFTDK, Yes, 0.22168, 0.972215, 0.023170, 0.065702,  2,   598.81914,  16, 543097.000000, 6.000000, 0.841286, 0.057897, 0.072849, 0.370508
QITINDLPVGR, Yes, 0.09162, 0.957060, 0.020184, 0.085190,  2,   613.34859,  19, 881438.750000, 6.000000, 0.904501, 0.011436, 0.062227, 0.121022
GLFIIDDK, No, 0.12263, 0.974570, 0.012473, 0.144678,  2,   460.75802,  9, 1154260.250000, 6.000000, 0.882327, 0.018567, 0.074901, 0.170358


MeanRateConst/CorrCutOff, 0.145311, 0.900000


MedianRateConst/RMSSCutOff, 0.122629, 0.050000
StandDev/NumberPeptides, 0.018919, 3
TotalIonCurrent, 2.96209e+08
