Peptides, PeptideUnique, RateConstants, Correlations, RootMeanRSS, AbsoluteIsotopeError, Charge, m/z(Sequence), NEH, Abundance, NDP, Rsquared,sigma,CI lower band, CI upper band
IDHILDAL, Yes, 0.06886, -0.033598, 0.121088, 0.044932,  2,   455.25564,  13, 875067.562500, 6.000000, -0.282157, 0.063500, 0.000000, 0.797731
FPLFGGWK, Yes, 0.12735, 0.873840, 0.032793, 0.126345,  2,   476.25799,  8, 1437212.125000, 6.000000, 0.591214, 0.057861, 0.000000, 0.594215
LPVALDPGSK, Yes, 0.05838, 0.994106, 0.007337, 0.118933,  2,   498.78985,  18, 3060099.750000, 6.000000, 0.981543, 0.003181, 0.050201, 0.066554
HFDETVNR, Yes, 0.06851, 0.987016, 0.010619, 0.050909,  2,   509.24106,  15, 2021315.000000, 6.000000, 0.958709, 0.005147, 0.055280, 0.081742
SEDVLDYGPFK, Yes, 0.13304, 0.934529, 0.030448, 0.134998,  2,   635.30352,  17, 1292931.875000, 6.000000, 0.879955, 0.026243, 0.065582, 0.200501
AVTSEIAVLQSR, Yes, 0.07475, 0.991213, 0.011103, 0.081896,  2,   637.35915,  27, 1287120.375000, 6.000000, 0.977568, 0.004502, 0.063172, 0.086319
FVDHVFDEQVIDSLTVK, Yes, 0.00000, -2.000000, 0.043124, 0.195799,  3,   664.34221,  24, 454623.031250, 4.000000, -0.004398, 0.010066, 0.000000, 21.547663
VAcITEQVLTLVNKR, Yes, 0.10377, 0.886978, 0.040672, 0.163747,  3,   581.99770,  23, 218329.078125, 5.000000, 0.326601, 0.051980, 0.000000, 0.657027
TVDLSSHLAK, Yes, 0.13059, 0.980020, 0.015456, 0.060170,  2,   535.79566,  16, 2857948.250000, 6.000000, 0.947621, 0.015022, 0.091971, 0.169201
LKTEGSDLcDR, Yes, 0.05567, 0.697454, 0.073502, 0.143680,  2,   647.30881,  19, 454839.593750, 6.000000, 0.384499, 0.023671, 0.000000, 0.634109


MeanRateConst/CorrCutOff, 0.093052, 0.900000


MedianRateConst/RMSSCutOff, 0.074746, 0.050000
StandDev/NumberPeptides, 0.005985, 5
TotalIonCurrent, 3.11195e+08
