Peptides, PeptideUnique, RateConstants, Correlations, RootMeanRSS, AbsoluteIsotopeError, Charge, m/z(Sequence), NEH, Abundance, NDP, Rsquared,sigma,CI lower band, CI upper band
VATVSLPR, Yes, 0.00000, -2.000000, 0.007961, 0.022863,  2,   421.75835,  14, 3045081856.000000, 6.000000, -4.942499, 0.001788, 0.000000, 1.031199
LSSPATLNSR, Yes, 0.00000, -2.000000, 0.010748, 0.031827,  2,   523.28545,  21, 684625856.000000, 6.000000, -4.678028, 0.001842, 0.000000, 1.032946
LGEHNIDVLEGNEQFINAAK, Yes, 0.00000, -2.000000, 0.003400, 0.020334,  2,  1106.05564,  42, 14445768.000000, 6.000000, -3.696512, 0.001103, 0.000000, 1.006325
LGEHNIDVLEGNEQFINAAK, Yes, 0.00197, 0.548688, 0.003700, 0.041558,  3,   737.70618,  42, 138091120.000000, 6.000000, -0.136444, 0.001241, 0.000000, 0.948296
IITHPNFNGNTLDNDIMLIK, Yes, 0.00001, -2.000000, 0.007825, 0.047885,  3,   761.73157,  26, 20107098.000000, 6.000000, -3.861458, 0.002705, 0.000000, 1.048086
IITHPNFNGNTLDNDIMLIK, Yes, 0.00000, -2.000000, 0.025895, 0.098203,  2,  1142.09372,  26, 1282935.250000, 6.000000, -3.845881, 0.007306, 0.000000, 1.184100
IITHPNFNGNTLDNDImLIK, Yes, 0.00001, -2.000000, 0.008716, 0.050447,  3,   767.06321,  26, 10389904.000000, 5.000000, -2.379549, 0.002904, 0.000000, 1.103721
IITHPNFNGNTLDNDImLIKLSSPATLNSR, Yes, 0.00000, -2.000000, 0.208705, 0.447834,  4,   832.18567,  47, 6503356.500000, 6.000000, -3.359772, 0.068793, 0.000000, 2.953074


MeanRateConst/CorrCutOff, 0.000004, 0.900000


MedianRateConst/RMSSCutOff, 0.000004, 0.050000
StandDev/NumberPeptides, 0.002098, 6
TotalIonCurrent, 8.09281e+10
