Peptides, PeptideUnique, RateConstants, Correlations, RootMeanRSS, AbsoluteIsotopeError, Charge, m/z(Sequence), NEH, Abundance, NDP, Rsquared,sigma,CI lower band, CI upper band
YDDMATcMK, Yes, 0.23694, 0.982525, 0.024128, 0.124775,  2,   567.71685,  12, 64648852.000000, 12.000000, 0.929014, 0.036611, 0.156357, 0.317516
YLAEVAcGDDR, Yes, 0.51571, 0.984100, 0.020221, 0.059654,  2,   634.78242,  24, 19795574.000000, 12.000000, 0.965927, 0.050260, 0.405085, 0.626326
YLIANATNPESK, Yes, 0.16869, 0.967801, 0.045447, 0.104164,  2,   660.84332,  23, 78572464.000000, 12.000000, 0.624534, 0.033273, 0.095460, 0.241928
AVTEQGAELSNEER, Yes, 0.37787, 0.997157, 0.014429, 0.044322,  2,   766.86297,  39, 32678584.000000, 12.000000, 0.980854, 0.024936, 0.322991, 0.432757
QTIENSQGAYQEAFDISK, Yes, 0.24239, 0.977956, 0.028882, 0.198962,  2,  1014.97907,  42, 8622485.000000, 12.000000, 0.910106, 0.038128, 0.158472, 0.326311
TAFDEAIAELDTLNEDSYK, Yes, 0.28222, 0.990701, 0.017577, 0.081456,  3,   715.66717,  37, 7283362.500000, 12.000000, 0.963324, 0.030326, 0.215473, 0.348969
TAFDEAIAELDTLNEDSYK, Yes, 0.42589, 0.976187, 0.017245, 0.066212,  2,  1072.99712,  37, 5409998.000000, 11.000000, 0.949285, 0.050630, 0.313079, 0.538702
SIcTTVLELLDK, Yes, 0.27770, 0.995396, 0.015979, 0.089150,  2,   696.37616,  14, 93117856.000000, 12.000000, 0.946287, 0.033975, 0.202921, 0.352477


MeanRateConst/CorrCutOff, 0.241588, 0.900000


MedianRateConst/RMSSCutOff, 0.242391, 0.050000
StandDev/NumberPeptides, 0.034246, 5
TotalIonCurrent, 1.15688e+10
