Peptides, PeptideUnique, RateConstants, Correlations, RootMeanRSS, AbsoluteIsotopeError, Charge, m/z(Sequence), NEH, Abundance, NDP, Rsquared,sigma,CI lower band, CI upper band
PLFSWEESR, Yes, 0.40037, 0.964915, 0.035878, 0.114953,  2,   575.78000,  20, 64172144.000000, 11.000000, 0.875905, 0.071648, 0.240733, 0.560015
TIQWVQAMEGSAR, Yes, 0.73339, 0.961792, 0.044550, 0.055901,  2,   738.86682,  30, 19040306.000000, 11.000000, 0.667725, 0.206307, 0.273707, 1.193067
VFDLHLSSWLEELK, Yes, 0.75995, 0.966957, 0.021069, 0.056908,  2,   858.45378,  21, 5355820.000000, 11.000000, 0.799272, 0.220211, 0.269289, 1.250611
VFDLHLSSWLEELK, Yes, 0.46042, 0.991996, 0.011908, 0.030484,  3,   572.63828,  21, 62515928.000000, 11.000000, 0.979470, 0.037443, 0.376988, 0.543843
SYEDFNMEFLSPcGLR, Yes, 0.02515, 0.945737, 0.063161, 0.319817,  2,   982.92949,  29, 8929608.000000, 11.000000, 0.518474, 0.010495, 0.001765, 0.048535
GNEDTPYEAVHSHPYPc, Yes, 0.21971, 0.964312, 0.030274, 0.124539,  3,   658.27586,  37, 11225868.000000, 11.000000, 0.900311, 0.033381, 0.145330, 0.294086


MeanRateConst/CorrCutOff, 0.514767, 0.900000


MedianRateConst/RMSSCutOff, 0.460415, 0.050000
StandDev/NumberPeptides, 0.062492, 5
TotalIonCurrent, 6.46656e+09
