Peptides, PeptideUnique, RateConstants, Correlations, RootMeanRSS, AbsoluteIsotopeError, Charge, m/z(Sequence), NEH, Abundance, NDP, Rsquared,sigma,CI lower band, CI upper band
LSISGNYNLK, Yes, 13.73911, 0.177755, 0.175003, 0.157093,  2,   554.80347,  14, 2143378304.000000, 12.000000, -19.004692, 697718.062500, 10.521241, 16.956987
ELISQFLLNR, Yes, 0.77479, 0.837252, 0.021525, 0.562859,  2,   616.85350,  18, 168335872.000000, 12.000000, -4.497917, 0.454966, 0.000000, 3.687344
DQSPASHEIATNLGDFALR, Yes, 0.00765, -0.758137, 0.235108, 0.063910,  3,   681.33610,  44, 153391504.000000, 12.000000, -0.852546, 0.022115, 0.000000, 7.071036
MQHLEQTLNK, Yes, 0.46344, -2.000000, 0.048711, 0.459539,  3,   414.54840,  19, 56927496.000000, 1.000000, 0.000000, inf, 0.463444, 0.463444
MQHLEQTLNK, Yes, 0.46345, -2.000000, 0.019186, 0.518589,  2,   621.31897,  19, 33375324.000000, 1.000000, 0.000000, inf, 0.463446, 0.463446


MeanRateConst/CorrCutOff, 3.089690, 0.900000


MedianRateConst/RMSSCutOff, 0.463446, 0.050000
StandDev/NumberPeptides, 0.105447, 0
TotalIonCurrent, 6.21934e+10
