Peptides, PeptideUnique, RateConstants, Correlations, RootMeanRSS, AbsoluteIsotopeError, Charge, m/z(Sequence), NEH, Abundance, NDP, Rsquared,sigma,CI lower band, CI upper band
QLNNYEIR, Yes, 0.27147, 0.987252, 0.032346, 0.045398,  2,   525.27234,  17, 471649888.000000, 12.000000, 0.851501, 0.045990, 0.170243, 0.372688
AAIPSLHFPATK, Yes, 0.45803, 0.960295, 0.084302, 0.175629,  3,   418.23979,  25, 50421408.000000, 12.000000, 0.132991, 0.205601, 0.005509, 0.910559
DYAFVHFSNR, Yes, 0.48555, 0.958516, 0.033350, 0.083783,  3,   419.20000,  18, 22651162.000000, 12.000000, 0.772057, 0.111327, 0.240521, 0.730581
GFAFVEYESHR, No, 0.57399, 0.979802, 0.019533, 0.053041,  3,   447.87892,  24, 35036044.000000, 12.000000, 0.950761, 0.068593, 0.423019, 0.724965
EFNSIKPGAVER, Yes, 0.27798, 0.983632, 0.033924, 0.131898,  2,   673.85677,  26, 20685312.000000, 12.000000, 0.891655, 0.045552, 0.177719, 0.378239
TGYSLVQENGQR, Yes, 0.49338, 0.956718, 0.038706, 0.125131,  2,   676.33367,  25, 12527349.000000, 12.000000, 0.876175, 0.103239, 0.266148, 0.720603
VTEGVVDVIVYPSAADK, Yes, 0.30490, 0.995075, 0.010673, 0.073690,  2,   881.46710,  27, 58783828.000000, 12.000000, 0.983559, 0.020636, 0.259481, 0.350320
LAPQILEEIcQK, Yes, 0.69065, 0.974778, 0.071260, 0.066624,  2,   721.38959,  27, 32776630.000000, 12.000000, -0.135179, 0.291516, 0.049032, 1.332274


MeanRateConst/CorrCutOff, 0.401210, 0.900000


MedianRateConst/RMSSCutOff, 0.485551, 0.050000
StandDev/NumberPeptides, 0.047845, 6
TotalIonCurrent, 2.09211e+10
