Peptides, PeptideUnique, RateConstants, Correlations, RootMeanRSS, AbsoluteIsotopeError, Charge, m/z(Sequence), NEH, Abundance, NDP, Rsquared,sigma,CI lower band, CI upper band
NNPGVLTTR, Yes, 0.63741, 0.951458, 0.030262, 0.165496,  2,   486.26707,  13, 63229004.000000, 12.000000, 0.778094, 0.125954, 0.360191, 0.914637
VGFFELFR, Yes, 0.22745, 0.987838, 0.015395, 0.039629,  2,   507.77401,  11, 88910120.000000, 12.000000, 0.962638, 0.023093, 0.176620, 0.278275
STALQLIQR, Yes, 0.14693, 0.991841, 0.035852, 0.034501,  2,   515.30619,  20, 543098688.000000, 12.000000, 0.844798, 0.020827, 0.101091, 0.192771
AGSIADEVLSSIR, Yes, 0.41247, 0.998366, 0.008844, 0.033223,  2,   659.35406,  30, 56027760.000000, 12.000000, 0.991815, 0.018418, 0.371930, 0.453003
KPPIDVYSGAGEK, Yes, 0.86761, 0.786900, 0.069616, 0.602926,  2,   680.85898,  24, 20414540.000000, 12.000000, -1.563909, 0.449580, 0.000000, 3.531164
IQHGHTIISVAHR, Yes, 0.28390, 0.992847, 0.023852, 0.075559,  4,   367.95875,  28, 13913505.000000, 12.000000, 0.929334, 0.034867, 0.207157, 0.360640
QPVMDcMSGDGYK, Yes, 0.25963, 0.981447, 0.019187, 0.143536,  2,   744.30182,  22, 13474373.000000, 12.000000, 0.960820, 0.026118, 0.202141, 0.317110
IDEAIADQMALFLQR, Yes, 0.00184, 0.743366, 0.059489, 0.162748,  2,   867.44816,  35, 27565712.000000, 12.000000, -0.112075, 0.005319, 0.000000, 4.511806
FYDPDQGTVMIDGHDSK, Yes, 0.32703, 0.962023, 0.042250, 0.142588,  3,   642.28425,  27, 28214470.000000, 12.000000, 0.640745, 0.096652, 0.114301, 0.539762
ILLLDMATSALDNESEAK, Yes, 0.33478, 0.982646, 0.016610, 0.145259,  2,   967.49296,  36, 10590421.000000, 12.000000, 0.956242, 0.033432, 0.261201, 0.408368
LSTIQNSDIIAVMSQGVVIEK, Yes, 0.22955, 0.810808, 0.120026, 0.288790,  3,   749.07512,  37, 17343950.000000, 12.000000, -1.452447, 0.187511, 0.000000, 3.414650
SNIGIVSQEPVLFDcSIMDNIK, Yes, 0.43433, 0.985786, 0.014503, 0.151220,  3,   827.07842,  37, 9285199.000000, 12.000000, 0.925060, 0.054824, 0.313664, 0.554997
MEIGWFDcTSVGELNSR, Yes, 0.03861, 0.956049, 0.115975, 0.380662,  2,  1000.94568,  29, 3471860.250000, 4.000000, 0.348942, 0.060082, 0.000000, 5.961556
IQHGHTIISVAHR, Yes, 0.37276, 0.977147, 0.025892, 0.124259,  3,   490.27590,  28, 5014482.500000, 12.000000, 0.905720, 0.050724, 0.261118, 0.484406


MeanRateConst/CorrCutOff, 0.331543, 0.900000


MedianRateConst/RMSSCutOff, 0.327031, 0.050000
StandDev/NumberPeptides, 0.032952, 8
TotalIonCurrent, 2.8861e+10
