Peptides, PeptideUnique, RateConstants, Correlations, RootMeanRSS, AbsoluteIsotopeError, Charge, m/z(Sequence), NEH, Abundance, NDP, Rsquared,sigma,CI lower band, CI upper band
VAFDFAAR, Yes, 0.21837, 0.971697, 0.030997, 0.209386,  2,   448.73488,  18, 135914416.000000, 12.000000, 0.891706, 0.027471, 0.157908, 0.278833
GIScIVVEK, Yes, 0.05971, 0.963778, 0.027410, 0.089589,  2,   502.77588,  13, 84610448.000000, 12.000000, 0.906586, 0.006895, 0.044534, 0.074885
AAQLGFGGVYVR, Yes, 0.08619, 0.994255, 0.017614, 0.073903,  2,   619.33803,  24, 133021816.000000, 12.000000, 0.974868, 0.005493, 0.074096, 0.098278
MIDSFGNEEQR, Yes, 0.08685, 0.953180, 0.044694, 0.140060,  2,   663.29315,  26, 11235609.000000, 12.000000, 0.863308, 0.013603, 0.056906, 0.116787
QQGDHYILNGSK, Yes, 0.09051, 0.931866, 0.050648, 0.089090,  2,   680.33621,  23, 6395983.500000, 11.000000, 0.646944, 0.018386, 0.049547, 0.131480
EMAPNMAEWDQK, Yes, 0.14982, 0.963728, 0.028388, 0.226666,  2,   725.31048,  29, 16823326.000000, 12.000000, 0.901805, 0.017867, 0.110494, 0.189145
VHQILEGSNEVMR, Yes, 0.49030, 0.899669, 0.052004, 0.301847,  2,   756.38537,  28, 35204200.000000, 12.000000, 0.638166, 0.152509, 0.154635, 0.825974
AVIFEDcAVPVANR, Yes, 0.40007, 0.913287, 0.045702, 0.221254,  2,   780.89558,  30, 77201368.000000, 12.000000, 0.364616, 0.119903, 0.136166, 0.663977
SQYLQFQLADMATK, Yes, 0.12112, 0.994173, 0.011545, 0.064227,  2,   822.40851,  28, 70097736.000000, 12.000000, 0.983807, 0.006533, 0.106744, 0.135501
FASYcLTEPGSGSDAASLLTSAK, Yes, 0.08284, 0.984106, 0.015273, 0.130171,  2,  1167.05192,  46, 21857590.000000, 12.000000, 0.963116, 0.006048, 0.069524, 0.096148
INVAScSLGAAHASVILTQEHLK, Yes, 0.10144, 0.857540, 0.066852, 0.290748,  3,   807.09691,  48, 8857106.000000, 12.000000, 0.211617, 0.037162, 0.019648, 0.183236
VHQILEGSNEVMR, Yes, 21.55218, 0.415179, 0.088356, 0.337387,  3,   504.59267,  28, 57302220.000000, 12.000000, -0.407238, 842234304.000000, 19.694393, 23.409958
FASYcLTEPGSGSDAASLLTSAK, Yes, 0.04917, 0.890885, 0.064789, 0.211797,  3,   778.37037,  46, 30151672.000000, 12.000000, 0.133766, 0.010581, 0.025884, 0.072460


MeanRateConst/CorrCutOff, 0.078895, 0.900000


MedianRateConst/RMSSCutOff, 0.086187, 0.050000
StandDev/NumberPeptides, 0.007068, 4
TotalIonCurrent, 2.07517e+10
