Peptides, PeptideUnique, RateConstants, Correlations, RootMeanRSS, AbsoluteIsotopeError, Charge, m/z(Sequence), NEH, Abundance, NDP, Rsquared,sigma,CI lower band, CI upper band
VTVPALLR, Yes, 0.12224, 0.989898, 0.024157, 0.058594,  2,   434.78437,  12, 150887664.000000, 12.000000, 0.887899, 0.015985, 0.087061, 0.157426
NLGSVDFPR, Yes, 0.00605, 0.949372, 0.026617, 0.092092,  2,   502.76162,  15, 641649856.000000, 12.000000, 0.268394, 0.005091, 0.000000, 3.667147
YWLQNPGELQR, Yes, 0.52300, 0.919572, 0.082006, 0.049336,  2,   702.35694,  23, 209457936.000000, 12.000000, -0.928144, 0.294271, 0.000000, 2.192382
NGIcLEMGPQPQGVLR, Yes, 0.68464, 0.445179, 0.149435, 0.048303,  2,   884.94528,  34, 47549760.000000, 12.000000, -0.740214, 0.770737, 0.000000, 3.466989
PSFSAMPVLANPAATAAccR, Yes, 0.13556, 0.960110, 0.037914, 0.091661,  2,  1046.49226,  48, 7140938.500000, 9.000000, 0.875070, 0.022846, 0.082873, 0.188237
PSFSAMPVLANPAATAAccR, Yes, 0.18546, 0.928806, 0.064658, 0.147255,  3,   697.99727,  48, 4827632.500000, 11.000000, -0.127970, 0.108982, 0.000000, 2.757397
LFLYEPAGTETFSVESISK, Yes, 0.13215, 0.976603, 0.018254, 0.049132,  2,  1059.53570,  33, 71514760.000000, 12.000000, 0.928542, 0.014078, 0.101162, 0.163133
ScTLTFLGSTATPDDPYEVK, Yes, 0.12057, 0.959413, 0.025179, 0.112577,  2,  1101.51719,  29, 16863642.000000, 12.000000, 0.903251, 0.017419, 0.082233, 0.158910
VAVTGGTHGNEMcGVYLAR, Yes, 0.24067, 0.848678, 0.087598, 0.312347,  2,   996.47494,  34, 1509080.000000, 11.000000, 0.160518, 0.173045, 0.000000, 2.746502
VAVTGGTHGNEMcGVYLAR, Yes, 0.18134, 0.994398, 0.011904, 0.060956,  3,   664.65239,  34, 48503552.000000, 12.000000, 0.982710, 0.010324, 0.158615, 0.204063


MeanRateConst/CorrCutOff, 0.127629, 0.900000


MedianRateConst/RMSSCutOff, 0.132148, 0.050000
StandDev/NumberPeptides, 0.017038, 4
TotalIonCurrent, 3.07014e+10
