Peptides, PeptideUnique, RateConstants, Correlations, RootMeanRSS, AbsoluteIsotopeError, Charge, m/z(Sequence), NEH, Abundance, NDP, Rsquared,sigma,CI lower band, CI upper band
HLSDAINEK, Yes, 1.50356, 0.522286, 0.087958, 0.498643,  2,   513.76435,  19, 18308488.000000, 11.000000, -1.968336, 1.107428, 0.221807, 2.785315
GAILTGPPGTGK, Yes, 6.58389, 0.310385, 0.252192, 1.608050,  2,   534.80604,  19, 22820976.000000, 10.000000, -114.338043, 207695.859375, 4.645833, 8.521946
VGQISFDLPR, Yes, 0.82718, 0.785372, 0.102575, 0.887027,  2,   566.31148,  19, 43700204.000000, 11.000000, -0.741899, 0.657999, 0.000000, 4.532924
LASLTPGFSGADVANVcNEAALIAAR, Yes, 0.05258, 0.890261, 0.068148, 0.163150,  3,   863.44275,  59, 6133559.500000, 7.000000, 0.468368, 0.011370, 0.024757, 0.080401
VALLLLEK, Yes, 0.16131, 0.987865, 0.042044, 0.047874,  2,   449.80221,  11, 281285344.000000, 11.000000, 0.518338, 0.043307, 0.064814, 0.257802
ITTGAQDDLRK, Yes, 0.41624, 0.959600, 0.064213, 0.323988,  3,   406.55433,  19, 4766348.500000, 10.000000, 0.396716, 0.154820, 0.066013, 0.766465
LEIMEFVNFLK, Yes, 0.50274, 0.955191, 0.012488, 0.299998,  2,   691.87304,  14, 24963396.000000, 10.000000, 0.909213, 0.050863, 0.387680, 0.617800


MeanRateConst/CorrCutOff, 0.332024, 0.900000


MedianRateConst/RMSSCutOff, 0.502740, 0.050000
StandDev/NumberPeptides, 0.046782, 2
TotalIonCurrent, 1.38366e+10
