Peptides, PeptideUnique, RateConstants, Correlations, RootMeanRSS, AbsoluteIsotopeError, Charge, m/z(Sequence), NEH, Abundance, NDP, Rsquared,sigma,CI lower band, CI upper band
MSFVNDLTVTR, Yes, 0.31701, 0.920901, 0.038853, 0.056453,  2,   641.82664,  13, 28451890.000000, 9.000000, 0.703412, 0.098723, 0.089351, 0.544663
ANPGFSMLDFLSDKPFIK, Yes, 0.19985, 0.886960, 0.048418, 0.172012,  3,   676.34840,  27, 21200754.000000, 9.000000, 0.015920, 0.088912, 0.000000, 2.861953
EPPFMFGVLHPNTK, Yes, 0.78853, 0.502938, 0.086005, 0.479462,  3,   538.60967,  22, 10630783.000000, 9.000000, -2.446304, 0.617236, 0.000000, 5.153193
LFENQLSGPESIVNIGDVLFTGTADGR, Yes, 0.20256, 0.902615, 0.053182, 0.072016,  3,   950.48205,  48, 6285568.500000, 9.000000, -0.496722, 0.143669, 0.000000, 3.113327


MeanRateConst/CorrCutOff, 0.317007, 0.900000


MedianRateConst/RMSSCutOff, 0.317007, 0.050000
StandDev/NumberPeptides, 0.098723, 1
TotalIonCurrent, 2.0918e+09
