Peptides, PeptideUnique, RateConstants, Correlations, RootMeanRSS, AbsoluteIsotopeError, Charge, m/z(Sequence), NEH, Abundance, NDP, Rsquared,sigma,CI lower band, CI upper band
SKMEEQTQQIR, Yes, 15.01739, 0.991713, 0.042542, 0.185185,  2,   689.34317,  28, 1834096.750000, 9.000000, 0.870664, 475048.312500, 14.052526, 15.982245
GWFEPIVEDMHR, Yes, 2.85423, 0.985492, 0.021911, 0.037760,  3,   505.90649,  23, 150569728.000000, 9.000000, 0.910080, 1.703620, 2.140134, 3.568333
NEVHTMLGQSTEEIR, Yes, 2.47665, 0.988351, 0.019573, 0.109259,  2,   872.42014,  32, 21002014.000000, 9.000000, 0.947731, 0.917366, 0.361201, 4.592100
NEVHTMLGQSTEEIR, Yes, 5.87949, 0.987936, 0.024090, 0.072336,  3,   581.94919,  32, 71276904.000000, 9.000000, 0.924873, 34.194355, 5.106418, 6.652555
GRLEEVGNQAR, Yes, 1.13973, 0.981055, 0.083592, 0.041222,  3,   410.21793,  29, 28422940.000000, 9.000000, 0.214372, 0.607137, 0.013789, 2.265662


MeanRateConst/CorrCutOff, 6.556939, 0.900000


MedianRateConst/RMSSCutOff, 5.879486, 0.050000
StandDev/NumberPeptides, 2.344241, 4
TotalIonCurrent, 9.74326e+09
