Peptides, PeptideUnique, RateConstants, Correlations, RootMeanRSS, AbsoluteIsotopeError, Charge, m/z(Sequence), NEH, Abundance, NDP, Rsquared,sigma,CI lower band, CI upper band
SFPDFPIPGVLFR, Yes, 0.13464, 0.984979, 0.025743, 0.129418,  2,   746.40338,  20, 42287792.000000, 8.000000, 0.847828, 0.022820, 0.080681, 0.188600
GFLFGPSLAQELGVGcVLIR, Yes, 0.05571, 0.963142, 0.044201, 0.179917,  2,  1067.07990,  35, 4381919.000000, 8.000000, 0.716375, 0.018625, 0.011665, 0.099746
GFLFGPSLAQELGVGcVLIR, Yes, 0.20203, 0.954597, 0.050517, 0.111477,  3,   711.72236,  35, 5947414.500000, 8.000000, 0.046226, 0.074759, 0.025249, 0.378803


MeanRateConst/CorrCutOff, 0.130791, 0.900000


MedianRateConst/RMSSCutOff, 0.134641, 0.050000
StandDev/NumberPeptides, 0.027054, 2
TotalIonCurrent, 1.34755e+09
