Peptides, PeptideUnique, RateConstants, Correlations, RootMeanRSS, AbsoluteIsotopeError, Charge, m/z(Sequence), NEH, Abundance, NDP, Rsquared,sigma,CI lower band, CI upper band
AYGENIGYSEK, Yes, 0.20008, 0.952851, 0.041694, 0.153521,  2,   615.78547,  22, 26518078.000000, 10.000000, 0.882397, 0.036562, 0.117369, 0.282787
YNPNVLPVQcTGK, Yes, 0.07801, 0.968733, 0.031201, 0.120463,  2,   745.37703,  19, 139975632.000000, 10.000000, 0.889480, 0.011146, 0.052795, 0.103225
VAPPGLTQIPQIQK, Yes, 0.14220, 0.996656, 0.011605, 0.045329,  2,   745.44048,  29, 102415280.000000, 10.000000, 0.979980, 0.008235, 0.123569, 0.160829
SYEAYVLNIIR, Yes, 0.66205, 0.948363, 0.029682, 0.016497,  2,   670.86406,  19, 338827328.000000, 10.000000, 0.643235, 0.226039, 0.150717, 1.173390


MeanRateConst/CorrCutOff, 0.270585, 0.900000


MedianRateConst/RMSSCutOff, 0.200078, 0.050000
StandDev/NumberPeptides, 0.016466, 4
TotalIonCurrent, 1.05984e+10
