Peptides, PeptideUnique, RateConstants, Correlations, RootMeanRSS, AbsoluteIsotopeError, Charge, m/z(Sequence), NEH, Abundance, NDP, Rsquared,sigma,CI lower band, CI upper band
IAVNIcYGR, Yes, 4.47627, 0.971047, 0.051795, 0.449169,  2,   533.27912,  15, 78484712.000000, 12.000000, -0.168588, 18.539228, 3.248408, 5.704138
ELAEAVKPNYSPN, Yes, 0.71830, 0.873195, 0.099622, 0.097331,  2,   716.35933,  29, 24145342.000000, 12.000000, -0.718971, 0.467316, 0.000000, 4.347333
NAAIANHcFTcALNR, Yes, 0.61598, 0.977480, 0.074273, 0.242443,  2,   866.90394,  33, 13093373.000000, 12.000000, 0.662504, 0.227089, 0.116160, 1.115799
VGQEHFPNEFTSGDGK, Yes, 0.71810, 0.969636, 0.034548, 0.115852,  3,   583.60068,  31, 13356853.000000, 12.000000, 0.828754, 0.174572, 0.333872, 1.102334
EKLPWTEFAESAEDGLTTR, Yes, 0.40070, 0.628426, 0.084300, 0.121779,  3,   727.35504,  39, 9171215.000000, 11.000000, -0.252971, 0.440269, 0.000000, 3.737490
EHGGVLWNTAVVISNSGLVMGK, Yes, 0.51467, 0.980885, 0.027393, 0.141860,  3,   756.73169,  34, 16509336.000000, 12.000000, 0.829539, 0.125808, 0.237770, 0.791572
AHHDLGYFYGSSYVAAPDGSR, Yes, 0.63123, 0.952121, 0.035663, 0.132250,  3,   757.34689,  44, 10388297.000000, 12.000000, 0.760226, 0.182805, 0.228875, 1.033576
AHHDLGYFYGSSYVAAPDGSR, Yes, 0.53717, 0.993549, 0.017228, 0.136384,  4,   568.26199,  44, 27579498.000000, 12.000000, 0.939545, 0.075268, 0.371508, 0.702836
NQDGLLVTELNLNLcQQINDFWTFK, Yes, 0.00139, 0.050227, 0.085743, 0.056401,  3,  1008.50256,  37, 13766231.000000, 11.000000, -0.184359, 0.017687, 0.000000, 6.170484


MeanRateConst/CorrCutOff, 0.600293, 0.900000


MedianRateConst/RMSSCutOff, 0.631226, 0.050000
StandDev/NumberPeptides, 0.123331, 4
TotalIonCurrent, 7.94613e+09
