Peptides, PeptideUnique, RateConstants, Correlations, RootMeanRSS, AbsoluteIsotopeError, Charge, m/z(Sequence), NEH, Abundance, NDP, Rsquared,sigma,CI lower band, CI upper band
SAAHNKPSLIR, Yes, 0.76592, 0.338525, 0.230056, 0.034780,  3,   398.56315,  26, 4092238.250000, 12.000000, -3.152679, 1.032640, 0.000000, 7.582407
LGTLSALDILIK, Yes, 0.17224, 0.988874, 0.020166, 0.065471,  2,   628.89483,  15, 86895320.000000, 12.000000, 0.959882, 0.017380, 0.133991, 0.210497
NSAAHNKPSLIR, Yes, 0.25273, 0.921330, 0.107816, 0.131953,  3,   436.57746,  28, 1996593.625000, 12.000000, -0.790136, 0.128258, 0.000000, 2.431749
AVAALLTIPEAEK, Yes, 0.25335, 0.976052, 0.053951, 0.095914,  2,   663.38737,  29, 31923950.000000, 12.000000, 0.731964, 0.059738, 0.121864, 0.384827
ISGSILNELIGLVR, Yes, 0.11374, 0.972194, 0.023163, 0.106548,  3,   495.29959,  23, 5075920.500000, 12.000000, 0.934759, 0.011820, 0.087719, 0.139751
ISGSILNELIGLVR, Yes, 0.19588, 0.996286, 0.014616, 0.062539,  2,   742.44575,  23, 44846476.000000, 12.000000, 0.966325, 0.016555, 0.159441, 0.232317
MLTGPVYSQSTALTHK, Yes, 0.34664, 0.987449, 0.017576, 0.306930,  3,   578.63454,  25, 38012712.000000, 12.000000, 0.923616, 0.040050, 0.258486, 0.434785
QEDVSVQLEALDIMADMLSR, Yes, 0.20266, 0.958236, 0.070051, 0.106674,  2,  1132.05085,  44, 5318531.000000, 12.000000, -1.223523, 0.097169, 0.000000, 2.658853
SPLMSEFQSQISSNPELAAIFESIQK, Yes, 0.00698, -0.739183, 0.121313, 0.135644,  3,   961.14777,  60, 3661009.000000, 11.000000, -0.611568, 0.019401, 0.000000, 6.395053
HTVDDGLDIR, Yes, 0.46710, 0.795527, 0.070746, 0.074062,  2,   570.78583,  16, 42396128.000000, 12.000000, -0.076812, 0.270255, 0.000000, 2.232207


MeanRateConst/CorrCutOff, 0.207123, 0.900000


MedianRateConst/RMSSCutOff, 0.195879, 0.050000
StandDev/NumberPeptides, 0.017582, 4
TotalIonCurrent, 8.43833e+09
