Peptides, PeptideUnique, RateConstants, Correlations, RootMeanRSS, AbsoluteIsotopeError, Charge, m/z(Sequence), NEH, Abundance, NDP, Rsquared,sigma,CI lower band, CI upper band
VGDYGSLSGR, Yes, 0.94109, 0.793624, 0.057382, 0.274984,  2,   505.74872,  18, 265152640.000000, 12.000000, -0.093288, 0.553005, 0.000000, 3.586466
NSWGEPWGEK, Yes, 0.29423, 0.977449, 0.032650, 0.008435,  2,   595.26726,  19, 166231440.000000, 12.000000, 0.816901, 0.051383, 0.181140, 0.407327
NVNGVNYASVTR, Yes, 0.00371, 0.788589, 0.155351, 0.420890,  2,   647.33093,  20, 125834464.000000, 12.000000, -0.237312, 0.011499, 0.000000, 5.189850
FNQcGTcTEFK, Yes, 0.17008, 0.970825, 0.020864, 0.051438,  2,   696.28957,  16, 59811424.000000, 12.000000, 0.916285, 0.020898, 0.124084, 0.216077
HGIPDETcNNYQAK, Yes, 0.18097, 0.993751, 0.018330, 0.125603,  2,   823.86500,  28, 21183266.000000, 12.000000, 0.975420, 0.012760, 0.152889, 0.209058
HGIPDETcNNYQAK, Yes, 0.19121, 0.994668, 0.012320, 0.035102,  3,   549.57909,  28, 78194488.000000, 12.000000, 0.983150, 0.010394, 0.168336, 0.214091
NQHIPQYcGScWAHGSTSAMADR, Yes, 0.25043, 0.975276, 0.023247, 0.142373,  3,   878.70588,  53, 13057759.000000, 10.000000, 0.867314, 0.037830, 0.164855, 0.336010
DQDcDKFNQcGTcTEFK, Yes, 0.18746, 0.956271, 0.023908, 0.439869,  2,  1076.92209,  28, 7453127.500000, 8.000000, 0.658518, 0.089414, 0.000000, 2.379210


MeanRateConst/CorrCutOff, 0.196032, 0.900000


MedianRateConst/RMSSCutOff, 0.187462, 0.050000
StandDev/NumberPeptides, 0.019227, 5
TotalIonCurrent, 2.50998e+10
