Peptides, PeptideUnique, RateConstants, Correlations, RootMeanRSS, AbsoluteIsotopeError, Charge, m/z(Sequence), NEH, Abundance, NDP, Rsquared,sigma,CI lower band, CI upper band
cGVQSFYTPR, Yes, 0.01354, 0.969673, 0.077158, 0.139680,  2,   607.78478,  17, 45594172.000000, 12.000000, 0.301389, 0.007618, 0.000000, 3.223340
LLLDTFEYQGLVK, Yes, 0.07177, 0.964964, 0.018986, 0.049349,  2,   769.92687,  16, 112413048.000000, 12.000000, 0.926564, 0.006818, 0.056765, 0.086777
GAESITTYTFNTHK, Yes, 0.17932, 0.950030, 0.036950, 0.182831,  2,   785.38082,  20, 25762670.000000, 12.000000, 0.850291, 0.037988, 0.095707, 0.262927
SVVTEEFNGSDWER, Yes, 0.04599, 0.989451, 0.019195, 0.092187,  2,   827.87082,  28, 28136994.000000, 12.000000, 0.951490, 0.003499, 0.038289, 0.053690
SNPGGFGIAPH, Yes, 0.00581, 0.850161, 0.036140, 0.083371,  2,   527.25925,  24, 131268544.000000, 12.000000, 0.432429, 0.002485, 0.000346, 0.011283
AGAGGGGGAVGPQPSAKPR, Yes, 0.14841, 0.877681, 0.190120, 0.567438,  3,   531.28150,  49, 1685937.000000, 12.000000, -1.527845, 0.092378, 0.000000, 3.428891


MeanRateConst/CorrCutOff, 0.075723, 0.900000


MedianRateConst/RMSSCutOff, 0.071771, 0.050000
StandDev/NumberPeptides, 0.004644, 4
TotalIonCurrent, 7.75012e+09
