Peptides, PeptideUnique, RateConstants, Correlations, RootMeanRSS, AbsoluteIsotopeError, Charge, m/z(Sequence), NEH, Abundance, NDP, Rsquared,sigma,CI lower band, CI upper band
EGSSIGAIDSR, Yes, 0.39982, 0.812875, 0.129087, 0.100433,  2,   546.27000,  27, 144427504.000000, 12.000000, -1.520364, 0.224711, 0.000000, 2.319275
VVPGYGHAVLR, Yes, 0.09866, 0.997140, 0.014143, 0.051220,  3,   389.89262,  19, 229370448.000000, 12.000000, 0.964601, 0.006739, 0.083830, 0.113497
VVPGYGHAVLR, Yes, 0.08794, 0.991378, 0.013143, 0.058877,  2,   584.33529,  19, 126436096.000000, 12.000000, 0.976287, 0.004999, 0.076937, 0.098943
DYIWNTLNSGR, Yes, 0.09687, 0.989660, 0.012802, 0.030447,  2,   669.82547,  16, 246033968.000000, 12.000000, 0.966348, 0.006778, 0.081955, 0.111792
MLGYTDPQFTELMR, Yes, 0.03980, 0.955613, 0.031411, 0.229960,  2,   851.40238,  22, 12995733.000000, 12.000000, 0.741306, 0.009338, 0.019246, 0.060354
TVVGQITVDMMYGGMR, Yes, 0.05061, 0.968849, 0.039485, 0.136598,  3,   586.61763,  22, 34864964.000000, 12.000000, 0.801925, 0.010623, 0.027227, 0.073988
TVVGQITVDMMYGGMR, Yes, 0.12612, 0.981343, 0.015023, 0.095068,  2,   879.42280,  22, 91560992.000000, 12.000000, 0.941970, 0.010794, 0.102367, 0.149882
GLVYETSVLDPDEGIR, Yes, 0.12076, 0.992760, 0.011493, 0.018952,  2,   881.94652,  28, 87865528.000000, 12.000000, 0.978180, 0.006797, 0.105796, 0.135716
LYLTIHSDHEGGNVSAH, Yes, 0.09402, 0.975677, 0.020981, 0.217082,  4,   463.22614,  33, 35022888.000000, 12.000000, 0.944156, 0.008659, 0.074959, 0.113076
LYLTIHSDHEGGNVSAH, Yes, 0.04954, 0.942951, 0.056624, 0.460336,  2,   925.44501,  33, 9777404.000000, 9.000000, 0.600045, 0.015933, 0.012795, 0.086280
SQLSAAITALNSESNFAR, Yes, 0.16752, 0.841690, 0.119060, 0.064241,  2,   940.47903,  44, 18087472.000000, 12.000000, -4.973087, 0.104132, 0.000000, 3.350245
LDWSHNFTNMLGYTDPQFTELMR, Yes, 0.10166, 0.996617, 0.005304, 0.043460,  3,   939.43175,  34, 84690328.000000, 12.000000, 0.989981, 0.003988, 0.092878, 0.110435
AALPSHVVTMLDNFPTNLHPMSQLSAAITALNSESNFAR, Yes, 0.07781, 0.986238, 0.005852, 0.030814,  4,  1042.27539,  79, 12768371.000000, 12.000000, 0.967534, 0.004744, 0.067372, 0.088255
ALGFPLERPK, Yes, 0.11488, 0.992703, 0.029972, 0.061824,  3,   376.55723,  20, 144582448.000000, 12.000000, 0.859037, 0.014522, 0.082922, 0.146847


MeanRateConst/CorrCutOff, 0.096934, 0.900000


MedianRateConst/RMSSCutOff, 0.096873, 0.050000
StandDev/NumberPeptides, 0.006776, 10
TotalIonCurrent, 4.19408e+10
