Peptides, PeptideUnique, RateConstants, Correlations, RootMeanRSS, AbsoluteIsotopeError, Charge, m/z(Sequence), NEH, Abundance, NDP, Rsquared,sigma,CI lower band, CI upper band
DTQDILYAR, Yes, 0.13848, 0.993842, 0.012834, 0.054387,  2,   547.77746,  17, 90175712.000000, 12.000000, 0.982243, 0.007096, 0.122863, 0.154099
AVLYVPGNDEK, Yes, 0.30970, 0.885256, 0.058343, 0.079054,  2,   602.81405,  19, 109768704.000000, 12.000000, -0.190100, 0.193385, 0.000000, 2.473834
IQWAEELIAAFK, Yes, 0.12244, 0.994966, 0.011894, 0.036243,  2,   709.88753,  27, 91564456.000000, 12.000000, 0.984608, 0.006390, 0.108379, 0.136506
IQWAEELIAAFK, Yes, 0.04369, 0.973119, 0.056125, 0.146553,  3,   473.59411,  27, 3141558.000000, 12.000000, 0.751153, 0.009178, 0.023489, 0.063892
QIAVVQEQFTPTPEK, Yes, 0.07252, 0.962508, 0.030920, 0.156113,  2,   857.95415,  32, 20239608.000000, 12.000000, 0.897035, 0.009206, 0.052252, 0.092779
AFGLQAIDLVYIDFR, Yes, 0.11954, 0.992188, 0.010782, 0.034639,  2,   870.96960,  26, 14606299.000000, 12.000000, 0.976310, 0.007079, 0.103955, 0.135115
INSVSSGLAEVDLETFLQAR, Yes, 10.81299, 0.087121, 0.217222, 0.114954,  2,  1075.06040,  41, 12758412.000000, 11.000000, -4.185179, 50139.480469, 6.561655, 15.064322
LEQPMNLIPFVETAMGLLNFK, Yes, 0.11148, 0.987942, 0.016114, 0.027741,  3,   802.42509,  34, 15580060.000000, 12.000000, 0.883094, 0.013265, 0.082289, 0.140681
KLEQPMNLIPFVETAMGLLNFK, Yes, 0.08083, 0.980812, 0.015069, 0.067550,  3,   845.12341,  34, 8275219.500000, 12.000000, 0.928532, 0.009037, 0.060936, 0.100717
QVIHPNQIAVVQEQFTPTPEK, Yes, 0.10779, 0.990507, 0.010796, 0.202120,  3,   801.76041,  45, 18706966.000000, 12.000000, 0.971583, 0.006518, 0.093448, 0.122141


MeanRateConst/CorrCutOff, 0.113427, 0.900000


MedianRateConst/RMSSCutOff, 0.111485, 0.050000
StandDev/NumberPeptides, 0.007711, 6
TotalIonCurrent, 1.32557e+10
