Peptides, PeptideUnique, RateConstants, Correlations, RootMeanRSS, AbsoluteIsotopeError, Charge, m/z(Sequence), NEH, Abundance, NDP, Rsquared,sigma,CI lower band, CI upper band
GETGPAGPAGPIGPAGAR, Yes, 0.00090, 0.955458, 0.012097, 0.049293,  2,   766.89443,  47, 454185120.000000, 10.000000, -0.853132, 0.000945, 0.000000, 4.296353
NGDRGETGPAGPAGPIGPAGAR, Yes, 0.00058, -0.127292, 0.067028, 0.265762,  2,   987.99065,  56, 17827466.000000, 10.000000, -0.901440, 0.005275, 0.000000, 5.063526
SAGVSVPGPMGPSGPR, Yes, 0.30444, 0.920752, 0.150536, 0.155212,  2,   726.86683,  36, 37693752.000000, 10.000000, -3.492318, 0.240150, 0.000000, 3.021243
NGDRGETGPAGPAGPIGPAGAR, Yes, 0.00246, 0.020972, 0.019049, 0.047960,  3,   658.99619,  56, 114773552.000000, 10.000000, -1.946513, 0.002072, 0.000000, 4.387628


MeanRateConst/CorrCutOff, 0.001677, 0.900000


MedianRateConst/RMSSCutOff, 0.002457, 0.050000
StandDev/NumberPeptides, 0.001298, 2
TotalIonCurrent, 1.34048e+10
