Peptides, PeptideUnique, RateConstants, Correlations, RootMeanRSS, AbsoluteIsotopeError, Charge, m/z(Sequence), NEH, Abundance, NDP, Rsquared,sigma,CI lower band, CI upper band
SQGTSTYVQDR, Yes, 21.99161, 0.487023, 0.108245, 0.234252,  2,   621.29148,  21, 8403637.000000, 11.000000, -1.321828, 1665089536.000000, 19.817053, 24.166170
DIELSVVLPGDILK, Yes, 0.22113, 0.972779, 0.062344, 0.150765,  2,   755.93998,  20, 27859142.000000, 11.000000, 0.044503, 0.080729, 0.041254, 0.401005
TGSLQLSSTSIGTSSLK, Yes, 0.23542, 0.928603, 0.048958, 0.182466,  2,   833.94652,  27, 3521829.500000, 10.000000, 0.618480, 0.075691, 0.064198, 0.406650
MQDAAIQATPAR, Yes, 0.26255, 0.982427, 0.096020, 0.178986,  2,   636.82187,  34, 43036576.000000, 11.000000, -0.040535, 0.119163, 0.000000, 2.314314


MeanRateConst/CorrCutOff, 0.235424, 0.900000


MedianRateConst/RMSSCutOff, 0.235424, 0.050000
StandDev/NumberPeptides, 0.075691, 1
TotalIonCurrent, 1.88056e+09
