Peptides, PeptideUnique, RateConstants, Correlations, RootMeanRSS, AbsoluteIsotopeError, Charge, m/z(Sequence), NEH, Abundance, NDP, Rsquared,sigma,CI lower band, CI upper band
SIATLAITTLLK, No, 0.21497, 0.991533, 0.013351, 0.049747,  2,   622.89483,  15, 99452344.000000, 12.000000, 0.957979, 0.020084, 0.170765, 0.259175
ATFYLNVLEQK, Yes, 0.52634, 0.866543, 0.079198, 0.091326,  2,   663.35862,  17, 54228692.000000, 12.000000, -1.500669, 0.344111, 0.000000, 2.445435
LLLLDTVTMQVTAR, Yes, 0.03328, 0.964730, 0.069715, 0.171862,  2,   787.45273,  18, 10050407.000000, 12.000000, 0.576548, 0.012158, 0.006519, 0.060040
DSPLFDFIEScLR, Yes, 0.27796, 0.997189, 0.010851, 0.029308,  2,   799.87960,  23, 20557918.000000, 12.000000, 0.983341, 0.018260, 0.237766, 0.318146
VPSVSSSALVSSLHLLK, Yes, 0.22923, 0.991197, 0.020410, 0.080883,  3,   575.33660,  29, 31555226.000000, 12.000000, 0.936651, 0.026695, 0.170474, 0.287987
ALcQITDSTMLQAVER, Yes, 0.02981, 0.875810, 0.082899, 0.366315,  2,   918.45313,  33, 15387811.000000, 11.000000, 0.288178, 0.010216, 0.007051, 0.052576
AIVDcIISIIEENSESK, Yes, 0.20393, 0.984001, 0.019632, 0.208979,  3,   640.65918,  35, 2536742.750000, 12.000000, 0.951184, 0.019294, 0.161467, 0.246401
EMScIAEDVIIVTSSLTK, Yes, 0.00201, 0.136455, 0.082724, 0.124346,  3,   666.00408,  30, 1258508160.000000, 12.000000, -0.043764, 0.007529, 0.000000, 4.444552
SSPEPVALTESETEYVIR, Yes, 0.40367, 0.965222, 0.054590, 0.162788,  2,  1003.99947,  39, 5421859.500000, 11.000000, 0.236441, 0.151380, 0.066370, 0.740963
ALNAGYILNGLTVSIPGLEK, Yes, 0.23851, 0.978159, 0.027185, 0.203460,  2,  1022.07786,  33, 4827927.500000, 12.000000, 0.893906, 0.041492, 0.147192, 0.329837
ALNAGYILNGLTVSIPGLEK, Yes, 0.24979, 0.981652, 0.016692, 0.110734,  3,   681.72100,  33, 6202100.000000, 12.000000, 0.957834, 0.026175, 0.192183, 0.307405
HPSAVTAcNLDLENLVTDSNR, Yes, 0.09208, 0.955169, 0.070649, 0.279974,  3,   776.04125,  40, 200102672.000000, 12.000000, 0.610845, 0.027983, 0.030492, 0.153672
VFNETPINPR, Yes, 0.13321, 0.983240, 0.047538, 0.109598,  2,   593.81438,  18, 65065088.000000, 12.000000, 0.692844, 0.029049, 0.069277, 0.197150
cVMDDDNEVR, Yes, 0.00131, 0.323502, 0.081999, 0.344867,  2,   626.75027,  18, 19978132.000000, 10.000000, -0.176779, 0.006065, 0.000000, 3.306807


MeanRateConst/CorrCutOff, 0.235733, 0.900000


MedianRateConst/RMSSCutOff, 0.229230, 0.050000
StandDev/NumberPeptides, 0.023424, 6
TotalIonCurrent, 5.5914e+10
