Peptides, PeptideUnique, RateConstants, Correlations, RootMeanRSS, AbsoluteIsotopeError, Charge, m/z(Sequence), NEH, Abundance, NDP, Rsquared,sigma,CI lower band, CI upper band
WLFSTNHK, Yes, 0.14628, 0.926143, 0.030174, 0.132649,  2,   516.76671,  9, 181295952.000000, 10.000000, 0.481465, 0.085760, 0.000000, 3.490301
MIGAPDMAFPR, Yes, 0.11393, 0.997466, 0.010268, 0.055790,  2,   603.29391,  24, 457287616.000000, 10.000000, 0.986107, 0.006327, 0.099612, 0.128239
AYFTSATMIIAIPTGVK, Yes, 0.01463, 0.969735, 0.082922, 0.191127,  2,   892.48677,  25, 60461772.000000, 10.000000, 0.234883, 0.011519, 0.000000, 4.651147
ASTNLEWLHGcPPPYHTFEEPTYVK, Yes, 0.08744, 0.994427, 0.005656, 0.093838,  4,   744.10236,  44, 32552682.000000, 10.000000, 0.988157, 0.004368, 0.077557, 0.097317
SVSYASTNLEWLHGcPPPYHTFEEPTYVK, Yes, 0.13324, 0.988096, 0.007998, 0.112706,  4,   853.15131,  50, 61462528.000000, 10.000000, 0.960028, 0.011837, 0.106463, 0.160016


MeanRateConst/CorrCutOff, 0.120221, 0.900000


MedianRateConst/RMSSCutOff, 0.133239, 0.050000
StandDev/NumberPeptides, 0.008279, 4
TotalIonCurrent, 2.12307e+10
