Peptides, PeptideUnique, RateConstants, Correlations, RootMeanRSS, AbsoluteIsotopeError, Charge, m/z(Sequence), NEH, Abundance, NDP, Rsquared,sigma,CI lower band, CI upper band
NKPDIDAWELR, Yes, 0.11857, 0.989740, 0.016649, 0.092052,  2,   678.84894,  21, 313458464.000000, 12.000000, 0.968898, 0.008926, 0.098928, 0.138219
EIYPYVIQELR, Yes, 0.43600, 0.966185, 0.042276, 0.190193,  2,   711.88499,  21, 12840775.000000, 12.000000, 0.533874, 0.121430, 0.168737, 0.703269
SHGSHETDEEFDAR, Yes, 0.12466, 0.997707, 0.010836, 0.043727,  4,   404.91975,  36, 40672800.000000, 12.000000, 0.990152, 0.005290, 0.113021, 0.136308
SHGSHETDEEFDAR, Yes, 0.13664, 0.998894, 0.006147, 0.014985,  3,   539.55724,  36, 116433720.000000, 12.000000, 0.995572, 0.003754, 0.128380, 0.144906
SHGSHETDEEFDAR, Yes, 0.12052, 0.995135, 0.015768, 0.064823,  2,   808.83222,  36, 10345426.000000, 12.000000, 0.982612, 0.006908, 0.105313, 0.135721
GMNTLVGYDLVPEPK, Yes, 0.12007, 0.998469, 0.006088, 0.035796,  2,   816.91872,  21, 752372224.000000, 12.000000, 0.990475, 0.004872, 0.109347, 0.130794
GmNTLVGYDLVPEPK, Yes, 0.13968, 0.951073, 0.048012, 0.062494,  2,   824.91618,  21, 33197130.000000, 12.000000, 0.306022, 0.037493, 0.057158, 0.222203
WVTYFNKPDIDAWELR, Yes, 0.12596, 0.995378, 0.007058, 0.044220,  3,   685.01078,  23, 200904272.000000, 12.000000, 0.980163, 0.007280, 0.109936, 0.141982
VIQELRPTLNELGISTPEELGLDKV, Yes, 0.10835, 0.977146, 0.013844, 0.066560,  4,   691.63391,  45, 14883348.000000, 12.000000, 0.951684, 0.009608, 0.087199, 0.129494
VIQELRPTLNELGISTPEELGLDKV, Yes, 0.12456, 0.999049, 0.004251, 0.028818,  3,   921.84279,  45, 182380304.000000, 12.000000, 0.990847, 0.004685, 0.114247, 0.134870
VIQELRPTLNELGISTPEELGLDKV, Yes, 0.09290, 0.985726, 0.025617, 0.182253,  2,  1382.26055,  45, 5767348.500000, 6.000000, 0.791845, 0.027597, 0.021962, 0.163842
WVTYFNKPDIDAWELR, Yes, 0.04542, 0.882858, 0.041221, 0.528047,  2,  1027.01253,  23, 25248734.000000, 12.000000, 0.367839, 0.024341, 0.000000, 3.750038


MeanRateConst/CorrCutOff, 0.124335, 0.900000


MedianRateConst/RMSSCutOff, 0.124559, 0.050000
StandDev/NumberPeptides, 0.006433, 9
TotalIonCurrent, 7.60976e+10
