Peptides, PeptideUnique, RateConstants, Correlations, RootMeanRSS, AbsoluteIsotopeError, Charge, m/z(Sequence), NEH, Abundance, NDP, Rsquared,sigma,CI lower band, CI upper band
NEDLNAEEVYGR, Yes, 1.35700, 0.965695, 0.031252, 0.171650,  2,   704.82058,  28, 5529273.000000, 10.000000, 0.909423, 0.325725, 0.620159, 2.093841
SPIEFLENAYEK, Yes, 17.19204, 0.773528, 0.102514, 0.102341,  2,   720.35626,  25, 13894171.000000, 10.000000, -1.060321, 16795762.000000, 14.685911, 19.698175
EPAEDILQTLLDSTYK, Yes, 1.54397, 0.982547, 0.024254, 0.034846,  2,   918.46727,  28, 10666183.000000, 10.000000, 0.864325, 0.467069, 0.487388, 2.600555
TFTYLLGSDAAALLFNSK, Yes, 1.83396, 0.963480, 0.023887, 0.013076,  3,   644.67528,  27, 3084497.750000, 9.000000, 0.196507, 2.237446, 0.075491, 3.592420
EPAEDILQTLLDSTYK, Yes, 1.18079, 0.988713, 0.017441, 0.088508,  3,   612.64728,  28, 6284661.000000, 10.000000, 0.962263, 0.195555, 0.738415, 1.623166


MeanRateConst/CorrCutOff, 1.478929, 0.900000


MedianRateConst/RMSSCutOff, 1.543971, 0.050000
StandDev/NumberPeptides, 0.371344, 4
TotalIonCurrent, 1.30466e+09
