Peptides, PeptideUnique, RateConstants, Correlations, RootMeanRSS, AbsoluteIsotopeError, Charge, m/z(Sequence), NEH, Abundance, NDP, Rsquared,sigma,CI lower band, CI upper band
APSGEVAIR, Yes, 0.72839, 0.959516, 0.104848, 0.979609,  2,   450.25088,  24, 35247600.000000, 12.000000, -3.207394, 0.581569, 0.000000, 4.595372
DIVQFVPFR, Yes, 0.29712, 0.981712, 0.015611, 0.051299,  2,   560.81112,  14, 72928656.000000, 12.000000, 0.956980, 0.030757, 0.229423, 0.364815
SSPVEYEcINEK, Yes, 1.13685, 0.824369, 0.150750, 0.274925,  2,   727.82702,  25, 25157960.000000, 12.000000, -2.577464, 1.462769, 0.000000, 3.594308
ISLNSLcYGDMDK, Yes, 0.07500, 0.895064, 0.043957, 0.166632,  2,   758.34453,  18, 9964926.000000, 11.000000, 0.682062, 0.019425, 0.031722, 0.118285
LYGPTNFSPIINHVAR, Yes, 0.39762, 0.943480, 0.068930, 0.037583,  3,   600.32481,  28, 48510660.000000, 12.000000, -0.107918, 0.173941, 0.014778, 0.780463
VEcYDYDNDGSHDLIGTFQTTMTK, Yes, 0.00089, 1.000000, 0.015803, 0.115857,  3,   937.40219,  34, 4968449.500000, 3.000000, -0.000627, 0.058214, 0.000000, 5.990395


MeanRateConst/CorrCutOff, 0.297119, 0.900000


MedianRateConst/RMSSCutOff, 0.297119, 0.050000
StandDev/NumberPeptides, 0.030757, 1
TotalIonCurrent, 8.9497e+09
