Peptides, PeptideUnique, RateConstants, Correlations, RootMeanRSS, AbsoluteIsotopeError, Charge, m/z(Sequence), NEH, Abundance, NDP, Rsquared,sigma,CI lower band, CI upper band
SMVAVMDSDTTGK, Yes, 0.12900, 0.961131, 0.039177, 0.216449,  2,   671.30488,  19, 19040388.000000, 12.000000, 0.845300, 0.024492, 0.075099, 0.182910
SHYSNIEANESEEVR, Yes, 0.08010, 0.978353, 0.040900, 0.187206,  2,   882.39516,  39, 2074499.875000, 8.000000, 0.904063, 0.017935, 0.037694, 0.122511
SHYSNIEANESEEVR, Yes, 0.35174, 0.974457, 0.046246, 0.176992,  3,   588.59920,  39, 17336102.000000, 12.000000, 0.747160, 0.082166, 0.170896, 0.532589
YADESGNMDFDNFIScLVR, Yes, 0.17395, 0.956176, 0.023242, 0.195003,  2,  1126.98298,  34, 3119586.750000, 10.000000, 0.907945, 0.025213, 0.116918, 0.230989


MeanRateConst/CorrCutOff, 0.183701, 0.900000


MedianRateConst/RMSSCutOff, 0.173954, 0.050000
StandDev/NumberPeptides, 0.026950, 4
TotalIonCurrent, 1.54966e+09
