Peptides, PeptideUnique, RateConstants, Correlations, RootMeanRSS, AbsoluteIsotopeError, Charge, m/z(Sequence), NEH, Abundance, NDP, Rsquared,sigma,CI lower band, CI upper band
LPVPAVK, Yes, 0.20932, 0.990627, 0.044764, 0.025466,  2,   362.24180,  11, 290825472.000000, 12.000000, 0.519215, 0.053457, 0.091658, 0.326973
LAALTAADR, Yes, 0.30148, 0.983373, 0.023012, 0.017859,  2,   451.25870,  22, 206896592.000000, 12.000000, 0.965239, 0.027109, 0.241812, 0.361143
YLAVDSPFLK, Yes, 0.22174, 0.985687, 0.015171, 0.064829,  2,   576.81860,  14, 93300736.000000, 12.000000, 0.963688, 0.020866, 0.175815, 0.267666
IPGEETDTIQHVK, Yes, 0.21518, 0.977058, 0.023539, 0.181988,  2,   733.87791,  24, 13642479.000000, 12.000000, 0.938529, 0.025009, 0.160135, 0.270224
MTALAQDFAVNLGPK, Yes, 0.41597, 0.992070, 0.057720, 0.096081,  2,   788.41360,  28, 37867804.000000, 12.000000, 0.373401, 0.145570, 0.095574, 0.736367
TSPDAFIQLALQLAH, Yes, 0.53496, 0.676835, 0.147133, 0.142927,  2,   812.93830,  33, 7587424.000000, 12.000000, -1.375798, 0.507873, 0.000000, 3.192863
QAMMDIITLFGLTAN, Yes, 0.29991, 0.995340, 0.009195, 0.046835,  2,   819.91512,  23, 25860878.000000, 12.000000, 0.987331, 0.017521, 0.261347, 0.338474
LLGSTIPLcSAQWER, Yes, 0.22614, 0.969718, 0.037855, 0.150631,  2,   865.94834,  29, 235355328.000000, 12.000000, 0.835581, 0.042035, 0.133624, 0.318663
AAFFVTLDESEQGYR, Yes, 0.35230, 0.880335, 0.083723, 0.245352,  2,   866.91248,  32, 4997919.000000, 7.000000, -0.101927, 0.255523, 0.000000, 2.974531
TSPDAFIQLALQLAHYK, Yes, 0.32777, 0.994203, 0.009442, 0.062234,  3,   639.34738,  34, 41360860.000000, 12.000000, 0.983718, 0.020553, 0.282531, 0.373005
LSTSQTPQQQVELFDFEK, Yes, 0.39912, 0.994940, 0.008926, 0.028470,  2,  1063.02604,  36, 19044760.000000, 12.000000, 0.988053, 0.023122, 0.348227, 0.450011
GPIMVNSNYYAMEMLYITPTHIQAAR, Yes, 0.97126, 1.000000, 0.047975, 0.151199,  3,   995.48707,  49, 14403101.000000, 3.000000, -3.587815, 0.888589, 0.000000, 9.744374
QAMMDIITLFGLTANSK, Yes, 0.01492, 0.901656, 0.066670, 0.276449,  2,   927.47861,  27, 58224288.000000, 12.000000, 0.379890, 0.008219, 0.000000, 3.871835
LYSFQTSLPR, Yes, 20.94338, -2.000000, 0.150341, 0.361102,  2,   606.32458,  17, 13344810.000000, 11.000000, -1.560308, 751224320.000000, 19.229006, 22.657759


MeanRateConst/CorrCutOff, 0.257362, 0.900000


MedianRateConst/RMSSCutOff, 0.226144, 0.050000
StandDev/NumberPeptides, 0.025639, 7
TotalIonCurrent, 2.67009e+10
