Peptides, PeptideUnique, RateConstants, Correlations, RootMeanRSS, AbsoluteIsotopeError, Charge, m/z(Sequence), NEH, Abundance, NDP, Rsquared,sigma,CI lower band, CI upper band
LIPQITSIYEWK, Yes, 0.05665, 0.923357, 0.055420, 0.143847,  2,   745.91630,  17, 141834784.000000, 10.000000, 0.640193, 0.018111, 0.015682, 0.097622
LAAcVNLIPQITSIYEWK, Yes, 0.21139, 0.956845, 0.040297, 0.138809,  3,   707.04671,  30, 27835152.000000, 10.000000, 0.547143, 0.054728, 0.087581, 0.335189
TQSSLVPALTEFVR, Yes, 0.13554, 0.992359, 0.014357, 0.068206,  2,   774.42503,  26, 42734208.000000, 10.000000, 0.970843, 0.009721, 0.113547, 0.157529


MeanRateConst/CorrCutOff, 0.134525, 0.900000


MedianRateConst/RMSSCutOff, 0.135538, 0.050000
StandDev/NumberPeptides, 0.017011, 2
TotalIonCurrent, 6.0194e+09
