Peptides, PeptideUnique, RateConstants, Correlations, RootMeanRSS, AbsoluteIsotopeError, Charge, m/z(Sequence), NEH, Abundance, NDP, Rsquared,sigma,CI lower band, CI upper band
GGDVSVcEWYR, Yes, 0.13710, 0.997156, 0.008613, 0.020747,  2,   664.29043,  19, 577906816.000000, 12.000000, 0.987312, 0.006492, 0.122815, 0.151392
NcWQNYLDFHR, Yes, 0.12417, 0.970975, 0.021480, 0.062434,  2,   776.84114,  18, 43420576.000000, 12.000000, 0.939140, 0.013196, 0.095128, 0.153219
NcWQNYLDFHR, Yes, 0.14033, 0.996118, 0.008150, 0.020935,  3,   518.22985,  18, 612534464.000000, 12.000000, 0.992066, 0.005231, 0.128820, 0.151848
SLcPVSWVSAWDDR, Yes, 0.12971, 0.998488, 0.006481, 0.014059,  2,   839.38813,  25, 666474048.000000, 12.000000, 0.996665, 0.003074, 0.122948, 0.136480


MeanRateConst/CorrCutOff, 0.132831, 0.900000


MedianRateConst/RMSSCutOff, 0.137103, 0.050000
StandDev/NumberPeptides, 0.005360, 4
TotalIonCurrent, 8.74896e+10
