Peptides, PeptideUnique, RateConstants, Correlations, RootMeanRSS, AbsoluteIsotopeError, Charge, m/z(Sequence), NEH, Abundance, NDP, Rsquared,sigma,CI lower band, CI upper band
VEGSEPSVTYYR, Yes, 0.18189, 0.997321, 0.010911, 0.042085,  2,   693.83043,  23, 596308352.000000, 12.000000, 0.982848, 0.010680, 0.158385, 0.205400
NSAEETWMVIHGR, Yes, 0.16652, 0.995435, 0.014212, 0.029054,  3,   510.57702,  27, 440493728.000000, 12.000000, 0.972498, 0.012048, 0.140001, 0.193035
RNSAEETWMVIHGR, Yes, 0.17731, 0.971852, 0.060953, 0.104607,  3,   562.61073,  31, 30376210.000000, 12.000000, 0.387654, 0.046854, 0.074188, 0.280440
QYYIGDVHPSDLKPK, Yes, 0.10938, 0.962729, 0.022502, 0.198705,  2,   880.45431,  24, 28618818.000000, 12.000000, 0.780374, 0.017930, 0.069912, 0.148839
FLSEHPGGEEVLLEQAGADATESFEDVGHSPDAR, Yes, 0.11133, 0.968816, 0.012086, 0.057787,  4,   899.91575,  83, 20351632.000000, 8.000000, 0.908085, 0.014729, 0.076504, 0.146163


MeanRateConst/CorrCutOff, 0.142280, 0.900000


MedianRateConst/RMSSCutOff, 0.166518, 0.050000
StandDev/NumberPeptides, 0.013320, 4
TotalIonCurrent, 5.18216e+10
