Peptides, PeptideUnique, RateConstants, Correlations, RootMeanRSS, AbsoluteIsotopeError, Charge, m/z(Sequence), NEH, Abundance, NDP, Rsquared,sigma,CI lower band, CI upper band
AAQDFFSTcR, Yes, 0.49892, 0.979581, 0.030210, 0.107420,  2,   601.76658,  22, 27215878.000000, 11.000000, 0.928477, 0.072114, 0.338238, 0.659598
LVQQMLDDFGPQR, Yes, 0.24928, 0.833878, 0.101903, 0.134793,  2,   773.88776,  26, 125518256.000000, 11.000000, -1.915348, 0.191279, 0.000000, 3.396315
DPAAAASELGYVFQAITLTR, Yes, 0.49578, 0.985963, 0.026281, 0.150677,  3,   698.70038,  44, 2011024.000000, 11.000000, 0.881650, 0.091375, 0.292181, 0.699376
LRDPAAAASELGYVFQAITLTR, Yes, 0.63089, 0.984197, 0.015136, 0.040316,  3,   788.42876,  48, 19745420.000000, 11.000000, 0.945634, 0.081512, 0.449266, 0.812504
AVTLQGNLDPcALYASEEEIGR, Yes, 0.81491, 0.932850, 0.047283, 0.209737,  3,   802.72503,  49, 4397126.500000, 6.000000, 0.385417, 0.410748, 0.000000, 4.248142
FALPYIR, Yes, 0.53908, 0.700496, 0.079362, 0.569946,  2,   440.25798,  12, 11587288.000000, 11.000000, -1.048533, 0.413188, 0.000000, 2.722074


MeanRateConst/CorrCutOff, 0.610122, 0.900000


MedianRateConst/RMSSCutOff, 0.630885, 0.050000
StandDev/NumberPeptides, 0.101231, 4
TotalIonCurrent, 5.40886e+09
