Peptides, PeptideUnique, RateConstants, Correlations, RootMeanRSS, AbsoluteIsotopeError, Charge, m/z(Sequence), NEH, Abundance, NDP, Rsquared,sigma,CI lower band, CI upper band
GVEIcIATPGR, No, 13.70103, 0.667834, 0.082948, 0.368456,  2,   586.80825,  22, 82958360.000000, 12.000000, -1.170991, 278880.562500, 12.289652, 15.112415
APILIATDVASR, No, 0.94405, 0.993586, 0.030213, 0.049697,  2,   613.85879,  25, 99603928.000000, 12.000000, 0.876991, 0.191989, 0.521480, 1.366612
MLDMGFEPQIR, No, 1.06020, 0.982256, 0.022185, 0.066916,  2,   668.82303,  22, 95175192.000000, 12.000000, 0.897574, 0.209984, 0.598032, 1.522376
QTLMWSATWPK, No, 1.04722, 0.957792, 0.021619, 0.067462,  2,   674.83954,  15, 53057264.000000, 12.000000, 0.782069, 0.258397, 0.478493, 1.615948
GDGPIcLVLAPTR, No, 0.38274, 0.968337, 0.057717, 0.122968,  2,   684.86884,  23, 64852444.000000, 12.000000, 0.577698, 0.113439, 0.133061, 0.632419
GTAYTFFTPGNLK, Yes, 2.17171, 0.648168, 0.057659, 0.329566,  2,   708.86154,  15, 26331782.000000, 12.000000, -1.958322, 2.285392, 0.867429, 3.475990
SSQSSSQQFSGIGR, Yes, 0.68708, 0.930746, 0.075723, 0.141153,  2,   728.34477,  36, 4736355.500000, 11.000000, -0.026602, 0.293411, 0.033321, 1.340844
ELAQQVQQVADDYGK, Yes, 12.75916, 0.653433, 0.158897, 0.139859,  2,   846.41539,  36, 8288756.500000, 12.000000, -3.004502, 202408.765625, 10.322402, 15.195916


MeanRateConst/CorrCutOff, 1.017157, 0.900000


MedianRateConst/RMSSCutOff, 1.047220, 0.050000
StandDev/NumberPeptides, 0.216749, 3
TotalIonCurrent, 1.77349e+10
