Peptides, PeptideUnique, RateConstants, Correlations, RootMeanRSS, AbsoluteIsotopeError, Charge, m/z(Sequence), NEH, Abundance, NDP, Rsquared,sigma,CI lower band, CI upper band
LIIPTLK, Yes, 0.12013, 0.952364, 0.022719, 0.053628,  2,   399.27838,  6, 108922824.000000, 12.000000, 0.668563, 0.025973, 0.062967, 0.177299
AVLVTGADSGFGHGLAK, Yes, 0.29769, 0.967126, 0.050347, 0.163897,  2,   800.42811,  31, 2663744.000000, 11.000000, 0.738511, 0.076362, 0.127544, 0.467833
AVLVTGADSGFGHGLAK, Yes, 0.33212, 0.994665, 0.011181, 0.060590,  3,   533.95450,  31, 69531360.000000, 12.000000, 0.984007, 0.020995, 0.285912, 0.378331
DIQENYGQDYVHTQK, Yes, 0.31843, 0.985736, 0.019159, 0.126448,  3,   613.28323,  29, 22783842.000000, 12.000000, 0.959393, 0.033156, 0.245455, 0.391406
DIQENYGQDYVHTQK, Yes, 0.34380, 0.963612, 0.026842, 0.213340,  2,   919.42120,  29, 5972435.500000, 12.000000, 0.855198, 0.068107, 0.193901, 0.493705
LVNVSSMGGTVPLQMTSAYAATK, Yes, 0.53676, 0.947361, 0.056222, 0.091207,  3,   776.06423,  39, 10773766.000000, 12.000000, -0.592341, 0.320235, 0.000000, 2.256855
AFLPLLR, Yes, 0.26185, 0.978314, 0.037294, 0.062324,  2,   415.26835,  12, 44270116.000000, 12.000000, 0.710343, 0.060451, 0.128795, 0.394899
TNITGSQDIWDK, Yes, 0.82599, 0.825097, 0.063429, 0.216587,  2,   689.33588,  17, 62598320.000000, 12.000000, -2.752650, 0.520370, 0.000000, 4.094656
LGFTVFAGVLDK, Yes, 0.39975, 0.756335, 0.067132, 0.192130,  2,   633.85827,  13, 20160434.000000, 12.000000, 0.119681, 0.281475, 0.000000, 2.305113


MeanRateConst/CorrCutOff, 0.314051, 0.900000


MedianRateConst/RMSSCutOff, 0.318431, 0.050000
StandDev/NumberPeptides, 0.036692, 4
TotalIonCurrent, 1.15035e+10
