Peptides, PeptideUnique, RateConstants, Correlations, RootMeanRSS, AbsoluteIsotopeError, Charge, m/z(Sequence), NEH, Abundance, NDP, Rsquared,sigma,CI lower band, CI upper band
LYAHHLSR, Yes, 0.29037, 0.976409, 0.047980, 0.047110,  2,   498.77231,  17, 14672707.000000, 12.000000, 0.691686, 0.071974, 0.131954, 0.448782
LVASAEQLLK, Yes, 0.21946, 0.968486, 0.038545, 0.113984,  2,   536.32404,  21, 51255196.000000, 12.000000, 0.891219, 0.036544, 0.139024, 0.299892
NVSLGNVLAVAYAAK, Yes, 0.26213, 0.983775, 0.035496, 0.123689,  2,   745.42228,  28, 26894238.000000, 12.000000, 0.818664, 0.046545, 0.159687, 0.364579
YEFQGNHFQVTR, Yes, 0.27756, 0.994934, 0.018600, 0.051770,  3,   509.24427,  23, 34943548.000000, 12.000000, 0.941988, 0.032110, 0.206889, 0.348236
YEFQGNHFQVTR, Yes, 0.40278, 0.522295, 0.103069, 0.228701,  2,   763.36277,  23, 1206971.250000, 7.000000, -0.917485, 0.492260, 0.000000, 0.989051
GPIVESYIGFIESYR, Yes, 0.18245, 0.978356, 0.018068, 0.137237,  3,   577.29803,  27, 5429588.000000, 12.000000, 0.952833, 0.017650, 0.143602, 0.221297
LAQDFLDSQNLSAYNTR, Yes, 0.38910, 0.934888, 0.071432, 0.146779,  2,   978.47650,  34, 9888455.000000, 12.000000, -0.383809, 0.193786, 0.000000, 2.162708
GPSFDVQVGLHELLGHGSGK, Yes, 0.22824, 0.991272, 0.016617, 0.062338,  4,   509.26554,  37, 16000117.000000, 12.000000, 0.952098, 0.022816, 0.178026, 0.278462
LEGSEVQLVEYEASAAGLIR, Yes, 5.62393, 0.295509, 0.279255, 0.314788,  2,  1067.55494,  48, 30073656.000000, 12.000000, -5.915918, 323.420837, 0.690291, 10.557567
GAFNFDKETVINPETGEQIQSWYR, Yes, 0.14965, 0.914400, 0.043420, 0.166065,  3,   943.78746,  46, 6076387.500000, 8.000000, 0.341951, 0.066219, 0.000000, 2.661659
QHALAEGLTEEEYQAFLVYAAGVYSNMGNYK, Yes, 0.01601, 0.970237, 0.060934, 0.124286,  3,  1156.21350,  65, 2028241.625000, 5.000000, 0.178967, 0.022998, 0.000000, 4.308556
ELPWPLAFEK, Yes, 0.31713, 0.968148, 0.031138, 0.093849,  2,   615.33187,  19, 40171260.000000, 12.000000, 0.817429, 0.058850, 0.187602, 0.446660
GPIVESYIGFIESYR, Yes, 14.59310, -0.049395, 0.085284, 1.181824,  2,   865.44341,  27, 27429622.000000, 12.000000, -2.813111, 781787.812500, 12.845685, 16.340508
DLWQTcGDLMFSLEPR, Yes, 0.12487, 0.894642, 0.082844, 0.161820,  2,   984.45314,  27, 4681006.500000, 11.000000, -0.849881, 0.063782, 0.000000, 3.006193


MeanRateConst/CorrCutOff, 0.253906, 0.900000


MedianRateConst/RMSSCutOff, 0.262133, 0.050000
StandDev/NumberPeptides, 0.033118, 7
TotalIonCurrent, 9.78496e+09
