Peptides, PeptideUnique, RateConstants, Correlations, RootMeanRSS, AbsoluteIsotopeError, Charge, m/z(Sequence), NEH, Abundance, NDP, Rsquared,sigma,CI lower band, CI upper band
VFNLYPR, Yes, 0.18029, 0.951671, 0.082684, 0.079235,  2,   454.75306,  9, 49940084.000000, 12.000000, -3.039478, 0.107270, 0.000000, 3.129257
FVAVTSTNAAK, No, 0.23786, 0.994857, 0.016153, 0.052082,  2,   554.80349,  18, 455260960.000000, 12.000000, 0.961809, 0.021057, 0.191519, 0.284210
QIGENLIVPGGVK, Yes, 0.07235, 0.965481, 0.027213, 0.097819,  2,   662.38518,  22, 38686188.000000, 12.000000, 0.884703, 0.007988, 0.054767, 0.089932
SITIANQTNcPLYVTK, Yes, 0.11865, 0.957503, 0.048544, 0.150999,  2,   911.97201,  23, 26662482.000000, 12.000000, 0.522036, 0.028693, 0.055497, 0.181805
FQLTDSQIYEVLSVIR, Yes, 0.13092, 0.950049, 0.032343, 0.079838,  3,   637.67892,  27, 20005482.000000, 12.000000, 0.753410, 0.023502, 0.079188, 0.182643
FQLTDSQIYEVLSVIR, Yes, 0.15353, 0.955486, 0.062462, 0.087411,  2,   956.01474,  27, 20762450.000000, 12.000000, -0.053613, 0.056909, 0.028271, 0.278781
ISVGSDADLVIWDPDSVK, Yes, 0.01654, 0.596873, 0.191213, 0.251192,  2,   958.48602,  28, 5708670.500000, 12.000000, -0.109943, 0.012806, 0.000000, 3.930579
GTVVYGEPITASLGTDGSHYWSK, Yes, 0.09945, 0.960270, 0.019468, 0.082007,  3,   809.06053,  36, 26148240.000000, 12.000000, 0.916002, 0.011686, 0.073726, 0.125170
SccDYSLHVDITEWHK, Yes, 0.06107, 0.960646, 0.032341, 0.211695,  4,   513.22529,  25, 14956915.000000, 12.000000, 0.800778, 0.011556, 0.035636, 0.086503
SAAEVIAQAR, Yes, 0.15282, 0.989336, 0.124354, 0.070223,  2,   508.28016,  31, 88241328.000000, 12.000000, -0.909427, 0.055693, 0.030236, 0.275395


MeanRateConst/CorrCutOff, 0.096487, 0.900000


MedianRateConst/RMSSCutOff, 0.099448, 0.050000
StandDev/NumberPeptides, 0.013344, 5
TotalIonCurrent, 2.3325e+10
