Peptides, PeptideUnique, RateConstants, Correlations, RootMeanRSS, AbsoluteIsotopeError, Charge, m/z(Sequence), NEH, Abundance, NDP, Rsquared,sigma,CI lower band, CI upper band
IAASSAVMGLIETTR, Yes, 0.15212, 0.962623, 0.036271, 0.053711,  3,   507.27646,  31, 64070528.000000, 12.000000, 0.824942, 0.022902, 0.101718, 0.202531
IAASSAVMGLIETTR, Yes, 0.09908, 0.995598, 0.012811, 0.070676,  2,   760.41105,  31, 128363224.000000, 12.000000, 0.979453, 0.005458, 0.087069, 0.111097
VFVSELLEALAQLR, Yes, 0.10671, 0.970214, 0.072258, 0.116928,  2,   794.45886,  29, 2993423.750000, 12.000000, 0.274152, 0.028372, 0.044266, 0.169156
EQMSDVEVGTFVQR, Yes, 0.13820, 0.992209, 0.013138, 0.073843,  2,   812.88542,  29, 68023672.000000, 12.000000, 0.978085, 0.008535, 0.119412, 0.156980
ALALAQEILPQAPIAVR, Yes, 0.13398, 0.998605, 0.010626, 0.052463,  2,   887.53288,  44, 95012696.000000, 12.000000, 0.984338, 0.006739, 0.119151, 0.148818
ALALAQEILPQAPIAVR, Yes, 0.13402, 0.996754, 0.014737, 0.060093,  3,   592.02435,  44, 71010136.000000, 12.000000, 0.971635, 0.008606, 0.115083, 0.152966
NALGNVFVSELLEALAQLR, Yes, 0.12332, 0.999215, 0.004330, 0.026670,  3,   686.38449,  40, 27793206.000000, 12.000000, 0.994831, 0.003524, 0.115562, 0.131076
NALGNVFVSELLEALAQLR, Yes, 0.11903, 0.997634, 0.008406, 0.046823,  2,  1029.07310,  40, 8054384.000000, 12.000000, 0.985528, 0.005833, 0.106193, 0.131869
ELGLVNHAVAQNEEGNAAYHR, Yes, 0.12960, 0.997027, 0.013134, 0.100949,  3,   764.70870,  53, 45843940.000000, 12.000000, 0.966927, 0.008684, 0.110489, 0.148717
ELGLVNHAVAQNEEGNAAYHR, Yes, 0.11285, 0.972192, 0.019735, 0.083733,  4,   573.78334,  53, 39265336.000000, 12.000000, 0.941438, 0.010258, 0.090278, 0.135431
TPEIQVQALTGPNQGITEILMNRPN, Yes, 0.11398, 0.956551, 0.016835, 0.139069,  3,   912.14459,  51, 16465383.000000, 9.000000, 0.874621, 0.013930, 0.081860, 0.146105
GVFcAGADLK, Yes, 0.13598, 0.944623, 0.070691, 0.543751,  2,   519.25786,  17, 71978648.000000, 12.000000, 0.415413, 0.048423, 0.029405, 0.242561
LEGMAAFR, Yes, 0.46979, 0.867656, 0.072812, 0.112864,  2,   447.72873,  19, 192001280.000000, 12.000000, -0.002814, 0.201560, 0.026155, 0.913415
ELGLVNHAVAQNEEGNAAYHR, Yes, 0.07892, 0.973905, 0.047037, 0.155445,  2,  1146.55941,  53, 5390575.000000, 6.000000, 0.667325, 0.027412, 0.008454, 0.149384


MeanRateConst/CorrCutOff, 0.125620, 0.900000


MedianRateConst/RMSSCutOff, 0.123319, 0.050000
StandDev/NumberPeptides, 0.007417, 10
TotalIonCurrent, 2.79656e+10
