Peptides, PeptideUnique, RateConstants, Correlations, RootMeanRSS, AbsoluteIsotopeError, Charge, m/z(Sequence), NEH, Abundance, NDP, Rsquared,sigma,CI lower band, CI upper band
AAEMLLFGK, No, 0.19523, 0.994241, 0.019540, 0.056076,  2,   490.26768,  17, 191508112.000000, 12.000000, 0.945520, 0.019787, 0.151675, 0.238779
PGMLDFVNK, Yes, 0.18156, 0.985402, 0.020869, 0.048790,  2,   510.76278,  11, 239703920.000000, 12.000000, 0.871874, 0.027268, 0.121539, 0.241572
DILVTSEDGITK, No, 0.24441, 0.966139, 0.055058, 0.024655,  2,   645.84301,  16, 466283904.000000, 12.000000, 0.749901, 0.070020, 0.090301, 0.398525
DFVNSFIDFPK, Yes, 0.31099, 0.983582, 0.015302, 0.048673,  2,   664.82971,  13, 60346148.000000, 12.000000, 0.958418, 0.030397, 0.244090, 0.377898
WDAWNALGSLPK, Yes, 0.20210, 0.992462, 0.029598, 0.044192,  2,   679.34858,  20, 286683136.000000, 12.000000, 0.836684, 0.033049, 0.129355, 0.274838
DFVNSFIDFPKPL, Yes, 0.25441, 0.995434, 0.008529, 0.084447,  2,   769.89812,  17, 43791572.000000, 12.000000, 0.975590, 0.019154, 0.212256, 0.296570
SQLGQSPEAcSSYTFPK, Yes, 0.20901, 0.982548, 0.022403, 0.081747,  2,   943.93309,  37, 20093400.000000, 12.000000, 0.952299, 0.021450, 0.161795, 0.256219
WLSEEcMNAIMSFVSR, Yes, 0.15581, 0.982437, 0.015920, 0.068131,  3,   653.96356,  31, 18012886.000000, 12.000000, 0.961414, 0.013077, 0.127026, 0.184590
WLSEEcMNAIMSFVSR, Yes, 0.15697, 0.987961, 0.019667, 0.114843,  2,   980.44170,  31, 25698870.000000, 12.000000, 0.949908, 0.015526, 0.122795, 0.191141
QNYVDLVSSLSSSSEAPSQGK, Yes, 0.26665, 0.988955, 0.031906, 0.067967,  2,  1092.02675,  45, 31152350.000000, 12.000000, 0.817503, 0.049084, 0.158614, 0.374678
EAWAQGLVTEVFPESTFETEVWTR, No, 0.18628, 0.962328, 0.034393, 0.203954,  2,  1406.67687,  46, 3014066.500000, 9.000000, 0.468524, 0.055895, 0.057385, 0.315171


MeanRateConst/CorrCutOff, 0.200889, 0.900000


MedianRateConst/RMSSCutOff, 0.195227, 0.050000
StandDev/NumberPeptides, 0.022760, 9
TotalIonCurrent, 4.73312e+10
