Peptides, PeptideUnique, RateConstants, Correlations, RootMeanRSS, AbsoluteIsotopeError, Charge, m/z(Sequence), NEH, Abundance, NDP, Rsquared,sigma,CI lower band, CI upper band
FGGPVHHQAQR, Yes, 0.49937, 0.989327, 0.022741, 0.033506,  2,   617.31543,  28, 1574506.375000, 7.000000, 0.955632, 0.059067, 0.354839, 0.643905
NMALLSQLYHSPAR, Yes, 0.27883, 0.995850, 0.020505, 0.133336,  3,   534.28031,  31, 9151982.000000, 7.000000, 0.937005, 0.034698, 0.193930, 0.363733
TNLIVNYLPQNMTQEELR, Yes, 0.59989, 0.983442, 0.044588, 0.165161,  3,   726.04040,  32, 25720322.000000, 7.000000, -1.034980, 0.316897, 0.000000, 2.547752
SLGYGFVNYVTAK, Yes, 0.67722, 0.952996, 0.045803, 0.084215,  2,   709.86936,  16, 48128344.000000, 7.000000, 0.412086, 0.284929, 0.000000, 2.062491


MeanRateConst/CorrCutOff, 0.513827, 0.900000


MedianRateConst/RMSSCutOff, 0.599887, 0.050000
StandDev/NumberPeptides, 0.076313, 4
TotalIonCurrent, 1.25939e+09
