Peptides, PeptideUnique, RateConstants, Correlations, RootMeanRSS, AbsoluteIsotopeError, Charge, m/z(Sequence), NEH, Abundance, NDP, Rsquared,sigma,CI lower band, CI upper band
TVAAVMTcR, Yes, 0.64582, 0.926146, 0.054030, 0.118447,  2,   504.75189,  15, 8682847.000000, 11.000000, 0.634845, 0.254220, 0.079384, 1.212259
WSQVAPPVLK, Yes, 0.72520, 0.916817, 0.052604, 0.009057,  2,   562.82676,  18, 29551706.000000, 11.000000, 0.208858, 0.313997, 0.025574, 1.424834
HLLIGLPSGAILSLPK, Yes, 0.12489, 0.963643, 0.023361, 0.237510,  3,   543.67477,  26, 11211089.000000, 11.000000, 0.915455, 0.013457, 0.094906, 0.154874
ETGMSSLFVFNPIFGK, Yes, 0.00585, 0.558483, 0.073380, 0.273909,  2,   887.44765,  22, 10817670.000000, 11.000000, -0.106204, 0.009917, 0.000000, 4.696208
QLHELAPSIFFYLVDAEQGR, Yes, 0.00470, 0.799159, 0.016084, 0.080454,  3,   778.40233,  43, 36858860.000000, 11.000000, 0.344931, 0.002191, 0.000000, 3.983266


MeanRateConst/CorrCutOff, 0.064792, 0.900000


MedianRateConst/RMSSCutOff, 0.124890, 0.050000
StandDev/NumberPeptides, 0.003768, 2
TotalIonCurrent, 2.95699e+09
