Peptides, PeptideUnique, RateConstants, Correlations, RootMeanRSS, AbsoluteIsotopeError, Charge, m/z(Sequence), NEH, Abundance, NDP, Rsquared,sigma,CI lower band, CI upper band
QESVSELLR, Yes, 0.21577, 0.990356, 0.057323, 0.084754,  2,   530.78528,  22, 613048128.000000, 9.000000, 0.444714, 0.049915, 0.100666, 0.330875
ESSWVEELLTLHR, Yes, 0.15600, 0.969128, 0.023257, 0.135662,  3,   533.61061,  26, 21231734.000000, 9.000000, 0.936145, 0.017267, 0.116178, 0.195814
GQPIWVTANHQEVK, Yes, 0.22398, 0.936136, 0.077788, 0.081887,  3,   536.28272,  28, 71580928.000000, 9.000000, 0.042051, 0.060576, 0.084295, 0.363672
AEYLHTWGGLLPVISK, Yes, 0.06208, 0.904177, 0.059601, 0.161564,  3,   595.32956,  24, 20216814.000000, 9.000000, 0.575832, 0.025049, 0.004315, 0.119841
ILAVLEWLQLPSHER, Yes, 0.16746, 0.895817, 0.085915, 0.256696,  3,   602.00870,  31, 2524152.750000, 8.000000, 0.493322, 0.104047, 0.000000, 3.716092
SGTYFWPGSDVEIDGILPDIYK, Yes, 0.32394, 0.931661, 0.054238, 0.044817,  2,  1236.60211,  32, 3961384.500000, 9.000000, -0.763302, 0.178954, 0.000000, 2.612702
IEPLTFYLDPQWQLALNPSER, Yes, 0.29346, 0.957342, 0.051581, 0.098681,  3,   844.10406,  41, 3617505.000000, 8.000000, -0.177460, 0.120267, 0.009077, 0.577850
FVcScADDcK, Yes, 0.02562, 0.933603, 0.059529, 0.165842,  2,   631.23595,  16, 920667.687500, 9.000000, -0.446008, 0.023585, 0.000000, 2.171997


MeanRateConst/CorrCutOff, 0.155996, 0.900000


MedianRateConst/RMSSCutOff, 0.155996, 0.050000
StandDev/NumberPeptides, 0.017267, 1
TotalIonCurrent, 8.62516e+09
