Peptides, PeptideUnique, RateConstants, Correlations, RootMeanRSS, AbsoluteIsotopeError, Charge, m/z(Sequence), NEH, Abundance, NDP, Rsquared,sigma,CI lower band, CI upper band
YLDLFTSFISLYNTSMK, Yes, 0.67677, 0.813622, 0.044543, 0.084561,  2,  1022.01080,  17, 787304.062500, 5.000000, -2.417669, 0.821708, 0.000000, 3.850368
VEFLVVPVGGLSF, Yes, 0.19596, 0.979978, 0.026713, 0.132338,  2,   681.88704,  17, 3322086.250000, 8.000000, 0.909676, 0.039364, 0.102879, 0.289039
ATYDGNHDTFR, Yes, 0.48167, 0.756487, 0.011430, 0.757704,  2,   648.78382,  19, 4367137.000000, 5.000000, -5.595114, 0.140875, 0.090539, 0.872800
ATYDGNHDTFR, Yes, 0.20372, 0.966234, 0.040838, 0.395776,  3,   432.85830,  19, 25257880.000000, 4.000000, -0.665331, 0.046077, 0.057085, 0.350358


MeanRateConst/CorrCutOff, 0.199840, 0.900000


MedianRateConst/RMSSCutOff, 0.203721, 0.050000
StandDev/NumberPeptides, 0.042456, 2
TotalIonCurrent, 5.44145e+08
