Peptides, PeptideUnique, RateConstants, Correlations, RootMeanRSS, AbsoluteIsotopeError, Charge, m/z(Sequence), NEH, Abundance, NDP, Rsquared,sigma,CI lower band, CI upper band
ALATQLPVIPR, Yes, 0.10593, 0.993669, 0.022424, 0.044532,  2,   589.86641,  23, 70844592.000000, 12.000000, 0.941022, 0.009609, 0.084786, 0.127083
VAGFTVAHDVSAR, Yes, 2.01367, 0.153284, 0.207982, 0.755069,  2,   665.34913,  27, 54871692.000000, 12.000000, -3.689718, 4.631450, 0.000000, 4.659768
TFDTFcPLGPALVTK, Yes, 1.02023, 0.780825, 0.048900, 0.034309,  2,   833.92911,  18, 37352208.000000, 12.000000, 0.421498, 0.663109, 0.000000, 2.237199
VNGEVVQSSNTNQMVFK, Yes, 0.17317, 0.952716, 0.041516, 0.203509,  2,   940.96219,  29, 6594646.500000, 12.000000, 0.711687, 0.039428, 0.086388, 0.259948
VIcVGLNYADHcQEQNVR, Yes, 0.07966, 0.979716, 0.020702, 0.080325,  3,   725.67385,  36, 20568164.000000, 12.000000, 0.876865, 0.010421, 0.056727, 0.102598
DTIADPHNLK, Yes, 0.25698, 0.893037, 0.047538, 0.143257,  3,   375.19625,  17, 23241200.000000, 12.000000, 0.414485, 0.075720, 0.090326, 0.423643


MeanRateConst/CorrCutOff, 0.119588, 0.900000


MedianRateConst/RMSSCutOff, 0.105935, 0.050000
StandDev/NumberPeptides, 0.013310, 3
TotalIonCurrent, 5.80556e+09
