Peptides, PeptideUnique, RateConstants, Correlations, RootMeanRSS, AbsoluteIsotopeError, Charge, m/z(Sequence), NEH, Abundance, NDP, Rsquared,sigma,CI lower band, CI upper band
VGQPGAAGPVSPMcPGR, Yes, 12.20124, 0.970811, 0.073205, 0.100520,  2,   819.39798,  40, 44978612.000000, 7.000000, 0.489902, 48665.113281, 11.036314, 13.366173
HAFSPVASVESASGETLHSPK, Yes, 1.37986, 0.985382, 0.047472, 0.110705,  3,   713.35527,  48, 41934824.000000, 7.000000, 0.677862, 0.701822, 0.375512, 2.384213
AQNVPLPVSTLVEFVIAATDcTAK, Yes, 1.85153, 0.983766, 0.028763, 0.032778,  3,   848.78412,  42, 17555766.000000, 7.000000, -0.150988, 3.627123, 0.000000, 4.732081


MeanRateConst/CorrCutOff, 5.144212, 0.900000


MedianRateConst/RMSSCutOff, 1.851530, 0.050000
StandDev/NumberPeptides, 1.764099, 2
TotalIonCurrent, 4.28788e+09
