Peptides, PeptideUnique, RateConstants, Correlations, RootMeanRSS, AbsoluteIsotopeError, Charge, m/z(Sequence), NEH, Abundance, NDP, Rsquared,sigma,CI lower band, CI upper band
KGEITGEVR, Yes, 0.68082, 0.914156, 0.043368, 0.049615,  2,   494.77472,  17, 1118921.125000, 12.000000, 0.687202, 0.231906, 0.170396, 1.191240
LIALLEVLSQK, No, 0.20979, 0.981426, 0.019016, 0.061187,  2,   613.88955,  19, 39293364.000000, 12.000000, 0.956282, 0.020363, 0.164966, 0.254605
AFGPGLQGGNAGSPAR, Yes, 15.14885, -0.080077, 0.118409, 1.213274,  2,   728.86821,  40, 8787941.000000, 11.000000, -2.546688, 1466314.625000, 13.359041, 16.938658
VHGPGIQSGTTNKPNK, Yes, 0.11575, 0.985967, 0.030011, 0.098133,  3,   545.62515,  27, 2649544.250000, 12.000000, 0.869878, 0.015730, 0.081128, 0.150371
IQQNTFTR, No, 0.16532, 0.883876, 0.046060, 0.247404,  2,   504.26707,  14, 21609012.000000, 12.000000, 0.538200, 0.048424, 0.058743, 0.271904
VPVHDVTDASK, Yes, 0.26055, 0.791343, 0.051167, 0.398242,  2,   584.30386,  18, 2721591.000000, 12.000000, 0.251852, 0.087606, 0.067729, 0.453366


MeanRateConst/CorrCutOff, 0.335451, 0.900000


MedianRateConst/RMSSCutOff, 0.209785, 0.050000
StandDev/NumberPeptides, 0.025642, 3
TotalIonCurrent, 3.23274e+09
