Peptides, PeptideUnique, RateConstants, Correlations, RootMeanRSS, AbsoluteIsotopeError, Charge, m/z(Sequence), NEH, Abundance, NDP, Rsquared,sigma,CI lower band, CI upper band
LGGDLGTYVINK, Yes, 14.05698, 0.328476, 0.156840, 0.115507,  2,   625.34298,  13, 203401872.000000, 12.000000, -92.499046, 1000169.562500, 10.821412, 17.292542
QIWLSSPSSGPK, Yes, 18.31070, 0.602522, 0.153368, 0.051448,  2,   643.84060,  23, 69985944.000000, 12.000000, -5.524663, 50222836.000000, 15.996283, 20.625120
GTLDNPSSLDETAYER, Yes, 0.00082, 1.000000, 0.024065, 0.208605,  2,   884.40521,  32, 7296281.500000, 2.000000, -4.783726, 0.066768, 0.000000, 6.457565
NWVYSHDGVSLHELLAR, Yes, 0.17547, 0.956089, 0.044186, 0.094434,  3,   666.00602,  31, 54077088.000000, 12.000000, 0.507730, 0.044482, 0.077569, 0.273376


MeanRateConst/CorrCutOff, 0.175473, 0.900000


MedianRateConst/RMSSCutOff, 0.175473, 0.050000
StandDev/NumberPeptides, 0.044482, 1
TotalIonCurrent, 9.86268e+09
