Peptides, PeptideUnique, RateConstants, Correlations, RootMeanRSS, AbsoluteIsotopeError, Charge, m/z(Sequence), NEH, Abundance, NDP, Rsquared,sigma,CI lower band, CI upper band
GVEVTVGHEQEEGGK, Yes, 0.16887, 0.993945, 0.014186, 0.029331,  3,   518.91800,  33, 63125860.000000, 9.000000, 0.978149, 0.010296, 0.145131, 0.192616
GVEVTVGHEQEEGGK, Yes, 0.08059, 0.984270, 0.051921, 0.095629,  2,   777.87337,  33, 14460728.000000, 9.000000, 0.850279, 0.017119, 0.041111, 0.120064
KPIGLccIAPVLAAK, Yes, 0.04084, 0.941851, 0.063962, 0.254177,  2,   805.95966,  27, 7845426.000000, 9.000000, 0.543305, 0.019197, 0.000000, 2.755847
GGAEVQIFAPDVPQMHVIDHTK, Yes, 0.11681, 0.994003, 0.011787, 0.058791,  4,   598.05468,  44, 100492304.000000, 9.000000, 0.956987, 0.010246, 0.093181, 0.140438
GGAEVQIFAPDVPQMHVIDHTK, Yes, 0.20566, 0.991510, 0.020678, 0.229487,  3,   797.07049,  44, 37352716.000000, 9.000000, 0.873302, 0.030371, 0.135624, 0.275697
ITSLAQLNAANHDAAIFPGGFGAAK, Yes, 0.11967, 0.996381, 0.010280, 0.059678,  3,   819.09579,  56, 227646880.000000, 9.000000, 0.968849, 0.008902, 0.099139, 0.140193
ITSLAQLNAANHDAAIFPGGFGAAK, Yes, 0.25677, 0.953545, 0.043018, 0.170139,  2,  1228.14004,  56, 8347450.500000, 8.000000, 0.401436, 0.076113, 0.076789, 0.436745
VVTTPAFMcETALHHIHDGIGAMVK, Yes, 0.11572, 0.987353, 0.012571, 0.098364,  5,   547.87515,  42, 78444832.000000, 9.000000, 0.957011, 0.010657, 0.091147, 0.140297
VVTTPAFMcETALHHIHDGIGAMVK, Yes, 0.10940, 0.985358, 0.011388, 0.110023,  4,   684.59211,  42, 71216352.000000, 9.000000, 0.961021, 0.009230, 0.088119, 0.130689
VALVLSGcGVYDGTEIHEASAILVHLSR, Yes, 0.00123, 0.183214, 0.081701, 0.150258,  4,   742.39056,  53, 35080052.000000, 9.000000, -0.378099, 0.019671, 0.000000, 5.948462
NLSTFAVDGK, Yes, 0.12508, 0.991237, 0.013532, 0.037318,  2,   526.27456,  14, 292033728.000000, 9.000000, 0.964852, 0.009992, 0.102035, 0.148118
WPYAGTAEAIK, Yes, 0.25687, 0.982684, 0.047187, 0.053798,  2,   603.81130,  22, 323122848.000000, 9.000000, 0.653928, 0.060185, 0.118082, 0.395656


MeanRateConst/CorrCutOff, 0.117336, 0.900000


MedianRateConst/RMSSCutOff, 0.116809, 0.050000
StandDev/NumberPeptides, 0.009762, 5
TotalIonCurrent, 3.35956e+10
