Peptides, PeptideUnique, RateConstants, Correlations, RootMeanRSS, AbsoluteIsotopeError, Charge, m/z(Sequence), NEH, Abundance, NDP, Rsquared,sigma,CI lower band, CI upper band
QLGSIMDLFTTSLSLAGLKPPSDR, Yes, 0.01215, 0.968433, 0.015241, 0.179876,  3,   849.78775,  41, 2648055.000000, 8.000000, 0.730448, 0.003037, 0.004970, 0.019331
APQPPNIVLLLMDDMGWGDLGVNGEPSR, Yes, 0.06537, 0.950276, 0.019995, 0.121042,  3,   997.82828,  52, 777986.562500, 7.000000, 0.827445, 0.015476, 0.027503, 0.103238
ILSLLQNLGISK, Yes, 0.01863, 0.850108, 0.117811, 0.507443,  2,   649.90573,  18, 5348481.000000, 8.000000, 0.343729, 0.016802, 0.000000, 2.521623


MeanRateConst/CorrCutOff, 0.032049, 0.900000


MedianRateConst/RMSSCutOff, 0.018625, 0.050000
StandDev/NumberPeptides, 0.006616, 2
TotalIonCurrent, 2.1645e+08
