Peptides, PeptideUnique, RateConstants, Correlations, RootMeanRSS, AbsoluteIsotopeError, Charge, m/z(Sequence), NEH, Abundance, NDP, Rsquared,sigma,CI lower band, CI upper band
SAGSALYASR, Yes, 20.04061, 0.651262, 0.135442, 0.364240,  2,   491.75124,  26, 17625158.000000, 10.000000, -3.576064, 197495184.000000, 18.318920, 21.762302
LLPAITILGcR, Yes, 0.18683, 0.945885, 0.108977, 0.209485,  2,   613.86810,  17, 90544264.000000, 10.000000, -3.217253, 0.102900, 0.000000, 3.166103
VAPSAVLGPNVSIGK, Yes, 0.00252, 0.118759, 0.076849, 0.411211,  2,   704.91156,  28, 8241088.000000, 8.000000, -0.220600, 0.011250, 0.000000, 4.674284
IPAEVLILNSIVLPHK, Yes, 0.28459, 0.962153, 0.036176, 0.118381,  3,   586.02921,  26, 11489283.000000, 10.000000, 0.780027, 0.067780, 0.131257, 0.437916


MeanRateConst/CorrCutOff, 0.284587, 0.900000


MedianRateConst/RMSSCutOff, 0.284587, 0.050000
StandDev/NumberPeptides, 0.067780, 1
TotalIonCurrent, 3.10676e+09
