Peptides, PeptideUnique, RateConstants, Correlations, RootMeanRSS, AbsoluteIsotopeError, Charge, m/z(Sequence), NEH, Abundance, NDP, Rsquared,sigma,CI lower band, CI upper band
LFDSIcNNK, No, 0.08488, 0.954092, 0.055133, 0.139480,  2,   555.76604,  12, 31319218.000000, 12.000000, 0.685722, 0.017099, 0.047248, 0.122517
YDEAASYIQSK, Yes, 0.35679, 0.983746, 0.020911, 0.114423,  2,   637.79858,  25, 20705116.000000, 12.000000, 0.952063, 0.036212, 0.277092, 0.436496
WFTDTSIILFLNK, No, 0.44727, 0.953313, 0.019959, 0.082570,  2,   799.43487,  11, 23412194.000000, 12.000000, 0.884365, 0.097660, 0.232322, 0.662218
NVQFVFDAVTDVIIK, No, 0.30126, 0.967854, 0.022821, 0.069078,  3,   569.98206,  19, 9080128.000000, 12.000000, 0.887711, 0.052531, 0.185646, 0.416884
AVVYSNTIQSIMAIVK, Yes, 0.31275, 0.966502, 0.042080, 0.149512,  2,   868.98439,  26, 6579351.500000, 12.000000, 0.573686, 0.086212, 0.122994, 0.502497
IAQSDYIPTQQDVLR, Yes, 0.29188, 0.984065, 0.020349, 0.082203,  2,   873.95468,  32, 20903940.000000, 12.000000, 0.936455, 0.031580, 0.222369, 0.361383
EYQLNDSAAYYLNDLER, Yes, 1.03963, 0.262280, 0.180777, 0.243744,  2,  1038.97906,  36, 5470632.500000, 12.000000, -8.546341, 1.819366, 0.000000, 4.585105


MeanRateConst/CorrCutOff, 0.315670, 0.900000


MedianRateConst/RMSSCutOff, 0.312745, 0.050000
StandDev/NumberPeptides, 0.044486, 4
TotalIonCurrent, 4.00544e+09
