Peptides, PeptideUnique, RateConstants, Correlations, RootMeanRSS, AbsoluteIsotopeError, Charge, m/z(Sequence), NEH, Abundance, NDP, Rsquared,sigma,CI lower band, CI upper band
LIANLAEHILFTASK, Yes, 0.73172, 0.890338, 0.065166, 0.225939,  3,   547.65051,  28, 7126200.500000, 9.000000, 0.605856, 0.387656, 0.000000, 3.372747
GMFATSVTENVLSSSR, Yes, 0.37150, 0.974227, 0.039058, 0.131111,  2,   843.41179,  29, 38450756.000000, 10.000000, 0.788696, 0.093876, 0.159140, 0.583865
AATETNLPLLFLPVHR, Yes, 0.71019, 0.942672, 0.030905, 0.106657,  3,   598.00871,  29, 17481916.000000, 10.000000, 0.791194, 0.209770, 0.235657, 1.184721


MeanRateConst/CorrCutOff, 0.604469, 0.900000


MedianRateConst/RMSSCutOff, 0.710189, 0.050000
StandDev/NumberPeptides, 0.166675, 2
TotalIonCurrent, 3.25063e+09
