Peptides, PeptideUnique, RateConstants, Correlations, RootMeanRSS, AbsoluteIsotopeError, Charge, m/z(Sequence), NEH, Abundance, NDP, Rsquared,sigma,CI lower band, CI upper band
AHPLFTFLR, Yes, 0.14848, 0.989716, 0.025359, 0.083805,  3,   367.87831,  14, 452226176.000000, 12.000000, 0.871500, 0.022224, 0.099569, 0.197397
AHPLFTFLR, Yes, 0.09732, 0.982935, 0.028968, 0.091767,  2,   551.31382,  14, 558366720.000000, 12.000000, 0.843000, 0.015050, 0.064197, 0.130445
NDIAWNFEK, Yes, 0.16712, 0.959955, 0.028785, 0.032311,  2,   568.77218,  15, 672673152.000000, 12.000000, 0.737309, 0.051956, 0.052763, 0.281473
FLVGPDGVPVR, Yes, 0.19213, 0.993989, 0.013039, 0.034324,  2,   578.32969,  17, 1823812480.000000, 12.000000, 0.972513, 0.012846, 0.163858, 0.220405
YIIWSPVcR, Yes, 1.13597, 0.808006, 0.041778, 0.451042,  2,   597.31042,  13, 1619581952.000000, 12.000000, -0.862312, 0.558833, 0.108792, 2.163151
DYTEMNDLQK, Yes, 0.15845, 0.997439, 0.023942, 0.048904,  2,   628.77680,  16, 674320832.000000, 12.000000, 0.953481, 0.017439, 0.120068, 0.196831
PLTGGEPVSLGSLR, Yes, 0.17415, 0.997627, 0.017548, 0.043213,  2,   691.88554,  26, 1456960000.000000, 12.000000, 0.962601, 0.014300, 0.142677, 0.205627
PGGGFEPNFTLFEK, Yes, 0.18369, 0.995182, 0.011780, 0.018444,  2,   770.37755,  23, 321887776.000000, 12.000000, 0.972875, 0.012776, 0.155566, 0.211805
LSAAAQSTVYAFSAR, Yes, 0.19136, 0.996103, 0.032529, 0.085511,  2,   771.89917,  37, 169700528.000000, 12.000000, 0.884278, 0.025732, 0.134728, 0.247998
NALPTPSDDPTALMTDPK, Yes, 0.17807, 0.996706, 0.012154, 0.053513,  2,   942.45640,  31, 351462528.000000, 12.000000, 0.972506, 0.013010, 0.149436, 0.206705
YVRPGGGFEPNFTLFEK, Yes, 0.17347, 0.997294, 0.010711, 0.023544,  3,   653.33174,  27, 940413440.000000, 12.000000, 0.967615, 0.013551, 0.143641, 0.203290
GLVVLGFPcNQFGHQENGK, Yes, 0.18066, 0.997784, 0.011070, 0.016053,  3,   701.01432,  34, 259269888.000000, 12.000000, 0.981894, 0.010230, 0.158140, 0.203172


MeanRateConst/CorrCutOff, 0.174757, 0.900000


MedianRateConst/RMSSCutOff, 0.174152, 0.050000
StandDev/NumberPeptides, 0.015750, 10
TotalIonCurrent, 3.26224e+11
