Peptides, PeptideUnique, RateConstants, Correlations, RootMeanRSS, AbsoluteIsotopeError, Charge, m/z(Sequence), NEH, Abundance, NDP, Rsquared,sigma,CI lower band, CI upper band
ALLTPVAIAAGR, Yes, 0.13300, 0.993538, 0.022267, 0.046482,  2,   576.85859,  27, 105030376.000000, 12.000000, 0.959060, 0.011027, 0.108733, 0.157272
GHILVDEFQNTNVK, Yes, 0.21514, 0.676100, 0.103904, 0.408095,  2,   807.41774,  22, 5061067.000000, 12.000000, -0.735839, 0.125282, 0.000000, 2.924202
TSSGLELQVVTSVPGR, Yes, 0.06489, 0.954527, 0.031952, 0.193304,  2,   815.44396,  29, 63705536.000000, 12.000000, 0.893067, 0.008027, 0.047226, 0.082561
VVGIHMQGIGcDEMLQGFAVAVK, Yes, 0.33833, 0.979246, 0.031887, 0.171471,  3,   820.41298,  42, 94282088.000000, 12.000000, 0.760154, 0.085735, 0.149629, 0.527032
LGGTcVNVGcVPK, Yes, 0.14369, 0.973073, 0.025322, 0.035775,  2,   680.83924,  16, 65310240.000000, 12.000000, 0.938495, 0.014076, 0.112705, 0.174669


MeanRateConst/CorrCutOff, 0.169978, 0.900000


MedianRateConst/RMSSCutOff, 0.143687, 0.050000
StandDev/NumberPeptides, 0.013424, 4
TotalIonCurrent, 1.3507e+10
