Peptides, PeptideUnique, RateConstants, Correlations, RootMeanRSS, AbsoluteIsotopeError, Charge, m/z(Sequence), NEH, Abundance, NDP, Rsquared,sigma,CI lower band, CI upper band
SFEEIAAEFR, Yes, 0.47116, 0.989034, 0.018104, 0.010496,  2,   599.79056,  27, 129939368.000000, 12.000000, 0.967731, 0.042262, 0.378143, 0.564179
YIGEIAPTTLR, Yes, 0.10238, 0.769635, 0.109847, 0.038582,  2,   617.34551,  19, 118692872.000000, 12.000000, -2.042653, 0.041846, 0.010279, 0.194483
VSVIQLFTDANYR, Yes, 0.02981, 0.864437, 0.098759, 0.091452,  3,   509.27182,  21, 43483180.000000, 12.000000, -1.083958, 0.007708, 0.012842, 0.046771
VSVIQLFTDANYR, Yes, 17.44417, 0.620125, 0.162604, 0.058384,  2,   763.40410,  21, 117213592.000000, 12.000000, -4.523426, 24681384.000000, 14.764380, 20.123968
FGPAHALIIAGR, Yes, 0.22319, 0.981700, 0.071631, 0.058690,  2,   611.85638,  27, 46113200.000000, 12.000000, 0.359379, 0.066512, 0.076801, 0.369587
FGPAHALIIAGR, Yes, 0.31033, 0.935527, 0.099799, 0.097362,  3,   408.24001,  27, 67779080.000000, 12.000000, -0.484037, 0.257144, 0.000000, 3.057256


MeanRateConst/CorrCutOff, 0.471161, 0.900000


MedianRateConst/RMSSCutOff, 0.471161, 0.050000
StandDev/NumberPeptides, 0.042262, 1
TotalIonCurrent, 1.66684e+10
