Peptides, PeptideUnique, RateConstants, Correlations, RootMeanRSS, AbsoluteIsotopeError, Charge, m/z(Sequence), NEH, Abundance, NDP, Rsquared,sigma,CI lower band, CI upper band
TWTAADMAALITK, Yes, 1.65787, 0.987008, 0.013703, 0.085984,  2,   696.86321,  21, 46178768.000000, 12.000000, 0.969343, 0.238043, 1.133940, 2.181797
AYLEGTcVEWLR, Yes, 19.79643, 0.992150, 0.025525, 0.092480,  2,   748.86374,  21, 24056888.000000, 12.000000, 0.916227, 37243852.000000, 19.103834, 20.489023
YMEVGYVDDTEFVR, Yes, 1.48394, 0.993286, 0.024620, 0.137716,  2,   861.88762,  21, 16347488.000000, 12.000000, 0.914723, 0.443770, 0.507214, 2.460675
GGSHTIQVISGcEVGSDGR, Yes, 1.62139, 0.989804, 0.026793, 0.088943,  3,   639.30242,  39, 11559347.000000, 12.000000, 0.899905, 0.431003, 0.672760, 2.570020
GGSHTIQVISGcEVGSDGR, Yes, 11.63570, 0.998904, 0.025837, 0.313914,  2,   958.44999,  39, 3467369.500000, 5.000000, 0.953974, 10569.958984, 10.420525, 12.850870


MeanRateConst/CorrCutOff, 4.099725, 0.900000


MedianRateConst/RMSSCutOff, 1.657868, 0.050000
StandDev/NumberPeptides, 0.455860, 4
TotalIonCurrent, 5.77608e+09
