Peptides, PeptideUnique, RateConstants, Correlations, RootMeanRSS, AbsoluteIsotopeError, Charge, m/z(Sequence), NEH, Abundance, NDP, Rsquared,sigma,CI lower band, CI upper band
LEDILTGLGLR, Yes, 0.14547, 0.987833, 0.019421, 0.078935,  2,   600.35334,  16, 122698040.000000, 12.000000, 0.965478, 0.011639, 0.119857, 0.171091
RLEDILTGLGLR, Yes, 0.08721, 0.972294, 0.037696, 0.165817,  3,   452.60502,  20, 35283220.000000, 12.000000, 0.850624, 0.014382, 0.055556, 0.118865
AQSHNFPNYGLSR, Yes, 0.10711, 0.965926, 0.033036, 0.081088,  2,   745.86038,  29, 32013048.000000, 12.000000, 0.894345, 0.013861, 0.076603, 0.137621
AQSHNFPNYGLSR, Yes, 0.12139, 0.995762, 0.021391, 0.069943,  3,   497.57601,  29, 72778736.000000, 12.000000, 0.944314, 0.010991, 0.097205, 0.145585
AHGVVVEDITVEQAFR, Yes, 0.31170, 0.779880, 0.080114, 0.314740,  3,   590.64421,  33, 42316468.000000, 12.000000, -0.728275, 0.156607, 0.000000, 2.239027


MeanRateConst/CorrCutOff, 0.115298, 0.900000


MedianRateConst/RMSSCutOff, 0.121395, 0.050000
StandDev/NumberPeptides, 0.012556, 4
TotalIonCurrent, 1.03452e+10
