Peptides, PeptideUnique, RateConstants, Correlations, RootMeanRSS, AbsoluteIsotopeError, Charge, m/z(Sequence), NEH, Abundance, NDP, Rsquared,sigma,CI lower band, CI upper band
DLMTLPIQNK, Yes, 1.83877, 0.687484, 0.049694, 0.254497,  2,   586.82081,  14, 99798200.000000, 12.000000, -0.087330, 1.483243, 0.694613, 2.982918
STTGSSLNAIYR, Yes, 0.31228, 0.968898, 0.039070, 0.039781,  2,   635.32531,  21, 75826520.000000, 12.000000, 0.794830, 0.063407, 0.172720, 0.451834
AESLNGNPLFSK, Yes, 0.15800, 0.988626, 0.022983, 0.046673,  2,   638.83022,  23, 10131927040.000000, 12.000000, 0.964096, 0.013412, 0.128478, 0.187518
LLDELSPATAPHK, Yes, 0.18533, 0.754735, 0.067314, 0.333199,  3,   464.58914,  27, 65498000.000000, 12.000000, -0.055986, 0.068535, 0.034487, 0.336177
YYNEVGQKPTMK, Yes, 0.18621, 0.987453, 0.015526, 0.047949,  3,   486.57462,  18, 48132160.000000, 12.000000, 0.951787, 0.018641, 0.145178, 0.227236
YYNEVGQKPTMK, Yes, 0.15822, 0.970992, 0.031751, 0.156831,  2,   729.35829,  18, 7781422.000000, 12.000000, 0.841615, 0.029610, 0.093047, 0.223388
GDPYPQEVGATVHK, Yes, 0.22562, 0.981906, 0.034127, 0.114754,  3,   499.91593,  28, 44676796.000000, 12.000000, 0.861413, 0.036778, 0.144668, 0.306564
ALADLVHSHIQSNK, Yes, 0.00092, 0.881644, 0.030075, 0.158437,  2,   766.91261,  30, 364158720.000000, 12.000000, -0.385576, 0.002427, 0.000000, 4.354219
LcSTQLSLNcPLcVNPVcR, Yes, 0.02672, 0.425412, 0.098039, 0.153163,  3,   764.36363,  31, 17721640.000000, 12.000000, -0.872431, 0.015606, 0.000000, 2.379564
TGILMLNMGGPETLGEVQDFLQR, Yes, 0.00748, 0.450925, 0.037286, 0.125288,  3,   840.42594,  40, 159188224.000000, 12.000000, 0.103004, 0.005399, 0.000000, 3.688245
AIAFTQYPQYScSTTGSSLNAIYR, Yes, 0.01625, 0.671823, 0.029936, 0.117488,  3,   900.43051,  46, 24779270.000000, 12.000000, 0.019993, 0.007490, 0.000000, 4.061470
LcSTQLSLNcPLcVNPVcR, Yes, 0.05047, 0.952751, 0.022656, 0.205759,  2,  1146.04181,  31, 3694248.250000, 11.000000, 0.168777, 0.015337, 0.016303, 0.084647


MeanRateConst/CorrCutOff, 0.112416, 0.900000


MedianRateConst/RMSSCutOff, 0.157998, 0.050000
StandDev/NumberPeptides, 0.008219, 7
TotalIonCurrent, 4.2453e+11
