Peptides, PeptideUnique, RateConstants, Correlations, RootMeanRSS, AbsoluteIsotopeError, Charge, m/z(Sequence), NEH, Abundance, NDP, Rsquared,sigma,CI lower band, CI upper band
FHVPLLL, Yes, 0.16611, 0.974282, 0.035379, 0.066086,  2,   419.76291,  8, 106168728.000000, 12.000000, 0.492490, 0.046451, 0.063873, 0.268348
TSYTNLDGR, Yes, 0.21709, 0.994230, 0.014443, 0.040035,  2,   513.74617,  13, 586238016.000000, 12.000000, 0.958795, 0.020041, 0.172979, 0.261201
FHVPLLLSPW, Yes, 0.23650, 0.971164, 0.022941, 0.021575,  2,   604.84496,  13, 64555676.000000, 12.000000, 0.830447, 0.040466, 0.147435, 0.325564
FHVPLLLSPWSY, Yes, 0.26281, 0.992195, 0.018006, 0.048861,  2,   729.89264,  16, 175367584.000000, 12.000000, 0.881188, 0.038614, 0.177824, 0.347801
LEAPcQQWMELR, Yes, 0.31969, 0.997330, 0.007218, 0.042642,  2,   780.86850,  29, 278298144.000000, 12.000000, 0.991071, 0.014671, 0.287405, 0.351985
VLDTASGLPAQGLcLR, Yes, 0.22546, 0.993957, 0.015739, 0.049030,  2,   835.94835,  31, 40326600.000000, 12.000000, 0.978251, 0.016606, 0.188914, 0.262014
cPGLLTPSQIKPGTYK, Yes, 0.21447, 0.982916, 0.021809, 0.106989,  2,   880.47420,  24, 20181282.000000, 12.000000, 0.932931, 0.025065, 0.159300, 0.269638
cPGLLTPSQIKPGTYK, Yes, 0.26344, 0.996292, 0.016298, 0.023655,  3,   587.31856,  24, 377227424.000000, 12.000000, 0.951412, 0.024811, 0.208831, 0.318050
FHVPLLLSPWSYTTYR, Yes, 0.19321, 0.979977, 0.021905, 0.099605,  3,   660.68412,  20, 32357234.000000, 12.000000, 0.865895, 0.035638, 0.114769, 0.271645
GQESFYPYVEVVFTITK, Yes, 0.24629, 0.993306, 0.009780, 0.026252,  3,   669.67518,  24, 59524032.000000, 12.000000, 0.983648, 0.015637, 0.211871, 0.280706
GQESFYPYVEVVFTITK, Yes, 0.24661, 0.998176, 0.005510, 0.048504,  2,  1004.00913,  24, 117671608.000000, 12.000000, 0.993032, 0.010231, 0.224093, 0.269131


MeanRateConst/CorrCutOff, 0.227199, 0.900000


MedianRateConst/RMSSCutOff, 0.236500, 0.050000
StandDev/NumberPeptides, 0.022114, 10
TotalIonCurrent, 7.07751e+10
