Peptides, PeptideUnique, RateConstants, Correlations, RootMeanRSS, AbsoluteIsotopeError, Charge, m/z(Sequence), NEH, Abundance, NDP, Rsquared,sigma,CI lower band, CI upper band
KSDVEAIFSK, Yes, 14.01192, 0.645703, 0.229040, 0.072675,  2,   562.30331,  18, 210746352.000000, 12.000000, -22.359699, 967205.375000, 10.725092, 17.298752
VFIGNLNTLVVK, Yes, 0.23295, 0.992994, 0.009685, 0.052505,  2,   658.90046,  10, 150429456.000000, 12.000000, 0.945153, 0.026358, 0.174939, 0.290968
GFAFVQYVNER, Yes, 0.38670, 0.975989, 0.024148, 0.036036,  2,   665.33294,  21, 100338376.000000, 12.000000, 0.898863, 0.056702, 0.261899, 0.511501
VDSLLESLEK, Yes, 0.67789, 0.941508, 0.055798, 0.189485,  2,   566.80842,  17, 275020704.000000, 12.000000, 0.552836, 0.224600, 0.183546, 1.172229


MeanRateConst/CorrCutOff, 0.309827, 0.900000


MedianRateConst/RMSSCutOff, 0.386700, 0.050000
StandDev/NumberPeptides, 0.035988, 2
TotalIonCurrent, 1.38996e+10
