Peptides, PeptideUnique, RateConstants, Correlations, RootMeanRSS, AbsoluteIsotopeError, Charge, m/z(Sequence), NEH, Abundance, NDP, Rsquared,sigma,CI lower band, CI upper band
YGDSEFTVQSTTGH, Yes, 0.91136, 0.949300, 0.029608, 0.232490,  2,   764.83117,  23, 8083434.000000, 11.000000, 0.653545, 0.281209, 0.284787, 1.537932
DLSYcLSGMYDHR, Yes, 0.43413, 0.991299, 0.012205, 0.035755,  3,   539.56591,  22, 47612820.000000, 12.000000, 0.978140, 0.032286, 0.363066, 0.505188
ITGEAFVQFASQELAEK, Yes, 0.68828, 0.955710, 0.059103, 0.252238,  2,   934.47544,  39, 40789912.000000, 12.000000, 0.110671, 0.405115, 0.000000, 2.208265
YGDSEFTVQSTTGHcVH, Yes, 0.43851, 0.972403, 0.022458, 0.158995,  3,   642.27587,  28, 17001818.000000, 12.000000, 0.936062, 0.063503, 0.298737, 0.578274
YGDSEFTVQSTTGHcVHMR, Yes, 1.27213, 0.701400, 0.076820, 0.084952,  3,   737.98973,  33, 7373087.500000, 11.000000, -0.506876, 1.492513, 0.000000, 3.396458


MeanRateConst/CorrCutOff, 0.594664, 0.900000


MedianRateConst/RMSSCutOff, 0.438506, 0.050000
StandDev/NumberPeptides, 0.059670, 3
TotalIonCurrent, 5.58118e+09
