Peptides, PeptideUnique, RateConstants, Correlations, RootMeanRSS, AbsoluteIsotopeError, Charge, m/z(Sequence), NEH, Abundance, NDP, Rsquared,sigma,CI lower band, CI upper band
SIPMTVDFIR, Yes, 0.19514, 0.955971, 0.038476, 0.056141,  2,   589.81554,  14, 54568192.000000, 12.000000, 0.762738, 0.042099, 0.102481, 0.287801
FFADLLDYIK, Yes, 0.24975, 0.981606, 0.036714, 0.030490,  2,   622.83171,  11, 85080560.000000, 12.000000, 0.820908, 0.063391, 0.110227, 0.389272
VIGGDDLSTLTGK, Yes, 0.36157, 0.939290, 0.051415, 0.115087,  2,   638.34318,  16, 102958656.000000, 12.000000, 0.211391, 0.132849, 0.069177, 0.653972
SYcNDQSTGDIK, Yes, 0.20957, 0.988702, 0.024640, 0.128719,  2,   694.29336,  20, 6976909.500000, 12.000000, 0.958173, 0.022877, 0.159220, 0.259925
FVVGYALDYNEYFR, Yes, 0.00366, 0.755728, 0.061443, 0.270158,  2,   878.42248,  20, 31621306.000000, 12.000000, -0.061387, 0.004910, 0.000000, 4.261063
VASLLVK, Yes, 0.11980, 0.972525, 0.026078, 0.036874,  2,   365.24708,  9, 59427884.000000, 12.000000, 0.840017, 0.019009, 0.077959, 0.161635


MeanRateConst/CorrCutOff, 0.193565, 0.900000


MedianRateConst/RMSSCutOff, 0.209572, 0.050000
StandDev/NumberPeptides, 0.029445, 4
TotalIonCurrent, 9.79207e+09
