Peptides, PeptideUnique, RateConstants, Correlations, RootMeanRSS, AbsoluteIsotopeError, Charge, m/z(Sequence), NEH, Abundance, NDP, Rsquared,sigma,CI lower band, CI upper band
VNILFDFVK, Yes, 0.30257, 0.985914, 0.025087, 0.052280,  2,   547.81587,  7, 95074720.000000, 12.000000, 0.874437, 0.066241, 0.156776, 0.448367
TVIVNMVDVAK, Yes, 17.53910, 0.642063, 0.101202, 0.095273,  2,   594.83648,  12, 166889632.000000, 12.000000, -4.756856, 23665756.000000, 15.160876, 19.917328
AMGPLVLTEVLFDEK, Yes, 1.59859, 0.415282, 0.097900, 0.491490,  2,   831.44457,  23, 30898376.000000, 12.000000, -0.889693, 2.277883, 0.000000, 3.840228
FVLcPEcENPETDLHVNPK, Yes, 0.49873, 0.898405, 0.039491, 0.181326,  3,   766.68916,  34, 8076594.000000, 12.000000, 0.075983, 0.207574, 0.041867, 0.955600
LQDMLDGFIK, Yes, 0.33226, 0.978152, 0.032202, 0.082570,  2,   590.30755,  13, 54800764.000000, 12.000000, 0.889187, 0.069326, 0.179674, 0.484844


MeanRateConst/CorrCutOff, 0.317415, 0.900000


MedianRateConst/RMSSCutOff, 0.332259, 0.050000
StandDev/NumberPeptides, 0.067748, 2
TotalIonCurrent, 1.49104e+10
