Peptides, PeptideUnique, RateConstants, Correlations, RootMeanRSS, AbsoluteIsotopeError, Charge, m/z(Sequence), NEH, Abundance, NDP, Rsquared,sigma,CI lower band, CI upper band
TAAENEFVTLK, Yes, 0.00103, 0.838675, 0.018554, 0.061342,  2,   611.81933,  20, 81705400.000000, 5.000000, -0.117752, 0.002924, 0.000000, 0.847072
YEDEINKR, No, 2.15737, -2.000000, 0.050106, 0.553676,  2,   533.76180,  17, 3871786.000000, 4.000000, -94.820213, 14204.504883, 1.622671, 2.692077
KYEDEINKR, No, 0.00849, -0.746807, 0.016205, 0.064887,  3,   398.87528,  17, 7671660.000000, 4.000000, -10.134017, 0.008478, 0.000000, 3.784606
SLDLDSIIAEVK, No, 0.00623, 1.000000, 0.058940, 0.055794,  2,   651.86119,  21, 142792720.000000, 3.000000, 0.106675, 0.010315, 0.000000, 7.815365
LALDVEIATYR, No, 0.19863, -2.000000, 0.301574, 0.080369,  2,   632.35079,  20, 185377456.000000, 1.000000, 0.000000, inf, 0.198631, 0.198631


MeanRateConst/CorrCutOff, 0.004761, 0.900000


MedianRateConst/RMSSCutOff, 0.008487, 0.050000
StandDev/NumberPeptides, 0.004349, 2
TotalIonCurrent, 2.11905e+09
