Peptides, PeptideUnique, RateConstants, Correlations, RootMeanRSS, AbsoluteIsotopeError, Charge, m/z(Sequence), NEH, Abundance, NDP, Rsquared,sigma,CI lower band, CI upper band
DVMEVILK, Yes, 0.01096, 0.940098, 0.057370, 0.201515,  2,   473.76752,  10, 11792496.000000, 12.000000, 0.330286, 0.007682, 0.000000, 3.228886
GLQNGVEGLR, Yes, 19.69229, -0.136871, 0.157034, 0.681323,  2,   521.78563,  21, 20580956.000000, 12.000000, -1.176510, 179280064.000000, 17.386782, 21.997793
MIAEEAQQR, Yes, 0.26374, 0.979828, 0.111126, 0.099972,  2,   538.26365,  29, 322017568.000000, 12.000000, -0.717045, 0.108392, 0.025168, 0.502308
LIVAVEQEEIPR, Yes, 0.13553, 0.950492, 0.039837, 0.052484,  2,   698.39573,  29, 18844048.000000, 12.000000, 0.833135, 0.020709, 0.089946, 0.181105
FIPEITISDVLR, Yes, 0.03905, 0.968251, 0.019136, 0.067471,  2,   701.90066,  19, 65431300.000000, 12.000000, 0.828985, 0.004926, 0.028211, 0.049896
YVVTcAGLYSDR, Yes, 0.10037, 0.974425, 0.030510, 0.125250,  2,   702.33483,  18, 14520560.000000, 12.000000, 0.909811, 0.014068, 0.069409, 0.131336
NAPSPAATSSLAISR, Yes, 0.10151, 0.985283, 0.027841, 0.071989,  2,   721.88351,  38, 30023608.000000, 12.000000, 0.939143, 0.009388, 0.080849, 0.122176
LDGTIWLGPNAVLAFK, Yes, 0.08011, 0.989859, 0.026419, 0.053851,  2,   857.97997,  22, 30220142.000000, 12.000000, 0.920095, 0.009997, 0.058104, 0.102111
ISELSGcNPDPQIVPFR, Yes, 0.06836, 0.968312, 0.037780, 0.240565,  2,   964.98037,  35, 7483509.000000, 11.000000, 0.813711, 0.012027, 0.041565, 0.095162
FPFLGVHFTPR, Yes, 0.01784, 0.951343, 0.069995, 0.215690,  3,   439.90828,  15, 26833624.000000, 12.000000, 0.446321, 0.010112, 0.000000, 3.285403


MeanRateConst/CorrCutOff, 0.087589, 0.900000


MedianRateConst/RMSSCutOff, 0.100372, 0.050000
StandDev/NumberPeptides, 0.011087, 4
TotalIonCurrent, 1.41097e+10
