Peptides, PeptideUnique, RateConstants, Correlations, RootMeanRSS, AbsoluteIsotopeError, Charge, m/z(Sequence), NEH, Abundance, NDP, Rsquared,sigma,CI lower band, CI upper band
KPTVTHVHYR, Yes, 10.19074, 0.587277, 0.156739, 0.036623,  3,   413.23152,  14, 8872768.000000, 9.000000, -18.892025, 21068.917969, 6.827667, 13.553816
WIVLFPEGGFLR, Yes, 0.53960, 0.954082, 0.023782, 0.099434,  2,   717.40063,  17, 14868711.000000, 9.000000, 0.884806, 0.108921, 0.288425, 0.790770
NNLPFLTHVTLPR, Yes, 0.23212, 0.857122, 0.082756, 0.169314,  3,   507.95606,  18, 7669913.000000, 9.000000, 0.571393, 0.123072, 0.000000, 2.260210
GLQWIIDTTIAYPK, Yes, 0.32122, 0.956615, 0.034409, 0.184821,  2,   809.94559,  19, 17090254.000000, 9.000000, 0.838584, 0.082934, 0.129970, 0.512464
AEPIDIQTWILGYR, Yes, 0.01403, 0.787764, 0.096630, 0.137050,  2,   837.94612,  26, 39552720.000000, 9.000000, 0.216379, 0.013399, 0.000000, 3.882025
IFPIGDVPLETEDLTSWLYQR, Yes, 0.83281, 0.913233, 0.048786, 0.099835,  3,   831.42844,  34, 4109709.750000, 9.000000, -0.252471, 0.528959, 0.000000, 4.290864


MeanRateConst/CorrCutOff, 0.564540, 0.900000


MedianRateConst/RMSSCutOff, 0.539598, 0.050000
StandDev/NumberPeptides, 0.129706, 3
TotalIonCurrent, 2.27632e+09
