Peptides, PeptideUnique, RateConstants, Correlations, RootMeanRSS, AbsoluteIsotopeError, Charge, m/z(Sequence), NEH, Abundance, NDP, Rsquared,sigma,CI lower band, CI upper band
ETSGLMLDVGGYMK, Yes, 0.22247, 0.955711, 0.026837, 0.170482,  2,   750.85727,  19, 38282296.000000, 9.000000, 0.868109, 0.034055, 0.143936, 0.300997
AFQVLMELENPVLISLGK, Yes, 0.16833, 0.979240, 0.038772, 0.117043,  2,  1001.05808,  31, 28238146.000000, 9.000000, 0.614785, 0.041283, 0.073129, 0.263529
AFQVLMELENPVLISLGK, Yes, 0.00034, -0.375458, 0.114810, 0.111319,  3,   667.70781,  31, 36277652.000000, 9.000000, -2.316398, 0.021755, 0.000000, 6.410542


MeanRateConst/CorrCutOff, 0.130378, 0.900000


MedianRateConst/RMSSCutOff, 0.168329, 0.050000
StandDev/NumberPeptides, 0.030135, 2
TotalIonCurrent, 2.67823e+09
