Peptides, PeptideUnique, RateConstants, Correlations, RootMeanRSS, AbsoluteIsotopeError, Charge, m/z(Sequence), NEH, Abundance, NDP, Rsquared,sigma,CI lower band, CI upper band
MAQALEDLR, Yes, 19.86504, 0.321999, 0.159488, 0.343798,  2,   523.76858,  23, 31509386.000000, 12.000000, -5.608623, 215378224.000000, 17.728518, 22.001554
ISEKEEVTTR, Yes, 0.01352, 0.953984, 0.045363, 0.081003,  3,   397.87870,  20, 8754531.000000, 12.000000, 0.531453, 0.004980, 0.002563, 0.024486
VELEQTYQAK, Yes, 0.15100, 0.950006, 0.065285, 0.163945,  2,   604.81150,  22, 48834228.000000, 12.000000, 0.583091, 0.048712, 0.043782, 0.258209
SEAELATALSDK, Yes, 20.21075, -0.117889, 0.166969, 0.935622,  2,   617.81169,  28, 24967478.000000, 12.000000, -37.774525, 266913536.000000, 18.042894, 22.378595
QVLEGEDIAYK, Yes, 22.02364, 0.430703, 0.179162, 0.147696,  2,   632.82461,  22, 27944914.000000, 12.000000, -2.285482, 2469096960.000000, 19.018986, 25.028294
SQTNWGPGESFR, Yes, 0.01215, 0.923082, 0.046026, 0.197884,  2,   683.31274,  25, 14627832.000000, 12.000000, 0.593718, 0.003664, 0.004083, 0.020214
TALVSADGEEVAVK, Yes, 0.01497, 0.436692, 0.067578, 0.451979,  2,   694.86701,  29, 20869502.000000, 12.000000, -0.625549, 0.006691, 0.000247, 0.029699
cQSLQEELAFSK, Yes, 0.06948, 0.953386, 0.073637, 0.119220,  2,   720.34538,  28, 24636858.000000, 12.000000, -0.137158, 0.016981, 0.032101, 0.106850
ATSSSSSSSGVGMSVGQGR, Yes, 0.01694, 0.960095, 0.028199, 0.187412,  2,   864.89451,  42, 14432815.000000, 12.000000, 0.816749, 0.002589, 0.011241, 0.022638
EGELTVAQGR, Yes, 0.40043, 0.721704, 0.124756, 0.655323,  2,   530.27509,  24, 45403932.000000, 12.000000, -2.749539, 0.236825, 0.000000, 2.363491
DAMQQQLAEYQELLDIK, Yes, 0.00747, 0.954542, 0.048187, 0.157831,  3,   679.33833,  40, 9077721.000000, 12.000000, 0.225056, 0.004827, 0.000000, 4.217543


MeanRateConst/CorrCutOff, 0.012521, 0.900000


MedianRateConst/RMSSCutOff, 0.013524, 0.050000
StandDev/NumberPeptides, 0.003748, 4
TotalIonCurrent, 1.08364e+10
