Peptides, PeptideUnique, RateConstants, Correlations, RootMeanRSS, AbsoluteIsotopeError, Charge, m/z(Sequence), NEH, Abundance, NDP, Rsquared,sigma,CI lower band, CI upper band
GAYTLVTFSAK, Yes, 0.42695, 0.966282, 0.022346, 0.104938,  2,   579.31369,  15, 97921416.000000, 11.000000, 0.892462, 0.066304, 0.279213, 0.574681
FSETAQQAMR, Yes, 0.17871, 0.974315, 0.064705, 0.073135,  2,   584.77440,  27, 93779232.000000, 11.000000, 0.284998, 0.063770, 0.036623, 0.320799
APLDTINVHLR, Yes, 0.02740, 0.790069, 0.063671, 0.328583,  3,   416.90681,  19, 7042441.500000, 11.000000, 0.460006, 0.009934, 0.005263, 0.049530
NHNDLNSVPQEPYR, Yes, 0.18450, 0.973898, 0.034103, 0.096220,  2,   841.89769,  31, 14055473.000000, 11.000000, 0.856786, 0.029630, 0.118478, 0.250519
STGGILDVYVFLGPEPK, Yes, 0.12107, 0.969023, 0.027486, 0.185791,  2,   896.48001,  24, 20951184.000000, 11.000000, 0.818597, 0.019502, 0.077613, 0.164520
QLLWGPALLITPVLEPGK, Yes, 0.18302, 0.983559, 0.015866, 0.142827,  3,   649.05554,  29, 4397706.000000, 10.000000, 0.957090, 0.018418, 0.141359, 0.224689
QLLWGPALLITPVLEPGK, Yes, 0.18786, 0.988308, 0.012858, 0.049038,  2,   973.07968,  29, 26007860.000000, 11.000000, 0.968494, 0.015746, 0.152773, 0.222941
EGYIIPLQGPSLTTTESR, Yes, 0.01919, 0.899062, 0.056945, 0.201409,  2,   981.51256,  34, 180068480.000000, 11.000000, 0.416450, 0.007921, 0.001538, 0.036838
DFTFNQDSFADFPDMVR, Yes, 0.16094, 0.984088, 0.013599, 0.071733,  2,  1026.44384,  29, 17819330.000000, 11.000000, 0.964418, 0.013772, 0.130251, 0.191623
GQWLTLEAPLDTINVHLR, Yes, 0.22002, 0.950569, 0.027786, 0.079308,  3,   692.71273,  31, 35268448.000000, 10.000000, 0.839897, 0.039738, 0.130130, 0.309918
APSPLYSVEFSEEPFGVIVR, Yes, 0.59442, 0.914501, 0.042568, 0.110073,  2,  1112.07024,  41, 13175855.000000, 10.000000, -0.301403, 0.274441, 0.000000, 2.092412
THFPLDVQWNDLDYMDAR, Yes, 0.11158, 0.980801, 0.016405, 0.106590,  3,   746.00911,  30, 20031020.000000, 10.000000, 0.952007, 0.011909, 0.084644, 0.138524


MeanRateConst/CorrCutOff, 0.176234, 0.900000


MedianRateConst/RMSSCutOff, 0.183024, 0.050000
StandDev/NumberPeptides, 0.019960, 6
TotalIonCurrent, 1.76589e+10
