Peptides, PeptideUnique, RateConstants, Correlations, RootMeanRSS, AbsoluteIsotopeError, Charge, m/z(Sequence), NEH, Abundance, NDP, Rsquared,sigma,CI lower band, CI upper band
QIDLSTVDLK, Yes, 0.30969, 0.963735, 0.021418, 0.133668,  2,   566.31643,  13, 106844680.000000, 12.000000, 0.898841, 0.044559, 0.211613, 0.407760
ILDDWGEMcK, Yes, 0.24222, 0.976858, 0.022062, 0.151649,  2,   633.77829,  14, 54206316.000000, 12.000000, 0.940159, 0.032190, 0.171375, 0.313075
LcYYIGATDDAATK, Yes, 0.19635, 0.990964, 0.020684, 0.158811,  2,   781.36377,  22, 55968112.000000, 12.000000, 0.952058, 0.021723, 0.148539, 0.244161
DVTFSPATIEEELIK, Yes, 0.68447, 0.800836, 0.152734, 0.135071,  2,   846.44053,  27, 24252806.000000, 12.000000, -5.709733, 0.768951, 0.000000, 3.517863
LRPGDcEVcISYLGR, Yes, 0.21591, 0.996541, 0.014071, 0.029046,  3,   598.95903,  28, 78180600.000000, 12.000000, 0.985099, 0.011091, 0.191501, 0.240324
IINEVSKPLAHHIPVEK, Yes, 0.22609, 0.984026, 0.020883, 0.120227,  3,   642.03866,  33, 20835578.000000, 12.000000, 0.925786, 0.028316, 0.163771, 0.288417
IINEVSKPLAHHIPVEK, Yes, 0.31880, 0.973713, 0.028244, 0.101474,  4,   481.78081,  33, 26479546.000000, 12.000000, 0.837323, 0.057686, 0.191837, 0.445769


MeanRateConst/CorrCutOff, 0.251512, 0.900000


MedianRateConst/RMSSCutOff, 0.242225, 0.050000
StandDev/NumberPeptides, 0.024757, 6
TotalIonCurrent, 1.51437e+10
