Peptides, PeptideUnique, RateConstants, Correlations, RootMeanRSS, AbsoluteIsotopeError, Charge, m/z(Sequence), NEH, Abundance, NDP, Rsquared,sigma,CI lower band, CI upper band
VLEPTWK, Yes, 0.39765, 0.981212, 0.023515, 0.038180,  2,   436.74745,  8, 715819392.000000, 12.000000, 0.889721, 0.067967, 0.248053, 0.547243
KVLQEVQR, Yes, 0.33979, 0.995466, 0.010952, 0.049813,  2,   500.30091,  17, 31394614.000000, 12.000000, 0.984884, 0.021485, 0.292507, 0.387082
HIGDGcHLTR, Yes, 0.37070, 0.992386, 0.024673, 0.028932,  3,   389.18922,  18, 233301104.000000, 12.000000, 0.940625, 0.041935, 0.278399, 0.462994
HIGDGcHLTR, Yes, 0.34263, 0.988641, 0.048026, 0.066558,  2,   583.28019,  18, 27697784.000000, 12.000000, 0.740070, 0.078378, 0.170119, 0.515137
WLPVGPHIMGK, Yes, 0.25209, 0.983230, 0.039037, 0.045424,  3,   412.23035,  16, 176159696.000000, 12.000000, 0.595580, 0.064362, 0.110432, 0.393753
VTcVDPNPNFEK, Yes, 0.32380, 0.990317, 0.016219, 0.032869,  2,   710.33229,  18, 250799296.000000, 12.000000, 0.960063, 0.029243, 0.259432, 0.388160
AQFSEVQLEWQPPPFR, Yes, 15.96911, 0.163184, 0.213963, 0.017909,  2,   979.99160,  39, 312583488.000000, 12.000000, -5.044511, 7961294.500000, 12.103717, 19.834499
PGGLLFFWEHVAEPQGSR, Yes, 0.46828, 0.994017, 0.025473, 0.056728,  3,   676.34264,  38, 50541052.000000, 12.000000, 0.851741, 0.086771, 0.277299, 0.659261
VLRPGGLLFFWEHVAEPQGSR, Yes, 0.42608, 0.995079, 0.014186, 0.058908,  4,   599.57220,  43, 65646496.000000, 12.000000, 0.935426, 0.052433, 0.310672, 0.541481
QLADSSMDVVVcTLVLcSVQSPR, Yes, 0.22865, 0.978507, 0.036099, 0.088166,  3,   855.42210,  41, 26897622.000000, 12.000000, 0.701833, 0.051892, 0.114432, 0.342859
TYFPYFMAmLTAR, Yes, 0.39053, 0.848133, 0.095277, 0.395961,  2,   814.38600,  18, 8000313.500000, 12.000000, -0.536315, 0.350874, 0.000000, 3.159460


MeanRateConst/CorrCutOff, 0.365127, 0.900000


MedianRateConst/RMSSCutOff, 0.342628, 0.050000
StandDev/NumberPeptides, 0.044895, 8
TotalIonCurrent, 6.5759e+10
