Peptides, PeptideUnique, RateConstants, Correlations, RootMeanRSS, AbsoluteIsotopeError, Charge, m/z(Sequence), NEH, Abundance, NDP, Rsquared,sigma,CI lower band, CI upper band
HLLEQTNPR, Yes, 0.14998, 0.994268, 0.021527, 0.067220,  2,   554.29889,  20, 15318032.000000, 10.000000, 0.945335, 0.014362, 0.117493, 0.182470
IGTYQLAIVAK, Yes, 0.11070, 0.991221, 0.018983, 0.085653,  2,   588.85297,  18, 79406608.000000, 10.000000, 0.957499, 0.009805, 0.088519, 0.132882
AGAGGPGLAALVAFVR, Yes, 0.43593, 0.872712, 0.107317, 0.198925,  2,   713.91189,  36, 11122492.000000, 10.000000, -0.327939, 0.246669, 0.000000, 2.397135
HHGVPFYVAAPSSScDLHLETGK, Yes, 0.37878, 0.988999, 0.024172, 0.116891,  4,   628.05368,  45, 12653049.000000, 10.000000, 0.840955, 0.071659, 0.216682, 0.540888
VTVLTHcNTGALATAGYGTALGVIR, Yes, 0.14338, 0.966675, 0.034480, 0.092368,  3,   839.44785,  39, 19686348.000000, 10.000000, 0.600841, 0.034998, 0.064208, 0.222551
VWNPAFDVTPHELITGGIITELGVFAPEELR, Yes, 0.03779, 0.930630, 0.056680, 0.296668,  3,  1140.93279,  55, 11357358.000000, 10.000000, 0.268483, 0.026308, 0.000000, 4.158111


MeanRateConst/CorrCutOff, 0.195712, 0.900000


MedianRateConst/RMSSCutOff, 0.149981, 0.050000
StandDev/NumberPeptides, 0.018679, 4
TotalIonCurrent, 4.76872e+09
