Peptides, PeptideUnique, RateConstants, Correlations, RootMeanRSS, AbsoluteIsotopeError, Charge, m/z(Sequence), NEH, Abundance, NDP, Rsquared,sigma,CI lower band, CI upper band
LDDLINWAR, Yes, 0.13859, 0.987433, 0.027514, 0.089202,  2,   558.29582,  15, 144818352.000000, 12.000000, 0.877263, 0.020032, 0.094502, 0.182682
VYDQMPEPR, Yes, 0.24004, 0.943430, 0.036478, 0.128221,  2,   567.76604,  20, 132313784.000000, 12.000000, 0.744624, 0.049810, 0.130410, 0.349674
KVYDQMPEPR, Yes, 0.00169, 0.880745, 0.051227, 0.134502,  2,   631.81352,  21, 183078864.000000, 12.000000, -0.374022, 0.003838, 0.000000, 4.490617
QADVMIVAGTLTNK, Yes, 0.16785, 0.982090, 0.046067, 0.101306,  2,   730.89251,  22, 132797208.000000, 12.000000, 0.668786, 0.039196, 0.081580, 0.254119
PSPSPSPSLSSTQSAVSK, Yes, 0.38155, 0.995009, 0.030440, 0.225103,  2,   872.44160,  41, 29299686.000000, 12.000000, 0.862911, 0.058869, 0.251982, 0.511123


MeanRateConst/CorrCutOff, 0.232009, 0.900000


MedianRateConst/RMSSCutOff, 0.240042, 0.050000
StandDev/NumberPeptides, 0.035557, 4
TotalIonCurrent, 1.63227e+10
