Peptides, PeptideUnique, RateConstants, Correlations, RootMeanRSS, AbsoluteIsotopeError, Charge, m/z(Sequence), NEH, Abundance, NDP, Rsquared,sigma,CI lower band, CI upper band
VGLAIcYDMR, Yes, 0.15273, 0.991828, 0.013339, 0.066057,  2,   599.29137,  16, 81438248.000000, 12.000000, 0.983446, 0.008389, 0.134270, 0.171198
cSEGPGLcLAR, Yes, 0.66651, 0.918740, 0.053787, 0.344428,  2,   610.28154,  25, 74744296.000000, 12.000000, -0.105280, 0.224623, 0.172122, 1.160905
IDLHFLQQMR, Yes, 0.15873, 0.991255, 0.012125, 0.033879,  3,   434.23253,  19, 117639688.000000, 12.000000, 0.976227, 0.010179, 0.136324, 0.181134
IYNcHVLLNSK, Yes, 0.00562, 0.915584, 0.028796, 0.056729,  3,   454.23957,  14, 256390800.000000, 12.000000, 0.351642, 0.003790, 0.000000, 3.722267
EcGIWLSLGGFHER, Yes, 0.14513, 0.996682, 0.008230, 0.036439,  3,   554.26820,  27, 85814328.000000, 12.000000, 0.992952, 0.005150, 0.133793, 0.156462
AIESQcYVIAAAQcGR, Yes, 0.20117, 0.982940, 0.024611, 0.081052,  2,   898.92453,  42, 27069074.000000, 12.000000, 0.906263, 0.022658, 0.151300, 0.251041
LGAcLAFLPEAFDFIAR, Yes, 0.17321, 0.995734, 0.008543, 0.049892,  3,   637.66595,  35, 11054638.000000, 12.000000, 0.984300, 0.008765, 0.153919, 0.192504
ASYGHSMVVDPWGTVVAR, Yes, 0.21405, 0.992764, 0.025141, 0.049594,  3,   644.65261,  32, 61372528.000000, 12.000000, 0.843088, 0.032279, 0.143002, 0.285093
NPAETLLLSEPLNGDLLGQYSQLAR, Yes, 0.73239, 0.429398, 0.118282, 0.049460,  3,   904.81160,  52, 31153480.000000, 12.000000, -3.757038, 0.937233, 0.000000, 7.278883
LAQAGAEILTYPSAFGSVTGPAHWEVLLR, Yes, 0.15948, 0.993650, 0.008057, 0.036729,  3,  1018.87309,  60, 36764116.000000, 12.000000, 0.970152, 0.011769, 0.133582, 0.185387
THLcDVEIPGQGPMR, Yes, 0.06025, 0.937917, 0.077117, 0.479959,  2,   855.40854,  30, 61335004.000000, 12.000000, 0.622709, 0.019507, 0.017312, 0.103179
NPAETLLLSEPLNGDLLGQYSQLAR, Yes, 0.09001, 0.958810, 0.036398, 0.369438,  2,  1356.71376,  52, 2202175.750000, 6.000000, 0.683997, 0.033430, 0.004075, 0.175943
GSVVASYR, Yes, 0.53063, 0.954655, 0.115114, 0.092351,  2,   419.72451,  16, 66522412.000000, 12.000000, -1.518367, 0.330651, 0.000000, 2.383003


MeanRateConst/CorrCutOff, 0.172072, 0.900000


MedianRateConst/RMSSCutOff, 0.159484, 0.050000
StandDev/NumberPeptides, 0.010207, 7
TotalIonCurrent, 3.11801e+10
