Peptides, PeptideUnique, RateConstants, Correlations, RootMeanRSS, AbsoluteIsotopeError, Charge, m/z(Sequence), NEH, Abundance, NDP, Rsquared,sigma,CI lower band, CI upper band
MIPLILLTTSPK, Yes, 0.01675, 0.944443, 0.073074, 0.241883,  2,   663.90689,  13, 12660634.000000, 10.000000, 0.288586, 0.014585, 0.000000, 4.022090
LTNHMINLQPSHTR, Yes, 0.10613, 0.892477, 0.042440, 0.294015,  2,   831.43065,  25, 2297226.250000, 9.000000, 0.532643, 0.024064, 0.050644, 0.161626
AHVEAPIAGSMILAAILLK, Yes, 0.09111, 0.990384, 0.017707, 0.160047,  3,   640.04464,  41, 8735183.000000, 10.000000, 0.959193, 0.007408, 0.074349, 0.107866
LTNHMINLQPSHTR, Yes, 0.04183, 0.960605, 0.037239, 0.135645,  3,   554.62286,  25, 37715208.000000, 10.000000, 0.662192, 0.011795, 0.015152, 0.068515


MeanRateConst/CorrCutOff, 0.066470, 0.900000


MedianRateConst/RMSSCutOff, 0.091107, 0.050000
StandDev/NumberPeptides, 0.009100, 2
TotalIonCurrent, 1.46704e+09
