Peptides, PeptideUnique, RateConstants, Correlations, RootMeanRSS, AbsoluteIsotopeError, Charge, m/z(Sequence), NEH, Abundance, NDP, Rsquared,sigma,CI lower band, CI upper band
HSLDASQGTATGPR, Yes, 0.13694, 0.935275, 0.086687, 0.039259,  3,   466.56378,  33, 9236437.000000, 12.000000, 0.217327, 0.039955, 0.048997, 0.224880
HSLDASQGTATGPR, Yes, 0.09089, 0.990735, 0.020730, 0.036430,  2,   699.34203,  33, 3389922.750000, 12.000000, 0.962031, 0.006376, 0.076852, 0.104919
VLMPSLSPTMEQGNIVK, Yes, 0.07188, 0.970812, 0.031987, 0.171231,  2,   922.48644,  28, 23780566.000000, 12.000000, 0.879868, 0.011330, 0.046943, 0.096819
PMTPPVSIPGQPNAAGTFTEIPASNIR, Yes, 1.18799, 0.853182, 0.115583, 0.164810,  3,   921.80932,  57, 7847109.500000, 9.000000, -12.339609, 1.871032, 0.000000, 4.218740
GLITPIIK, Yes, 22.12751, -0.430355, 0.306385, 1.080195,  2,   427.78911,  8, 56995668.000000, 12.000000, -23.924305, 6774253568.000000, 14.670812, 29.584206
VSVNDFIIR, Yes, 0.44469, 0.954965, 0.049082, 0.061469,  2,   531.80075,  13, 105321832.000000, 12.000000, 0.700443, 0.176455, 0.056317, 0.833068
STVPHAYATADcDLGAVLK, Yes, 0.09754, 0.961395, 0.099625, 0.118253,  3,   663.66305,  35, 33123014.000000, 12.000000, -2.389965, 0.037986, 0.013938, 0.181151


MeanRateConst/CorrCutOff, 0.202486, 0.900000


MedianRateConst/RMSSCutOff, 0.090885, 0.050000
StandDev/NumberPeptides, 0.011964, 3
TotalIonCurrent, 7.08544e+09
