Peptides, PeptideUnique, RateConstants, Correlations, RootMeanRSS, AbsoluteIsotopeError, Charge, m/z(Sequence), NEH, Abundance, NDP, Rsquared,sigma,CI lower band, CI upper band
IGIVGLPNVGK, Yes, 0.20873, 0.987262, 0.031709, 0.078283,  2,   533.83459,  14, 56295440.000000, 12.000000, 0.792363, 0.039524, 0.121736, 0.295721
PMVYLVNLSEK, Yes, 0.14849, 0.957765, 0.041325, 0.107254,  2,   646.84957,  15, 29239274.000000, 12.000000, 0.557438, 0.036885, 0.067303, 0.229669
IPAFLNVVDIAGLVK, Yes, 0.17790, 0.991725, 0.015454, 0.062614,  3,   523.65186,  22, 8937183.000000, 12.000000, 0.956064, 0.017038, 0.140396, 0.215395
IPAFLNVVDIAGLVK, Yes, 0.14862, 0.974683, 0.024766, 0.051929,  2,   784.97416,  22, 53798528.000000, 12.000000, 0.935602, 0.018444, 0.108022, 0.189211
NYIVEDGDIIFFK, Yes, 0.31485, 0.898275, 0.032631, 0.174918,  2,   786.90085,  16, 34963356.000000, 12.000000, 0.527790, 0.094031, 0.107893, 0.521814
AGFAALQLEYFFTAGPDEVR, Yes, 0.04596, 0.665304, 0.076667, 0.226741,  3,   734.70038,  43, 4465705.000000, 11.000000, 0.301800, 0.019420, 0.002688, 0.089228
AGFAALQLEYFFTAGPDEVR, Yes, 1.35489, -0.106977, 0.085693, 0.104925,  2,  1101.54693,  43, 2371417.250000, 8.000000, -3.900937, 3.575103, 0.000000, 6.133916
STFFNVLTNSQASAENFPFcTIDPNESR, Yes, 0.06783, 0.949521, 0.029239, 0.176270,  3,  1065.15589,  54, 6561185.000000, 9.000000, 0.734368, 0.017641, 0.027148, 0.108506
VPVPDER, Yes, 1.69904, 0.864687, 0.053156, 0.290919,  2,   406.21906,  15, 91483048.000000, 12.000000, -0.026433, 0.976980, 0.816599, 2.581476


MeanRateConst/CorrCutOff, 0.170932, 0.900000


MedianRateConst/RMSSCutOff, 0.148617, 0.050000
StandDev/NumberPeptides, 0.024195, 4
TotalIonCurrent, 8.20475e+09
