Peptides, PeptideUnique, RateConstants, Correlations, RootMeanRSS, AbsoluteIsotopeError, Charge, m/z(Sequence), NEH, Abundance, NDP, Rsquared,sigma,CI lower band, CI upper band
ALVILAK, Yes, 0.13644, 0.993908, 0.015759, 0.055558,  2,   364.25744,  11, 714198656.000000, 12.000000, 0.957073, 0.012240, 0.109497, 0.163376
ALAIVEALVGK, Yes, 0.13365, 0.990892, 0.021544, 0.074115,  2,   542.34224,  21, 32520250.000000, 12.000000, 0.969996, 0.010672, 0.110159, 0.157138
EFALAIVEALVGK, Yes, 0.13938, 0.964118, 0.039525, 0.093293,  2,   680.39774,  26, 2327419.000000, 12.000000, 0.849960, 0.023179, 0.088360, 0.190394
MMNGSHYSYSESR, Yes, 0.11696, 0.983013, 0.025052, 0.137114,  2,   774.81392,  27, 19933496.000000, 9.000000, 0.941817, 0.016889, 0.078011, 0.155904
MMNGSHYSYSESR, Yes, 0.15245, 0.992475, 0.019518, 0.083620,  3,   516.87837,  27, 98211208.000000, 12.000000, 0.950141, 0.014658, 0.120187, 0.184709
DVMIcPDTSLEDAK, Yes, 0.16088, 0.994856, 0.015656, 0.030335,  2,   797.36038,  24, 168852464.000000, 12.000000, 0.970358, 0.012856, 0.132589, 0.189178
GAEEMETVIPVDVMR, Yes, 0.16742, 0.993081, 0.011283, 0.025038,  2,   838.40512,  30, 166666096.000000, 12.000000, 0.985709, 0.008889, 0.147856, 0.186986
GPGTSFEFALAIVEALVGK, Yes, 0.16905, 0.999417, 0.004128, 0.038015,  3,   636.01553,  35, 83836176.000000, 12.000000, 0.995817, 0.004915, 0.158236, 0.179871
GPGTSFEFALAIVEALVGK, Yes, 0.16877, 0.997667, 0.007756, 0.048621,  2,   953.51966,  35, 47743924.000000, 12.000000, 0.989306, 0.007943, 0.151288, 0.186251
GLIAAIcAGPTALLAHEVGFGcK, Yes, 0.20894, 0.996051, 0.011279, 0.034312,  3,   776.07306,  46, 122692832.000000, 12.000000, 0.991433, 0.008673, 0.189846, 0.228025
TQGPYDVVVLPGGNLGAQNLSESPMVK, Yes, 0.17536, 0.997988, 0.008905, 0.040396,  3,   924.14086,  49, 103111208.000000, 12.000000, 0.970889, 0.013162, 0.146386, 0.204326
VTVAGLAGK, Yes, 0.16036, 0.993317, 0.018067, 0.056157,  2,   408.25290,  14, 497895776.000000, 12.000000, 0.956869, 0.014280, 0.128933, 0.191793
LGAQNLSESPMVK, Yes, 0.41950, 0.887328, 0.068093, 0.112538,  2,   687.35829,  27, 14484432.000000, 12.000000, 0.453510, 0.180884, 0.021378, 0.817622


MeanRateConst/CorrCutOff, 0.152792, 0.900000


MedianRateConst/RMSSCutOff, 0.160363, 0.050000
StandDev/NumberPeptides, 0.010873, 11
TotalIonCurrent, 6.79678e+10
