Peptides, PeptideUnique, RateConstants, Correlations, RootMeanRSS, AbsoluteIsotopeError, Charge, m/z(Sequence), NEH, Abundance, NDP, Rsquared,sigma,CI lower band, CI upper band
YSFLQFDPAPR, Yes, 0.55261, 0.996063, 0.024416, 0.063272,  2,   670.83532,  22, 82291280.000000, 8.000000, 0.906400, 0.095872, 0.325905, 0.779306
QITQVYGFYDEcLR, Yes, 0.50317, 0.941457, 0.130028, 0.088663,  2,   896.42216,  24, 38752428.000000, 8.000000, -14.670193, 0.526079, 0.000000, 3.741843
NVVTIFSAPNYcYR, Yes, 0.26485, 0.860327, 0.107329, 0.221416,  2,   852.41414,  21, 21360668.000000, 8.000000, -4.886342, 0.224627, 0.000000, 3.653166
AHQLVMEGYNWcHDR, Yes, 0.49877, 0.992448, 0.030151, 0.108622,  3,   639.28240,  31, 14411930.000000, 8.000000, 0.887891, 0.104482, 0.251710, 0.745834


MeanRateConst/CorrCutOff, 0.525689, 0.900000


MedianRateConst/RMSSCutOff, 0.552605, 0.050000
StandDev/NumberPeptides, 0.099992, 2
TotalIonCurrent, 3.47396e+09
