Peptides, PeptideUnique, RateConstants, Correlations, RootMeanRSS, AbsoluteIsotopeError, Charge, m/z(Sequence), NEH, Abundance, NDP, Rsquared,sigma,CI lower band, CI upper band
PHSHYDTEYR, Yes, 0.06927, 0.988760, 0.041905, 0.044431,  3,   435.52666,  21, 2825444.750000, 6.000000, 0.594834, 0.021838, 0.013137, 0.125412
NYVEDIPFLSPVYNPQEVFIR, Yes, 0.00035, 0.937282, 0.147104, 0.092947,  3,   847.10043,  37, 30846422.000000, 6.000000, -1.887600, 0.085742, 0.000000, 8.196243
NYVEDIPFLSPVYNPQEVFIR, Yes, 0.00050, 0.138056, 0.055875, 0.197200,  2,  1270.14701,  37, 11176757.000000, 6.000000, -2.474841, 0.044014, 0.000000, 6.379342


MeanRateConst/CorrCutOff, 0.023377, 0.900000


MedianRateConst/RMSSCutOff, 0.000505, 0.050000
StandDev/NumberPeptides, 0.037419, 1
TotalIonCurrent, 6.10336e+08
