Peptides, PeptideUnique, RateConstants, Correlations, RootMeanRSS, AbsoluteIsotopeError, Charge, m/z(Sequence), NEH, Abundance, NDP, Rsquared,sigma,CI lower band, CI upper band
VVFGLFGK, Yes, 0.17284, 0.988565, 0.011130, 0.032489,  2,   433.76037,  7, 424352896.000000, 12.000000, 0.949892, 0.018504, 0.132114, 0.213566
DVIIVDSGK, Yes, 0.00425, 0.842700, 0.077532, 0.337785,  2,   473.26621,  12, 709596224.000000, 12.000000, 0.102201, 0.006891, 0.000000, 4.254990
VLEGMDVVR, Yes, 0.16290, 0.979960, 0.025803, 0.086892,  2,   509.27351,  14, 420631808.000000, 12.000000, 0.941618, 0.019570, 0.119830, 0.205978
DFMIQGGDFTR, Yes, 0.21753, 0.994416, 0.012966, 0.083098,  2,   643.79535,  18, 301479392.000000, 12.000000, 0.978825, 0.015919, 0.182495, 0.252568
TVDNFVALATGEK, Yes, 0.31154, 0.989028, 0.049074, 0.033502,  2,   682.85645,  20, 306997568.000000, 12.000000, 0.462703, 0.088349, 0.117083, 0.505994
DTNGSQFFITTVK, Yes, 0.19979, 0.986985, 0.016663, 0.021649,  2,   729.36719,  15, 222987904.000000, 12.000000, 0.963787, 0.017541, 0.161179, 0.238396
HYGPGWVSMANAGK, Yes, 0.35693, 0.974150, 0.027404, 0.164224,  2,   737.84843,  26, 105316704.000000, 12.000000, 0.849616, 0.054339, 0.237335, 0.476534
VYFDLQIGDESVGR, Yes, 0.32463, 0.995667, 0.009419, 0.042650,  2,   799.39647,  25, 389609696.000000, 12.000000, 0.988073, 0.016648, 0.287985, 0.361269
DKPLKDVIIVDSGK, Yes, 0.03019, 0.919126, 0.055916, 0.149563,  2,   763.94305,  18, 5611624.500000, 5.000000, -0.025013, 0.024765, 0.000000, 0.825117


MeanRateConst/CorrCutOff, 0.249452, 0.900000


MedianRateConst/RMSSCutOff, 0.217532, 0.050000
StandDev/NumberPeptides, 0.022239, 7
TotalIonCurrent, 7.67937e+10
