Peptides, PeptideUnique, RateConstants, Correlations, RootMeanRSS, AbsoluteIsotopeError, Charge, m/z(Sequence), NEH, Abundance, NDP, Rsquared,sigma,CI lower band, CI upper band
HVVFGHVK, Yes, 0.33344, 0.972928, 0.068062, 0.069594,  2,   461.76652,  10, 63963696.000000, 11.000000, 0.629199, 0.156535, 0.000000, 1.676305
AGPNTNGSQFFIcTIK, Yes, 0.03386, 0.692353, 0.132435, 0.063411,  2,   877.93016,  26, 25064038.000000, 9.000000, 0.262301, 0.029337, 0.000000, 2.595609
VIPAFMcQAGDFTNHNGTGGR, Yes, 0.19184, 0.995956, 0.025122, 0.075375,  3,   750.67749,  40, 54977436.000000, 11.000000, 0.837855, 0.028106, 0.129217, 0.254463
GANSSSGNPLVYLDVGADGQPLGR, Yes, 0.11026, 0.970477, 0.030656, 0.206927,  2,  1172.58003,  49, 10419830.000000, 10.000000, 0.889319, 0.017864, 0.069851, 0.150671
HVGPGVLSMANAGPNTNGSQFFIcTIK, Yes, 0.00209, -0.175301, 0.150284, 0.606690,  3,   939.79855,  47, 32006954.000000, 5.000000, -9.568757, 0.038142, 0.000000, 9.142980


MeanRateConst/CorrCutOff, 0.151051, 0.900000


MedianRateConst/RMSSCutOff, 0.191840, 0.050000
StandDev/NumberPeptides, 0.021844, 2
TotalIonCurrent, 6.07707e+09
