Peptides, PeptideUnique, RateConstants, Correlations, RootMeanRSS, AbsoluteIsotopeError, Charge, m/z(Sequence), NEH, Abundance, NDP, Rsquared,sigma,CI lower band, CI upper band
VTHELQAMK, Yes, 0.25962, 0.954158, 0.033107, 0.115575,  3,   352.85506,  17, 40558004.000000, 12.000000, 0.886341, 0.044553, 0.161557, 0.357680
VTHELQAMK, Yes, 0.11812, 0.728305, 0.107145, 0.173332,  2,   528.77895,  17, 8249439.500000, 12.000000, 0.161318, 0.066961, 0.000000, 2.555783
VDILDPALLR, Yes, 0.26755, 0.988495, 0.015630, 0.068048,  2,   562.83732,  17, 91772264.000000, 12.000000, 0.971881, 0.022662, 0.217673, 0.317430
AVcVEAGMIALR, Yes, 14.72073, 0.744581, 0.104351, 0.138409,  2,   645.33885,  26, 20515276.000000, 12.000000, -1.406870, 905372.375000, 13.090014, 16.351444
MNVSPDVNYEELAR, Yes, 0.29035, 0.951866, 0.038030, 0.082555,  2,   818.88540,  29, 18613834.000000, 12.000000, 0.518634, 0.110255, 0.047681, 0.533018
QTYFLPVIGLVDAEK, Yes, 0.28093, 0.962758, 0.041813, 0.224367,  3,   564.97842,  23, 5881657.500000, 12.000000, 0.662719, 0.086785, 0.089921, 0.471947
QTYFLPVIGLVDAEK, Yes, 0.30641, 0.990097, 0.018949, 0.039402,  2,   846.96399,  23, 44477336.000000, 12.000000, 0.958588, 0.032702, 0.234436, 0.378388
DSYLILETLPTEYDSR, Yes, 0.31331, 0.992987, 0.010643, 0.054825,  2,   957.97018,  26, 24001758.000000, 12.000000, 0.981465, 0.022494, 0.263799, 0.362818
EKAPSIIFIDELDAIGTK, Yes, 0.50219, 0.899616, 0.051704, 0.317355,  3,   654.02608,  33, 7571543.500000, 12.000000, -0.542348, 0.205834, 0.049150, 0.955224


MeanRateConst/CorrCutOff, 0.286362, 0.900000


MedianRateConst/RMSSCutOff, 0.290350, 0.050000
StandDev/NumberPeptides, 0.036991, 6
TotalIonCurrent, 9.0697e+09
