Peptides, PeptideUnique, RateConstants, Correlations, RootMeanRSS, AbsoluteIsotopeError, Charge, m/z(Sequence), NEH, Abundance, NDP, Rsquared,sigma,CI lower band, CI upper band
VDPLVSLMMVEK, Yes, 0.52272, 0.988080, 0.011217, 0.057009,  2,   680.86437,  16, 32381902.000000, 11.000000, 0.967830, 0.047229, 0.417491, 0.627958
AVAHHTDcTFIR, Yes, 0.23811, 0.990079, 0.020471, 0.024027,  3,   476.56647,  22, 22377780.000000, 11.000000, 0.952933, 0.022357, 0.188293, 0.287924
EELQLLQEQGSYVGEVVR, Yes, 0.00505, 0.886292, 0.096618, 0.367861,  2,  1038.53402,  41, 30033566.000000, 11.000000, -0.322208, 0.013483, 0.000000, 5.535551
GVcTEAGMYALR, Yes, 0.31465, 0.970624, 0.030803, 0.119162,  2,   664.31029,  24, 33085036.000000, 11.000000, 0.920002, 0.045075, 0.214213, 0.415082


MeanRateConst/CorrCutOff, 0.358493, 0.900000


MedianRateConst/RMSSCutOff, 0.314647, 0.050000
StandDev/NumberPeptides, 0.034058, 3
TotalIonCurrent, 3.63406e+09
