Peptides, PeptideUnique, RateConstants, Correlations, RootMeanRSS, AbsoluteIsotopeError, Charge, m/z(Sequence), NEH, Abundance, NDP, Rsquared,sigma,CI lower band, CI upper band
LAQPLLR, Yes, 0.26986, 0.976394, 0.080142, 0.056207,  2,   405.76343,  15, 98755072.000000, 12.000000, -0.075874, 0.104982, 0.038793, 0.500922
QPVLSQTEAR, Yes, 0.24211, 0.996086, 0.023458, 0.081735,  2,   564.80401,  25, 117965064.000000, 12.000000, 0.954754, 0.024036, 0.189208, 0.295014
TQNPMVTGTSVLGVK, Yes, 0.13147, 0.970382, 0.050911, 0.048945,  2,   766.41108,  19, 178427856.000000, 12.000000, 0.036619, 0.036304, 0.051569, 0.211378
GVEIEGPLSAQTNWDIAH, Yes, 0.36385, 0.967154, 0.027486, 0.105833,  2,   968.97360,  39, 13426803.000000, 8.000000, 0.875194, 0.058792, 0.224834, 0.502875
FDGGVVIAADMLGSYGSLAR, Yes, 0.69310, 0.724551, 0.112237, 0.093612,  2,  1000.00131,  37, 78076112.000000, 12.000000, -1.394285, 0.885694, 0.000000, 3.841400
VNDSTMLGASGDYADFQYLK, Yes, 0.21657, 0.994764, 0.011452, 0.100816,  2,  1098.00170,  33, 34385128.000000, 12.000000, 0.978177, 0.016464, 0.180331, 0.252806
QVLGQMVIDEELLGDGHSYSPR, Yes, 0.23925, 0.964620, 0.025640, 0.058610,  3,   815.06892,  45, 56329232.000000, 12.000000, 0.723131, 0.048646, 0.132179, 0.346316


MeanRateConst/CorrCutOff, 0.265445, 0.900000


MedianRateConst/RMSSCutOff, 0.242111, 0.050000
StandDev/NumberPeptides, 0.028590, 4
TotalIonCurrent, 2.23482e+10
