Peptides, PeptideUnique, RateConstants, Correlations, RootMeanRSS, AbsoluteIsotopeError, Charge, m/z(Sequence), NEH, Abundance, NDP, Rsquared,sigma,CI lower band, CI upper band
GTTAVLTEK, Yes, 0.22672, 0.989559, 0.017671, 0.089896,  2,   460.25838,  12, 68968864.000000, 9.000000, 0.958672, 0.024314, 0.170655, 0.282791
ATEGMVVADK, Yes, 0.20823, 0.996129, 0.027168, 0.054713,  2,   510.75515,  18, 62875692.000000, 9.000000, 0.956299, 0.023745, 0.153478, 0.262989
FRPDMEEEEAK, Yes, 0.04686, 0.942425, 0.103643, 0.180631,  2,   690.80862,  29, 24595804.000000, 8.000000, 0.337180, 0.012880, 0.016404, 0.077318
LPYVTMGSGSLAAMAVFEDK, Yes, 0.21263, 0.979752, 0.024778, 0.120967,  2,  1044.01302,  35, 23697656.000000, 9.000000, 0.883121, 0.036140, 0.129294, 0.295970
LVSEAIAAGIFNDLGSGSNIDLcVISK, Yes, 0.23682, 0.893333, 0.026016, 0.035199,  3,   921.81262,  49, 18188708.000000, 9.000000, -0.797903, 0.154368, 0.000000, 3.176411
YQGYIGAALVLGGVDVTGPHLYSIYPHGSTDK, Yes, 0.00021, -0.038910, 0.251051, 0.421265,  4,   837.92794,  52, 192051808.000000, 9.000000, -4.805562, 0.061738, 0.000000, 13.535803
FRPDMEEEEAKK, Yes, 0.23396, 0.992392, 0.024925, 0.061426,  4,   377.93169,  30, 15771739.000000, 9.000000, 0.933408, 0.029442, 0.166066, 0.301851


MeanRateConst/CorrCutOff, 0.220387, 0.900000


MedianRateConst/RMSSCutOff, 0.226723, 0.050000
StandDev/NumberPeptides, 0.027609, 4
TotalIonCurrent, 8.51306e+09
