Peptides, PeptideUnique, RateConstants, Correlations, RootMeanRSS, AbsoluteIsotopeError, Charge, m/z(Sequence), NEH, Abundance, NDP, Rsquared,sigma,CI lower band, CI upper band
FDSLTDLVEHYK, Yes, 0.02573, 0.853873, 0.042229, 0.184590,  3,   489.57691,  16, 21373506.000000, 7.000000, 0.446009, 0.014529, 0.000000, 3.938807
IQNTGDYYDLYGGEK, Yes, 0.49258, 0.482711, 0.132456, 0.251579,  2,   868.39412,  23, 5132655.500000, 6.000000, -1.577747, 0.549836, 0.000000, 2.863036
WFHPNITGVEAENLLLTR, Yes, 16.26505, 0.922760, 0.044766, 0.065375,  3,   704.04085,  30, 10328798.000000, 7.000000, 0.720128, 2706409.000000, 14.639490, 17.890604


MeanRateConst/CorrCutOff, 5.594454, 0.900000


MedianRateConst/RMSSCutOff, 0.492583, 0.050000
StandDev/NumberPeptides, 0.042465, 1
TotalIonCurrent, 8.93258e+08
