Peptides, PeptideUnique, RateConstants, Correlations, RootMeanRSS, AbsoluteIsotopeError, Charge, m/z(Sequence), NEH, Abundance, NDP, Rsquared,sigma,CI lower band, CI upper band
YTQSNSVcYAK, Yes, 0.14774, 0.990002, 0.015465, 0.064922,  2,   660.79807,  18, 24170898.000000, 12.000000, 0.976778, 0.009183, 0.127532, 0.167954
APSQLALFSVSDK, Yes, 0.18876, 0.925143, 0.059919, 0.150487,  2,   681.86681,  26, 510381952.000000, 12.000000, 0.129287, 0.054191, 0.069490, 0.308036
SGVAYIVAPSGSTADK, Yes, 0.17605, 0.948519, 0.153989, 0.156523,  2,   761.89102,  31, 21006478.000000, 12.000000, -2.394577, 0.084465, 0.000000, 2.668111
SLASLGLSLVASGGTAK, Yes, 0.17034, 0.981794, 0.031593, 0.099852,  3,   511.29451,  32, 15540188.000000, 12.000000, 0.914259, 0.022804, 0.120150, 0.220533
DVSELTGFPEMLGGR, Yes, 0.20127, 0.993986, 0.013230, 0.050690,  2,   804.39033,  28, 24045402.000000, 12.000000, 0.973639, 0.014042, 0.170364, 0.232176
AFTHTAQYDEAISDYFR, Yes, 0.19731, 0.958467, 0.057898, 0.101645,  3,   678.97791,  35, 38451932.000000, 12.000000, 0.310026, 0.064753, 0.054796, 0.339834
VcMVYDLYPTLTPLAVAYAR, Yes, 1.52916, 0.476899, 0.102820, 0.282000,  3,   772.73041,  30, 11029179.000000, 12.000000, -11.798907, 2.669369, 0.000000, 4.165645


MeanRateConst/CorrCutOff, 0.173118, 0.900000


MedianRateConst/RMSSCutOff, 0.170341, 0.050000
StandDev/NumberPeptides, 0.013395, 3
TotalIonCurrent, 2.58433e+10
