Peptides, PeptideUnique, RateConstants, Correlations, RootMeanRSS, AbsoluteIsotopeError, Charge, m/z(Sequence), NEH, Abundance, NDP, Rsquared,sigma,CI lower band, CI upper band
TSLMNQYVNK, Yes, 2.42620, 0.641894, 0.066463, 0.250271,  2,   599.30025,  13, 41242652.000000, 11.000000, 0.042230, 3.896767, 0.579469, 4.272927
DPENFPFVVLGNK, Yes, 3.07315, 0.880681, 0.057256, 0.092069,  2,   738.38009,  19, 107164544.000000, 11.000000, 0.555358, 6.622614, 1.512962, 4.633346
EAINVEQAFQTIAR, Yes, 14.70851, 0.964009, 0.104269, 0.045089,  2,   795.41772,  36, 93023752.000000, 11.000000, -0.841701, 798504.000000, 13.317603, 16.099411
EAINVEQAFQTIAR, Yes, 0.74331, 0.967604, 0.049005, 0.030417,  3,   530.61424,  36, 11644245.000000, 11.000000, 0.638320, 0.219079, 0.255176, 1.231452
LVTMQIWDTAGQER, Yes, 0.66601, 0.986061, 0.027403, 0.057012,  2,   824.41160,  26, 53007796.000000, 11.000000, 0.853427, 0.138507, 0.357400, 0.974627
FQSLGVAFYR, Yes, 13.06881, 0.474410, 0.190832, 0.025592,  2,   594.31402,  18, 273852896.000000, 11.000000, -15.849980, 371067.812500, 9.731409, 16.406208


MeanRateConst/CorrCutOff, 0.704664, 0.900000


MedianRateConst/RMSSCutOff, 0.743314, 0.050000
StandDev/NumberPeptides, 0.169716, 2
TotalIonCurrent, 2.1356e+10
