Peptides, PeptideUnique, RateConstants, Correlations, RootMeanRSS, AbsoluteIsotopeError, Charge, m/z(Sequence), NEH, Abundance, NDP, Rsquared,sigma,CI lower band, CI upper band
NFLDSYIK, Yes, 0.27362, 0.993833, 0.009381, 0.052591,  2,   500.26092,  9, 905405504.000000, 12.000000, 0.967324, 0.025295, 0.217946, 0.329295
VVNISSSMGR, Yes, 0.24300, 0.993244, 0.057506, 0.070625,  2,   525.27404,  18, 702936640.000000, 12.000000, 0.518313, 0.067359, 0.094746, 0.391260
LWDQTSSEVK, Yes, 0.39233, 0.994362, 0.028783, 0.041508,  2,   596.79586,  16, 852613056.000000, 12.000000, 0.916795, 0.059949, 0.260380, 0.524274
VSLcGGGYcISK, Yes, 0.23851, 0.988019, 0.023771, 0.052093,  2,   650.80485,  17, 130236008.000000, 12.000000, 0.975521, 0.017668, 0.199625, 0.277398
TESIVAATQWVK, Yes, 0.33760, -2.000000, 0.014496, 0.545815,  2,   666.86153,  21, 444134144.000000, 1.000000, 0.000000, inf, 0.337601, 0.337601


MeanRateConst/CorrCutOff, 0.301486, 0.900000


MedianRateConst/RMSSCutOff, 0.273621, 0.050000
StandDev/NumberPeptides, 0.026592, 3
TotalIonCurrent, 4.9153e+10
