Peptides, PeptideUnique, RateConstants, Correlations, RootMeanRSS, AbsoluteIsotopeError, Charge, m/z(Sequence), NEH, Abundance, NDP, Rsquared,sigma,CI lower band, CI upper band
ILGPGLNK, Yes, 0.24954, 0.925601, 0.040936, 0.180837,  2,   406.25544,  11, 327159072.000000, 11.000000, -0.128009, 0.083154, 0.064265, 0.434824
FLETVELQISLK, Yes, 0.11798, 0.989147, 0.014285, 0.056928,  2,   710.40831,  18, 392495744.000000, 11.000000, 0.949168, 0.009821, 0.096101, 0.139865
AVDIPHMDIEALK, Yes, 0.09712, 0.991012, 0.013656, 0.078256,  3,   484.59027,  26, 132189672.000000, 11.000000, 0.973866, 0.006052, 0.083636, 0.110605
KYDAFLASESLIK, Yes, 0.04919, 0.968096, 0.027451, 0.097431,  2,   742.90338,  23, 125346608.000000, 11.000000, 0.858381, 0.006769, 0.034105, 0.064271
FPSLLTHNENMVAK, Yes, 0.34176, 0.975418, 0.042124, 0.055336,  3,   534.27657,  23, 267825408.000000, 11.000000, 0.733282, 0.077012, 0.170167, 0.513354


MeanRateConst/CorrCutOff, 0.128459, 0.900000


MedianRateConst/RMSSCutOff, 0.117983, 0.050000
StandDev/NumberPeptides, 0.009372, 4
TotalIonCurrent, 3.894e+10
