Peptides, PeptideUnique, RateConstants, Correlations, RootMeanRSS, AbsoluteIsotopeError, Charge, m/z(Sequence), NEH, Abundance, NDP, Rsquared,sigma,CI lower band, CI upper band
ALVDGPcTR, Yes, 0.13752, 0.971785, 0.029452, 0.059558,  2,   494.74766,  16, 360227840.000000, 12.000000, 0.903534, 0.015268, 0.103912, 0.171124
AAIAAAAAAAAAK, Yes, 0.07779, 0.998832, 0.009115, 0.027361,  2,   521.30616,  45, 512231328.000000, 12.000000, 0.995648, 0.001826, 0.073767, 0.081805
VAYISFGPHAGK, Yes, 0.10069, 0.956078, 0.056687, 0.104934,  2,   623.83258,  23, 40029348.000000, 12.000000, 0.516043, 0.022432, 0.051322, 0.150065
cMQLTDFILK, Yes, 0.24141, 0.703971, 0.037779, 0.501027,  2,   634.82251,  11, 308747136.000000, 12.000000, -0.863566, 0.109151, 0.001173, 0.481652
LVAIVDVIDQNR, Yes, 0.06395, 0.976753, 0.024002, 0.138664,  3,   452.26115,  21, 35097156.000000, 12.000000, 0.932053, 0.006228, 0.050244, 0.077659
LVAIVDVIDQNR, Yes, 0.18320, 0.978390, 0.025175, 0.034433,  2,   677.88808,  21, 403088224.000000, 12.000000, 0.902107, 0.022568, 0.133525, 0.232869


MeanRateConst/CorrCutOff, 0.115613, 0.900000


MedianRateConst/RMSSCutOff, 0.137518, 0.050000
StandDev/NumberPeptides, 0.004890, 4
TotalIonCurrent, 5.23559e+10
