Peptides, PeptideUnique, RateConstants, Correlations, RootMeanRSS, AbsoluteIsotopeError, Charge, m/z(Sequence), NEH, Abundance, NDP, Rsquared,sigma,CI lower band, CI upper band
VFQFLNAK, Yes, 0.10147, 0.992706, 0.014886, 0.049099,  2,   483.77400,  12, 276416672.000000, 12.000000, 0.949537, 0.008952, 0.081767, 0.121172
VELcSFSGYK, Yes, 1.88558, 0.758544, 0.055845, 0.466118,  2,   595.28153,  15, 184521712.000000, 12.000000, -0.213319, 1.517137, 0.734267, 3.036892
QINWTVLYR, Yes, 0.09622, 0.982542, 0.027964, 0.083975,  2,   596.82729,  12, 327000864.000000, 12.000000, 0.758786, 0.016913, 0.058991, 0.133441
AITGASLADIMAK, Yes, 0.11156, 0.995534, 0.017112, 0.030895,  2,   631.34465,  27, 300108256.000000, 12.000000, 0.808062, 0.018620, 0.070575, 0.152538


MeanRateConst/CorrCutOff, 0.103081, 0.900000


MedianRateConst/RMSSCutOff, 0.101470, 0.050000
StandDev/NumberPeptides, 0.013361, 3
TotalIonCurrent, 3.29429e+10
