Peptides, PeptideUnique, RateConstants, Correlations, RootMeanRSS, AbsoluteIsotopeError, Charge, m/z(Sequence), NEH, Abundance, NDP, Rsquared,sigma,CI lower band, CI upper band
YNGLIHR, Yes, 0.06741, 0.973259, 0.019018, 0.014545,  2,   436.74048,  12, 73728152.000000, 12.000000, 0.934119, 0.005938, 0.054336, 0.080474
KTVGVEPAADGK, Yes, 0.05379, 0.914167, 0.090078, 0.173036,  2,   586.31950,  22, 3044934.000000, 12.000000, -0.955181, 0.016688, 0.017063, 0.090524
QTYSTEPNNLK, Yes, 0.07955, 0.994541, 0.011870, 0.044974,  2,   647.81731,  18, 185690992.000000, 12.000000, 0.981772, 0.004029, 0.070684, 0.088420
TVGVEPAADGK, Yes, 0.05769, 0.957807, 0.055315, 0.165774,  2,   522.27202,  22, 41591700.000000, 12.000000, 0.772396, 0.010434, 0.034724, 0.080653


MeanRateConst/CorrCutOff, 0.073479, 0.900000


MedianRateConst/RMSSCutOff, 0.079552, 0.050000
StandDev/NumberPeptides, 0.004801, 2
TotalIonCurrent, 8.41728e+09
