Peptides, PeptideUnique, RateConstants, Correlations, RootMeanRSS, AbsoluteIsotopeError, Charge, m/z(Sequence), NEH, Abundance, NDP, Rsquared,sigma,CI lower band, CI upper band
VGLIAAR, Yes, 0.07417, 0.992447, 0.021855, 0.051244,  2,   350.22922,  15, 218999616.000000, 12.000000, 0.941662, 0.006099, 0.060743, 0.087593
AVVGVVAGGGR, Yes, 0.08603, 0.997292, 0.013474, 0.057688,  2,   471.28000,  21, 593466816.000000, 12.000000, 0.980524, 0.004282, 0.076608, 0.095455
ASGNYATVISHNPETK, Yes, 0.08031, 0.998609, 0.006532, 0.033066,  3,   563.61279,  31, 293778880.000000, 12.000000, 0.990513, 0.002717, 0.074329, 0.086290
ASGNYATVISHNPETK, Yes, 0.06883, 0.990706, 0.016774, 0.121475,  2,   844.91555,  31, 64409472.000000, 12.000000, 0.965197, 0.004736, 0.058408, 0.079256
TELFIAAEGIHTGQFVYcGK, Yes, 0.03757, 0.924446, 0.039019, 0.095663,  3,   747.70514,  35, 95584288.000000, 12.000000, 0.690724, 0.007383, 0.021322, 0.053823
AQLNIGNVLPVGTMPEGTIVccLEEKPGDR, Yes, 0.02308, 0.855352, 0.028374, 0.085510,  3,  1089.87719,  55, 27361952.000000, 12.000000, 0.531297, 0.007074, 0.007513, 0.038652


MeanRateConst/CorrCutOff, 0.077335, 0.900000


MedianRateConst/RMSSCutOff, 0.074168, 0.050000
StandDev/NumberPeptides, 0.004096, 4
TotalIonCurrent, 3.92675e+10
