Peptides, PeptideUnique, RateConstants, Correlations, RootMeanRSS, AbsoluteIsotopeError, Charge, m/z(Sequence), NEH, Abundance, NDP, Rsquared,sigma,CI lower band, CI upper band
ESTLHLVLR, Yes, 1.00773, 0.980066, 0.023357, 0.024539,  3,   356.54510,  15, 964666688.000000, 12.000000, 0.864357, 0.213828, 0.537103, 1.478366
ESTLHLVLR, Yes, 13.95409, 0.977118, 0.030163, 0.231682,  2,   534.31402,  15, 473317760.000000, 12.000000, 0.817526, 119749.046875, 13.001611, 14.906577
ccLTYcFNKPEDK, Yes, 0.04807, 0.972377, 0.026160, 0.094584,  3,   578.91432,  17, 76820344.000000, 12.000000, 0.448081, 0.013470, 0.018419, 0.077713
TITLEVEPSDTIENVK, Yes, 1.51786, 0.983110, 0.023719, 0.021692,  2,   894.46728,  25, 264564496.000000, 12.000000, 0.835118, 0.448848, 0.529950, 2.505764
EcPSDEcGAGVFMGSHFDR, Yes, 0.06932, 0.991112, 0.014458, 0.033949,  3,   719.95229,  41, 114306848.000000, 12.000000, 0.957496, 0.005048, 0.058215, 0.080434
ccLTYcFNKPEDK, Yes, 0.01308, 0.854480, 0.067520, 0.285718,  2,   867.86785,  17, 14638001.000000, 12.000000, 0.008776, 0.011279, 0.000000, 2.511097
EcPSDEcGAGVFMGSHFDR, Yes, 0.04322, 0.976405, 0.050611, 0.376084,  2,  1079.42479,  41, 3197717.750000, 8.000000, 0.645497, 0.012967, 0.012559, 0.073883


MeanRateConst/CorrCutOff, 0.660745, 0.900000


MedianRateConst/RMSSCutOff, 1.007734, 0.050000
StandDev/NumberPeptides, 0.014324, 4
TotalIonCurrent, 7.12587e+10
