Peptides, PeptideUnique, RateConstants, Correlations, RootMeanRSS, AbsoluteIsotopeError, Charge, m/z(Sequence), NEH, Abundance, NDP, Rsquared,sigma,CI lower band, CI upper band
ATFDAISK, Yes, 0.11433, 0.991158, 0.014734, 0.017182,  2,   426.72671,  14, 365029024.000000, 12.000000, 0.977049, 0.007163, 0.098564, 0.130097
GcTATLGNFAK, Yes, 0.08642, 0.994434, 0.015594, 0.064361,  2,   570.27932,  17, 378884768.000000, 12.000000, 0.983872, 0.003770, 0.078122, 0.094717
MAGIDDcYTSAR, Yes, 0.06567, 0.993681, 0.024107, 0.059190,  2,   680.28702,  24, 170746032.000000, 12.000000, 0.941231, 0.006147, 0.052136, 0.079195
SPYQEFTDHLVK, Yes, 0.08379, 0.992852, 0.013605, 0.028195,  3,   488.57702,  20, 380557824.000000, 12.000000, 0.978536, 0.004708, 0.073427, 0.094153
SLEEIYLFSLPIK, Yes, 0.16441, 0.987319, 0.012710, 0.018012,  2,   776.43705,  20, 331531040.000000, 12.000000, 0.970951, 0.011621, 0.138835, 0.189991
ESEIIDFFLGASLK, Yes, 0.10140, 0.996552, 0.007254, 0.033598,  2,   784.91395,  25, 95253672.000000, 12.000000, 0.992075, 0.003375, 0.093977, 0.108832
ESEIIDFFLGASLK, Yes, 0.08510, 0.990932, 0.016418, 0.027537,  3,   523.61173,  25, 33324754.000000, 12.000000, 0.971621, 0.005642, 0.072678, 0.097514
AFVAIGDYNGHVGLGVK, Yes, 0.42906, 0.408481, 0.185665, 0.053513,  2,   858.95704,  27, 19608150.000000, 12.000000, -6.174513, 0.535426, 0.000000, 4.106177
ESEIIDFFLGASLKDEVLK, Yes, 0.01129, 0.254697, 0.081552, 0.022908,  3,   718.38405,  32, 72248000.000000, 10.000000, -0.045471, 0.011181, 0.000000, 4.288974
GTGIVSAPVPK, Yes, 0.10131, 0.991974, 0.023735, 0.073179,  2,   513.30313,  18, 441143264.000000, 12.000000, 0.919520, 0.010041, 0.079215, 0.123415
TYSYLTPDLWK, Yes, 0.37233, 0.928965, 0.053055, 0.165884,  2,   693.85063,  10, 659010112.000000, 12.000000, 0.151070, 0.163289, 0.012930, 0.731725
SPYQEFTDHLVK, Yes, 0.08152, 0.988255, 0.019042, 0.097902,  2,   732.36190,  20, 102830944.000000, 12.000000, 0.951722, 0.007288, 0.065475, 0.097558
AFVAIGDYNGHVGLGVK, Yes, 0.13245, 0.962380, 0.028364, 0.037430,  3,   572.97378,  27, 155268528.000000, 12.000000, 0.866324, 0.017540, 0.093845, 0.171057
ESEIIDFFLGASLKDEVLK, Yes, 0.05869, 0.951534, 0.031520, 0.144117,  2,  1077.07244,  32, 2262518.750000, 8.000000, 0.804072, 0.013980, 0.025628, 0.091743


MeanRateConst/CorrCutOff, 0.086469, 0.900000


MedianRateConst/RMSSCutOff, 0.085096, 0.050000
StandDev/NumberPeptides, 0.005762, 9
TotalIonCurrent, 8.94124e+10
