Peptides, PeptideUnique, RateConstants, Correlations, RootMeanRSS, AbsoluteIsotopeError, Charge, m/z(Sequence), NEH, Abundance, NDP, Rsquared,sigma,CI lower band, CI upper band
DIPGLTDTTVPR, Yes, 0.09222, 0.995345, 0.012277, 0.037224,  2,   642.84335,  17, 322437888.000000, 12.000000, 0.969805, 0.006046, 0.078909, 0.105522
LNISFPATGcQK, Yes, 0.06684, 0.974834, 0.052614, 0.095491,  2,   668.33991,  21, 424028672.000000, 12.000000, 0.535463, 0.012429, 0.039479, 0.094191
MATEVAADALGEEWK, Yes, 0.10977, 0.995004, 0.011856, 0.090755,  2,   810.88232,  34, 144346864.000000, 12.000000, 0.987604, 0.004941, 0.098897, 0.120645
GcIVDANLSVLNLVIVK, Yes, 0.08007, 0.990428, 0.012635, 0.052248,  2,   914.02405,  22, 133058552.000000, 12.000000, 0.976748, 0.004485, 0.070194, 0.089937


MeanRateConst/CorrCutOff, 0.094017, 0.900000


MedianRateConst/RMSSCutOff, 0.092215, 0.050000
StandDev/NumberPeptides, 0.005078, 3
TotalIonCurrent, 3.41706e+10
