Peptides, PeptideUnique, RateConstants, Correlations, RootMeanRSS, AbsoluteIsotopeError, Charge, m/z(Sequence), NEH, Abundance, NDP, Rsquared,sigma,CI lower band, CI upper band
AIAYLFPSGLFEK, Yes, 0.01681, 0.899895, 0.066045, 0.161693,  2,   728.39774,  23, 41345288.000000, 7.000000, -0.016822, 0.024886, 0.000000, 4.990401
SATAQAVVYEHGSGK, Yes, 0.32765, 0.977816, 0.101095, 0.056202,  3,   502.25120,  34, 11124744.000000, 7.000000, -0.881361, 0.161653, 0.000000, 2.900836
EQLMFPFHFLDR, Yes, 0.04021, 0.945197, 0.041998, 0.187599,  3,   527.26238,  21, 12027801.000000, 7.000000, 0.520925, 0.024058, 0.000000, 3.770634
IHVNGVDYLIYFPITQDR, Yes, 0.50321, -0.189269, 0.075857, 0.818930,  3,   721.71262,  26, 22556458.000000, 7.000000, -3.796391, 0.868096, 0.000000, 5.889144


MeanRateConst/CorrCutOff, 0.040208, 0.900000


MedianRateConst/RMSSCutOff, 0.040208, 0.050000
StandDev/NumberPeptides, 0.024058, 1
TotalIonCurrent, 1.49993e+09
