Peptides, PeptideUnique, RateConstants, Correlations, RootMeanRSS, AbsoluteIsotopeError, Charge, m/z(Sequence), NEH, Abundance, NDP, Rsquared,sigma,CI lower band, CI upper band
DFGASLLLSGLK, Yes, 0.18586, 0.966998, 0.038248, 0.086003,  2,   610.84789,  18, 15947575.000000, 11.000000, 0.741629, 0.037201, 0.102971, 0.268748
AVYHGMPLMWTPGYLDR, Yes, 0.16610, 0.901677, 0.042253, 0.153311,  3,   669.65869,  26, 10009748.000000, 11.000000, 0.471956, 0.052359, 0.049435, 0.282761
EVLDVLDGVLK, Yes, 0.16561, 0.985446, 0.050690, 0.085684,  2,   600.34773,  13, 218554784.000000, 11.000000, 0.696650, 0.044852, 0.065671, 0.265543


MeanRateConst/CorrCutOff, 0.172521, 0.900000


MedianRateConst/RMSSCutOff, 0.166098, 0.050000
StandDev/NumberPeptides, 0.043939, 2
TotalIonCurrent, 4.09936e+09
