Peptides, PeptideUnique, RateConstants, Correlations, RootMeanRSS, AbsoluteIsotopeError, Charge, m/z(Sequence), NEH, Abundance, NDP, Rsquared,sigma,CI lower band, CI upper band
QTEMVELVPNGK, Yes, 2.34089, 0.960240, 0.023894, 0.106566,  2,   672.84502,  21, 32466586.000000, 12.000000, 0.890274, 0.867132, 0.432344, 4.249432
SELPLVIQTFLNLEK, Yes, 2.07628, 0.977046, 0.018902, 0.065595,  3,   582.00121,  23, 13934892.000000, 12.000000, 0.938403, 0.647586, 0.650958, 3.501611
SELPLVIQTFLNLEK, Yes, 1.65813, 0.988349, 0.012802, 0.065457,  2,   872.49818,  23, 19673542.000000, 12.000000, 0.971446, 0.250901, 1.105901, 2.210360
HLEGLLPVGVPTTDTQR, Yes, 17.56718, 0.967475, 0.043226, 0.211836,  3,   611.66702,  28, 52468672.000000, 12.000000, 0.692112, 6913022.500000, 16.480654, 18.653708
AIQQMLFQNQEFSWLR, Yes, 2.38327, 0.979520, 0.019440, 0.099493,  3,   680.34376,  35, 12368144.000000, 12.000000, 0.905299, 1.002190, 0.177462, 4.589071
AIQQMLFQNQEFSWLR, Yes, 1.81520, 0.983483, 0.020829, 0.138130,  2,  1020.01200,  35, 7014117.500000, 12.000000, 0.789670, 0.867212, 1.079722, 2.550673
EPHFTDFEGK, Yes, 3.18419, 0.947873, 0.039666, 0.088582,  2,   603.77493,  18, 14797068.000000, 12.000000, 0.566866, 4.468781, 2.297895, 4.070488


MeanRateConst/CorrCutOff, 2.054754, 0.900000


MedianRateConst/RMSSCutOff, 2.076284, 0.050000
StandDev/NumberPeptides, 0.565995, 5
TotalIonCurrent, 9.07679e+09
