Peptides, PeptideUnique, RateConstants, Correlations, RootMeanRSS, AbsoluteIsotopeError, Charge, m/z(Sequence), NEH, Abundance, NDP, Rsquared,sigma,CI lower band, CI upper band
FVWNGHLLR, Yes, 0.19278, 0.942725, 0.045253, 0.076217,  3,   381.21369,  12, 20418582.000000, 12.000000, 0.388129, 0.065721, 0.048131, 0.337432
ELSAQPEVHR, Yes, 0.28338, 0.966842, 0.037227, 0.057224,  2,   583.30163,  28, 2917191.250000, 12.000000, 0.840375, 0.055596, 0.161014, 0.405744
NAWADNANAcAK, Yes, 0.23054, 0.985832, 0.035086, 0.159689,  2,   653.28565,  29, 15409527.000000, 12.000000, 0.922888, 0.028720, 0.167326, 0.293753
TQLGLLMDGFNSLLR, Yes, 0.20327, 0.991458, 0.014525, 0.079657,  2,   839.45326,  22, 39388872.000000, 12.000000, 0.964270, 0.019136, 0.161155, 0.245389
TQLGLLMDGFNSLLR, Yes, 0.42199, 0.975268, 0.053279, 0.203163,  3,   559.97127,  22, 12917668.000000, 12.000000, 0.313974, 0.199973, 0.000000, 2.038702
QDSIDLFLGNYSVDELESHSPLSVPR, Yes, 0.31590, 0.951683, 0.044156, 0.075509,  3,   973.14532,  51, 5631347.500000, 8.000000, -0.483167, 0.147530, 0.000000, 2.696580
HFDSQVIIYGK, Yes, 0.21439, 0.966978, 0.029663, 0.084302,  2,   653.84315,  17, 33190778.000000, 12.000000, 0.866695, 0.037679, 0.131455, 0.297317


MeanRateConst/CorrCutOff, 0.224872, 0.900000


MedianRateConst/RMSSCutOff, 0.214386, 0.050000
StandDev/NumberPeptides, 0.034055, 5
TotalIonCurrent, 4.25676e+09
