Peptides, PeptideUnique, RateConstants, Correlations, RootMeanRSS, AbsoluteIsotopeError, Charge, m/z(Sequence), NEH, Abundance, NDP, Rsquared,sigma,CI lower band, CI upper band
AYAALTDEESR, Yes, 0.54799, 0.986373, 0.028839, 0.144595,  2,   613.28838,  29, 12693711.000000, 11.000000, 0.951894, 0.077745, 0.374761, 0.721217
LSQMAVQGLQQFK, Yes, 0.33966, 0.980814, 0.023822, 0.228656,  2,   739.39522,  28, 20561512.000000, 11.000000, 0.921006, 0.047515, 0.233794, 0.445536
QEWWWLYIADR, Yes, 0.84910, 0.858977, 0.064307, 0.061696,  2,   783.38041,  19, 15797212.000000, 11.000000, -1.263633, 0.578813, 0.000000, 4.308738
LIMVLAGASEFDPQYNK, Yes, 13.14354, 0.239494, 0.189981, 0.076868,  2,   948.48221,  32, 6838109.000000, 10.000000, -7.839868, 454165.218750, 9.334829, 16.952257
TIQDLVSLK, Yes, 0.34298, 0.972599, 0.017610, 0.060669,  2,   508.80295,  11, 45411520.000000, 11.000000, 0.841512, 0.072760, 0.180864, 0.505103


MeanRateConst/CorrCutOff, 0.410213, 0.900000


MedianRateConst/RMSSCutOff, 0.342984, 0.050000
StandDev/NumberPeptides, 0.062956, 3
TotalIonCurrent, 2.57603e+09
