Peptides, PeptideUnique, RateConstants, Correlations, RootMeanRSS, AbsoluteIsotopeError, Charge, m/z(Sequence), NEH, Abundance, NDP, Rsquared,sigma,CI lower band, CI upper band
YLHDESGLNR, Yes, 0.22173, 0.967031, 0.039510, 0.042863,  3,   401.86327,  20, 17651420.000000, 12.000000, 0.791101, 0.041288, 0.130853, 0.312603
LTVVDTPGYGDAINcR, Yes, 0.17066, 0.967390, 0.041214, 0.219488,  2,   875.92508,  24, 13583409.000000, 12.000000, 0.754070, 0.040619, 0.081259, 0.260061
ASIPFSVVGSNQLIEAK, Yes, 0.14292, 0.977350, 0.029266, 0.242531,  2,   880.48307,  34, 8113673.500000, 12.000000, 0.913224, 0.019408, 0.100197, 0.185633
STLINSLFLTDLYPER, Yes, 0.01390, 0.932293, 0.119146, 0.482567,  2,   941.50145,  23, 90716696.000000, 12.000000, 0.168050, 0.015285, 0.000000, 4.708767
STLINSLFLTDLYPER, Yes, 0.01749, 0.886113, 0.121521, 0.478544,  3,   628.00340,  23, 23521626.000000, 12.000000, 0.234923, 0.017178, 0.000000, 4.471949
QQPTQFINPETPGYVGFANLPNQVHR, Yes, 0.26057, 0.998002, 0.030420, 0.176944,  3,   984.82989,  54, 6980616.000000, 4.000000, 0.587052, 0.119615, 0.000000, 3.770866


MeanRateConst/CorrCutOff, 0.198969, 0.900000


MedianRateConst/RMSSCutOff, 0.221728, 0.050000
StandDev/NumberPeptides, 0.036791, 4
TotalIonCurrent, 5.03582e+09
