Peptides, PeptideUnique, RateConstants, Correlations, RootMeanRSS, AbsoluteIsotopeError, Charge, m/z(Sequence), NEH, Abundance, NDP, Rsquared,sigma,CI lower band, CI upper band
EYSSMDGSWQEGK, Yes, 0.44063, 0.932659, 0.040811, 0.122323,  2,   752.30646,  27, 3039555.750000, 6.000000, 0.533763, 0.343162, 0.000000, 2.861681
LKDFEPYLEILESYSTK, Yes, 0.26741, 0.983575, 0.022281, 0.079916,  3,   692.35761,  26, 14105889.000000, 8.000000, 0.755386, 0.082191, 0.073057, 0.461759
NIFIFGDPQLSVIALGSNDFDIYR, Yes, 0.01614, 0.894301, 0.094160, 0.308177,  3,   905.46567,  39, 11430446.000000, 8.000000, -0.564953, 0.028653, 0.000000, 6.107320


MeanRateConst/CorrCutOff, 0.241392, 0.900000


MedianRateConst/RMSSCutOff, 0.267408, 0.050000
StandDev/NumberPeptides, 0.060023, 2
TotalIonCurrent, 1.02118e+09
