Peptides, PeptideUnique, RateConstants, Correlations, RootMeanRSS, AbsoluteIsotopeError, Charge, m/z(Sequence), NEH, Abundance, NDP, Rsquared,sigma,CI lower band, CI upper band
NLFTQTLGLGSQK, Yes, 0.49665, 0.992244, 0.034099, 0.116800,  2,   703.88554,  19, 32417546.000000, 6.000000, 0.919100, 0.135608, 0.148055, 0.845237
DVAWLGDcDQGcLALADLLGWK, Yes, 0.49612, 0.985622, 0.013314, 0.061843,  3,   826.05937,  37, 1745175.625000, 6.000000, 0.952932, 0.083348, 0.281865, 0.710370
DVAWLGDcDQGcLALADLLGWK, Yes, 0.61152, 0.999084, 0.058969, 0.100241,  2,  1238.58542,  37, 1015956.250000, 4.000000, 0.683293, 0.314412, 0.000000, 2.012329


MeanRateConst/CorrCutOff, 0.534763, 0.900000


MedianRateConst/RMSSCutOff, 0.496646, 0.050000
StandDev/NumberPeptides, 0.133022, 2
TotalIonCurrent, 8.00957e+08
