Peptides, PeptideUnique, RateConstants, Correlations, RootMeanRSS, AbsoluteIsotopeError, Charge, m/z(Sequence), NEH, Abundance, NDP, Rsquared,sigma,CI lower band, CI upper band
SENSPLYIGILEMGK, Yes, 0.32015, 0.955722, 0.080217, 0.088911,  2,   825.92399,  27, 56434896.000000, 11.000000, -0.722955, 0.152954, 0.000000, 2.344554
GIGETPIMPLGISYIEDFAK, No, 0.29372, 0.994222, 0.012281, 0.055582,  2,  1076.05574,  34, 21311852.000000, 11.000000, 0.962584, 0.028972, 0.229169, 0.358277
YLEQQYGK, Yes, 0.36852, 0.989654, 0.031603, 0.090566,  2,   514.75599,  15, 68032696.000000, 11.000000, 0.903293, 0.060475, 0.233775, 0.503270
ELQDNVDVTK, Yes, 7.66166, -0.222884, 0.261410, 1.620203,  2,   580.79332,  16, 40507632.000000, 10.000000, -0.972915, 2109040.250000, 5.413293, 9.910030
KELQDNVDVTK, Yes, 0.20569, 0.894284, 0.060947, 0.190422,  2,   644.84079,  16, 3817870.250000, 11.000000, 0.752652, 0.063848, 0.063427, 0.347949


MeanRateConst/CorrCutOff, 0.331123, 0.900000


MedianRateConst/RMSSCutOff, 0.368523, 0.050000
StandDev/NumberPeptides, 0.039176, 2
TotalIonCurrent, 1.22195e+10
