Peptides, PeptideUnique, RateConstants, Correlations, RootMeanRSS, AbsoluteIsotopeError, Charge, m/z(Sequence), NEH, Abundance, NDP, Rsquared,sigma,CI lower band, CI upper band
KNSASLHVLK, Yes, 0.91286, 0.981759, 0.047943, 0.064915,  3,   366.22061,  16, 7423086.000000, 12.000000, 0.508813, 0.349597, 0.143398, 1.682315
SLGMGFHSLVVR, Yes, 2.42719, 0.518960, 0.137445, 0.902663,  2,   651.85299,  19, 62531360.000000, 12.000000, -6.892256, 5.724544, 0.032188, 4.822200
SLGMGFHSLVVR, Yes, 0.64681, 0.994568, 0.019694, 0.075742,  3,   434.90442,  19, 76679408.000000, 12.000000, 0.898531, 0.100736, 0.425090, 0.868525
QAPANLTGFLWSLR, Yes, 0.65267, 0.972072, 0.024946, 0.087894,  3,   525.28769,  26, 15160125.000000, 12.000000, 0.894057, 0.116614, 0.395998, 0.909332
QAPANLTGFLWSLR, Yes, 0.70880, 0.995530, 0.015165, 0.043804,  2,   787.42790,  26, 95871544.000000, 12.000000, 0.952747, 0.085230, 0.521208, 0.896387
TLGGILAPVYYGALIDR, Yes, 0.59634, 0.991566, 0.012205, 0.075208,  3,   598.00496,  27, 15192165.000000, 10.000000, 0.969108, 0.061379, 0.457486, 0.735185
TDEDKNPVTNPTTQEK, Yes, 0.69718, 0.993414, 0.009770, 0.079336,  3,   606.29016,  27, 26280008.000000, 12.000000, 0.982887, 0.052101, 0.582508, 0.811856
TDEDKNPVTNPTTQEK, Yes, 0.57222, 0.951509, 0.031674, 0.272705,  2,   908.93160,  27, 1835608.375000, 12.000000, 0.879118, 0.124075, 0.299137, 0.845313
GIGETPIVPLGVSYIDDFAK, Yes, 0.05100, 0.799804, 0.061168, 0.232760,  3,   697.70514,  31, 17135470.000000, 12.000000, 0.424249, 0.015469, 0.016950, 0.085042
NSASLHVLK, Yes, 0.68320, 0.993006, 0.034448, 0.038278,  2,   484.77981,  16, 67069008.000000, 12.000000, 0.782860, 0.158233, 0.334932, 1.031471


MeanRateConst/CorrCutOff, 0.651031, 0.900000


MedianRateConst/RMSSCutOff, 0.652665, 0.050000
StandDev/NumberPeptides, 0.087391, 7
TotalIonCurrent, 2.01416e+10
