Peptides, PeptideUnique, RateConstants, Correlations, RootMeanRSS, AbsoluteIsotopeError, Charge, m/z(Sequence), NEH, Abundance, NDP, Rsquared,sigma,CI lower band, CI upper band
FLVGFTNK, Yes, 0.07351, 0.979191, 0.015771, 0.058607,  2,   463.26073,  6, 280909856.000000, 12.000000, 0.923610, 0.008571, 0.054650, 0.092378
PFGLVINLNYK, Yes, 0.02880, 0.911388, 0.088121, 0.171717,  2,   639.36625,  12, 27687538.000000, 12.000000, 0.371933, 0.015591, 0.000000, 2.658700
GTEDFIVESLDASFR, Yes, 0.17956, 0.989473, 0.014812, 0.022893,  2,   843.40449,  29, 94311192.000000, 12.000000, 0.973230, 0.013236, 0.150430, 0.208694
GTEDFIVESLDASFR, Yes, 0.14300, 0.994408, 0.015488, 0.090751,  3,   562.60542,  29, 29974984.000000, 12.000000, 0.980135, 0.008989, 0.123210, 0.162780
QATFEYSFIPAEPMGGR, Yes, 0.14877, 0.992699, 0.019921, 0.060042,  2,   950.94854,  38, 40472748.000000, 12.000000, 0.936245, 0.015514, 0.114629, 0.182919
QATFEYSFIPAEPMGGRPF, Yes, 0.15150, 0.985407, 0.058620, 0.198835,  2,  1073.00913,  41, 6134577.500000, 6.000000, 0.146569, 0.088742, 0.000000, 3.713593
GLVINLNYK, Yes, 0.15906, 0.902866, 0.040701, 0.169280,  2,   517.30565,  9, 72209248.000000, 12.000000, 0.429119, 0.041409, 0.067920, 0.250201


MeanRateConst/CorrCutOff, 0.157598, 0.900000


MedianRateConst/RMSSCutOff, 0.148774, 0.050000
StandDev/NumberPeptides, 0.014524, 4
TotalIonCurrent, 1.6633e+10
