Peptides, PeptideUnique, RateConstants, Correlations, RootMeanRSS, AbsoluteIsotopeError, Charge, m/z(Sequence), NEH, Abundance, NDP, Rsquared,sigma,CI lower band, CI upper band
EAYFWLR, Yes, 0.19221, 0.985233, 0.028576, 0.058918,  2,   492.75052,  12, 53156016.000000, 9.000000, 0.917905, 0.029665, 0.123801, 0.260616
FGEMQLDFR, Yes, 0.41196, 0.951624, 0.030243, 0.214885,  2,   571.76859,  17, 36278864.000000, 9.000000, 0.856029, 0.074062, 0.241170, 0.582745
NILDDFR, Yes, 0.09091, 0.982167, 0.007724, 0.129908,  2,   446.72979,  11, 40979112.000000, 8.000000, 0.469431, 0.022216, 0.038375, 0.143440
EGDYFTQQGEFR, Yes, 0.18236, 0.994469, 0.025923, 0.044550,  2,   738.82314,  26, 59638824.000000, 9.000000, 0.889989, 0.022864, 0.129640, 0.235088


MeanRateConst/CorrCutOff, 0.219359, 0.900000


MedianRateConst/RMSSCutOff, 0.192209, 0.050000
StandDev/NumberPeptides, 0.029420, 4
TotalIonCurrent, 3.50177e+09
