Peptides, PeptideUnique, RateConstants, Correlations, RootMeanRSS, AbsoluteIsotopeError, Charge, m/z(Sequence), NEH, Abundance, NDP, Rsquared,sigma,CI lower band, CI upper band
QGDScESIIR, Yes, 0.60769, 0.967809, 0.070637, 0.127826,  2,   582.76932,  24, 12844131.000000, 12.000000, 0.532616, 0.204031, 0.158624, 1.056764
DVWDYVFFK, Yes, 0.03484, 0.959114, 0.125266, 0.051714,  2,   609.79514,  6, 25744042.000000, 12.000000, -0.416108, 0.043941, 0.000000, 3.422570
VVYVLPMLTIK, Yes, 0.05547, 0.915944, 0.028511, 0.112041,  2,   638.39088,  8, 21259490.000000, 12.000000, 0.638800, 0.018630, 0.014463, 0.096474
VIASELGSLPELK, Yes, 0.14743, 0.974740, 0.036620, 0.123762,  2,   678.39265,  25, 20534046.000000, 12.000000, 0.906859, 0.022605, 0.097675, 0.197183
QTGEGVGPQEYTLVK, Yes, 0.24336, 0.985192, 0.021146, 0.028696,  2,   803.40958,  27, 66029408.000000, 12.000000, 0.943388, 0.027641, 0.182519, 0.304194
QEFEFWYPVDLR, Yes, 0.52495, 0.691483, 0.099090, 0.140594,  2,   814.89082,  22, 18930524.000000, 12.000000, -0.951432, 0.435939, 0.000000, 2.888833
NYPVWQHITLTTLR, Yes, 0.11851, 0.946128, 0.051433, 0.078497,  3,   581.31765,  18, 23867326.000000, 12.000000, 0.572504, 0.034353, 0.042902, 0.194121
SFITTDVNPYYDSFVR, Yes, 19.95673, 0.799112, 0.048620, 0.311021,  2,   962.45981,  20, 14222643.000000, 12.000000, -0.826403, 144138064.000000, 18.484743, 21.428713
GTGVVTSVPSDSPDDLAALR, Yes, 0.15429, 0.976991, 0.035237, 0.288439,  2,   978.99729,  37, 5040181.000000, 5.000000, 0.840643, 0.040922, 0.040671, 0.267904
STGNFLTLSQAVDK, Yes, 0.18236, 0.942198, 0.065445, 0.071811,  2,   740.88574,  22, 49767664.000000, 12.000000, 0.151982, 0.055489, 0.060232, 0.304492


MeanRateConst/CorrCutOff, 0.150135, 0.900000


MedianRateConst/RMSSCutOff, 0.154287, 0.050000
StandDev/NumberPeptides, 0.025232, 4
TotalIonCurrent, 7.26919e+09
