Peptides, PeptideUnique, RateConstants, Correlations, RootMeanRSS, AbsoluteIsotopeError, Charge, m/z(Sequence), NEH, Abundance, NDP, Rsquared,sigma,CI lower band, CI upper band
LASGQPVGLR, Yes, 0.90929, 0.465983, 0.208509, 0.132358,  2,   499.29309,  22, 70699480.000000, 11.000000, -10.971646, 1.165214, 0.000000, 6.995368
HQLQLLAER, Yes, 0.28245, 0.927682, 0.097795, 0.118151,  2,   554.31708,  23, 24068822.000000, 11.000000, 0.017317, 0.130851, 0.000000, 2.383203
FNMGLLMGEAR, Yes, 0.07905, 0.955276, 0.034605, 0.112274,  2,   619.80464,  21, 512338336.000000, 11.000000, 0.872550, 0.012355, 0.051518, 0.106574
ATGVLLYDLVSR, Yes, 0.18142, 0.979725, 0.022187, 0.049620,  2,   653.87190,  17, 53113128.000000, 11.000000, 0.927887, 0.023473, 0.129119, 0.233723
HTGYVIELQNIVR, Yes, 0.27543, 0.691232, 0.127050, 0.082018,  3,   514.61933,  22, 27870100.000000, 11.000000, -1.501016, 0.229531, 0.000000, 3.400889
NEVDMQVLHLLGPK, Yes, 0.23661, 0.969504, 0.022433, 0.067367,  3,   531.62034,  23, 28396576.000000, 11.000000, 0.915385, 0.031633, 0.166123, 0.307088
EAATQAHQILGSTIDK, Yes, 0.18038, 0.972413, 0.032238, 0.149233,  3,   561.62844,  36, 9229297.000000, 11.000000, 0.908207, 0.025824, 0.122836, 0.237917
AMAVLEPLQVVITNFPAPK, Yes, 0.16941, 0.991612, 0.012990, 0.097525,  3,   680.05169,  35, 10036388.000000, 11.000000, 0.969576, 0.014348, 0.137435, 0.201376
AMAVLEPLQVVITNFPAPK, Yes, 0.21580, 0.979328, 0.019877, 0.140610,  2,  1019.57390,  35, 2550172.500000, 10.000000, 0.947158, 0.026738, 0.155309, 0.276282
LGYFSVDPDSHQGQIVFNR, Yes, 0.21293, 0.981516, 0.016230, 0.123725,  3,   727.02376,  35, 18263400.000000, 11.000000, 0.946576, 0.022613, 0.162549, 0.263321
VGVTVAQTTMEPHLLEAcVR, Yes, 0.20304, 0.912914, 0.065133, 0.188532,  3,   737.71353,  37, 10742897.000000, 11.000000, -0.136494, 0.090902, 0.000498, 0.405581


MeanRateConst/CorrCutOff, 0.199423, 0.900000


MedianRateConst/RMSSCutOff, 0.181421, 0.050000
StandDev/NumberPeptides, 0.022706, 6
TotalIonCurrent, 1.98824e+10
