Peptides, PeptideUnique, RateConstants, Correlations, RootMeanRSS, AbsoluteIsotopeError, Charge, m/z(Sequence), NEH, Abundance, NDP, Rsquared,sigma,CI lower band, CI upper band
IGVLQSLR, Yes, 18.21889, 0.706154, 0.182880, 0.058379,  2,   443.27945,  14, 806783296.000000, 12.000000, -7.105149, 53185708.000000, 15.524240, 20.913546
AGTGGSSGYHYLR, Yes, 3.01522, 0.954606, 0.036745, 0.047697,  3,   442.54595,  25, 14606488.000000, 12.000000, 0.792983, 2.506108, 2.328934, 3.701499
AGTGGSSGYHYLR, Yes, 0.91641, 0.955341, 0.031598, 0.186594,  2,   663.31528,  25, 2244669.500000, 10.000000, 0.696271, 0.284293, 0.273292, 1.559520
QLLTSLMDIDTLMTK, Yes, 1.05206, 0.798694, 0.092020, 0.155903,  2,   861.95444,  17, 8993449.000000, 12.000000, 0.380924, 1.089034, 0.000000, 3.128763
EYLSPASGFQSLQFR, Yes, 15.49849, 0.509584, 0.161612, 0.065480,  2,   865.43084,  34, 34384420.000000, 12.000000, -2.766606, 3444322.750000, 12.687323, 18.309662
VFVDLFNLSTYLVPR, Yes, 1.32059, 0.980528, 0.011001, 0.086532,  3,   594.99782,  17, 7266419.500000, 12.000000, 0.960691, 0.195050, 0.891289, 1.749894
VFVDLFNLSTYLVPR, Yes, 1.34507, 0.964065, 0.018636, 0.070523,  2,   891.99309,  17, 17650144.000000, 12.000000, 0.874081, 0.395922, 0.473655, 2.216491
TPGLEPNGFNFWGK, Yes, 0.52349, 0.983586, 0.051878, 0.246893,  2,   782.38317,  21, 35191208.000000, 12.000000, 0.697070, 0.184527, 0.117347, 0.929629
YNHVcMVHR, Yes, 11.94455, 0.667863, 0.147757, 0.090663,  3,   405.85518,  15, 69216648.000000, 12.000000, -13.540395, 100780.531250, 9.211681, 14.677425


MeanRateConst/CorrCutOff, 1.649322, 0.900000


MedianRateConst/RMSSCutOff, 1.345073, 0.050000
StandDev/NumberPeptides, 0.345747, 4
TotalIonCurrent, 2.59455e+10
