Peptides, PeptideUnique, RateConstants, Correlations, RootMeanRSS, AbsoluteIsotopeError, Charge, m/z(Sequence), NEH, Abundance, NDP, Rsquared,sigma,CI lower band, CI upper band
GSGVNAAGDGTIR, Yes, 0.03867, 0.927332, 0.060932, 0.058851,  2,   587.79419,  27, 62069328.000000, 12.000000, 0.708660, 0.007246, 0.022719, 0.054616
IYYGTEAQIGER, Yes, 0.28529, 0.962103, 0.068073, 0.180784,  2,   700.34623,  26, 43943316.000000, 12.000000, -0.005332, 0.094158, 0.078049, 0.492529
NPLPVTLTNVVFR, Yes, 0.06158, 0.980388, 0.015140, 0.073592,  2,   735.42738,  15, 44669008.000000, 12.000000, 0.945728, 0.005165, 0.050210, 0.072945
SEAGEFQLPFDPR, Yes, 0.03932, 0.811351, 0.091057, 0.125663,  2,   746.85698,  32, 112267656.000000, 12.000000, 0.447613, 0.013643, 0.009291, 0.069348
YDTPFIFAEVNSDK, Yes, 0.17727, 0.897096, 0.062600, 0.184092,  2,   823.39085,  22, 7687433.500000, 12.000000, -0.063219, 0.071040, 0.020911, 0.333627
VVSAMVNSLDDNGVLIGNWTGDYSR, Yes, 0.06602, 0.967890, 0.021231, 0.058725,  3,   894.76579,  39, 13495283.000000, 10.000000, 0.744797, 0.012270, 0.038260, 0.093775
AAAHGSKPNVYATR, Yes, 0.05345, 0.966554, 0.032767, 0.195693,  3,   481.58814,  33, 3720162.750000, 12.000000, 0.890061, 0.005860, 0.040553, 0.066346
EVTLAPGASDSVTMPVAYK, Yes, 0.04084, 0.750355, 0.066918, 0.429990,  2,   968.49024,  35, 1371187.125000, 8.000000, 0.149639, 0.021333, 0.000000, 2.509752


MeanRateConst/CorrCutOff, 0.060348, 0.900000


MedianRateConst/RMSSCutOff, 0.061578, 0.050000
StandDev/NumberPeptides, 0.006730, 3
TotalIonCurrent, 8.05822e+09
