Peptides, PeptideUnique, RateConstants, Correlations, RootMeanRSS, AbsoluteIsotopeError, Charge, m/z(Sequence), NEH, Abundance, NDP, Rsquared,sigma,CI lower band, CI upper band
AVFADVAFVQR, Yes, 0.12094, 0.995946, 0.053763, 0.033097,  2,   611.83259,  23, 707158464.000000, 11.000000, 0.482711, 0.026705, 0.061440, 0.180446
RGDDWTQMLR, Yes, 0.10563, 0.928639, 0.039032, 0.146930,  3,   426.54003,  18, 8238610.000000, 11.000000, 0.795961, 0.023111, 0.054139, 0.157127
ELcALFIGLELIPR, Yes, 0.10379, 0.985837, 0.039237, 0.172322,  2,   822.46309,  26, 2264471.750000, 11.000000, 0.866487, 0.019549, 0.060233, 0.147349
cWEENQYLLcPH, Yes, 0.03796, 0.969381, 0.057963, 0.243039,  2,   824.84777,  24, 6158689.500000, 11.000000, 0.576394, 0.011948, 0.011338, 0.064580
TTLASAMDIQVPYNMER, Yes, 0.07523, 0.925316, 0.090650, 0.353601,  2,   970.46623,  33, 18262706.000000, 11.000000, 0.083803, 0.032287, 0.003285, 0.147166
NGLNILELWHGVTYAFK, Yes, 0.01153, 0.660632, 0.085728, 0.320852,  3,   659.01938,  23, 1228406.500000, 5.000000, -0.134823, 0.039149, 0.000000, 6.340212
SATAVNYHYQQTDSGQSSIR, Yes, 0.14501, 0.982027, 0.020755, 0.083560,  3,   738.34544,  45, 24045222.000000, 11.000000, 0.934251, 0.015863, 0.109665, 0.180354
SATAVNYHYQQTDSGQSSIR, Yes, 1.01145, 0.428904, 0.121481, 0.468698,  2,  1107.01452,  45, 1337785.125000, 7.000000, -9.245205, 1.204146, 0.000000, 2.593751
VTIEGLSQR, Yes, 0.21218, 0.931599, 0.056079, 0.099789,  2,   501.78255,  18, 65771688.000000, 11.000000, 0.402022, 0.058841, 0.081077, 0.343291
ccLASASAVK, Yes, 0.27489, 0.957807, 0.127695, 0.073852,  2,   533.75462,  22, 98929080.000000, 11.000000, -1.679917, 0.127964, 0.000000, 2.347249
HDLNDLIDR, Yes, 0.12539, 0.973630, 0.022200, 0.033120,  2,   555.78054,  16, 44548948.000000, 11.000000, 0.937686, 0.011861, 0.098960, 0.151818


MeanRateConst/CorrCutOff, 0.119956, 0.900000


MedianRateConst/RMSSCutOff, 0.125389, 0.050000
StandDev/NumberPeptides, 0.016545, 4
TotalIonCurrent, 2.61918e+10
