Peptides, PeptideUnique, RateConstants, Correlations, RootMeanRSS, AbsoluteIsotopeError, Charge, m/z(Sequence), NEH, Abundance, NDP, Rsquared,sigma,CI lower band, CI upper band
FALAQAQK, Yes, 0.14482, 0.943685, 0.055829, 0.075575,  2,   438.75052,  21, 50638200.000000, 10.000000, 0.742985, 0.038988, 0.056625, 0.233019
NVDLSTFYQNR, Yes, 2.97245, 0.974102, 0.028571, 0.299273,  2,   678.83076,  17, 74957208.000000, 10.000000, 0.564286, 3.456454, 1.959953, 3.984946
ILLDLVEEAVADFDAcIR, Yes, 0.25157, 0.996714, 0.010418, 0.106339,  3,   688.02235,  35, 4647336.500000, 10.000000, 0.987665, 0.016382, 0.214511, 0.288627
YEQAIQcYTEAISLcPTEK, Yes, 0.15035, 0.901670, 0.041199, 0.247332,  2,  1152.52975,  40, 3914562.500000, 7.000000, 0.692367, 0.062434, 0.000000, 3.152494


MeanRateConst/CorrCutOff, 1.124790, 0.900000


MedianRateConst/RMSSCutOff, 0.251569, 0.050000
StandDev/NumberPeptides, 0.038785, 3
TotalIonCurrent, 4.39604e+09
