Peptides, PeptideUnique, RateConstants, Correlations, RootMeanRSS, AbsoluteIsotopeError, Charge, m/z(Sequence), NEH, Abundance, NDP, Rsquared,sigma,CI lower band, CI upper band
AGYHGVLR, Yes, 0.35154, 0.963907, 0.086241, 0.093555,  2,   436.74049,  16, 28926154.000000, 12.000000, -0.113864, 0.154934, 0.010537, 0.692550
VFTAYDVFR, Yes, 0.44399, 0.915395, 0.063244, 0.060808,  2,   559.28748,  11, 102694168.000000, 12.000000, -0.972375, 0.269000, 0.000000, 2.370302
DFDLDLAWR, Yes, 0.30658, 0.988530, 0.035029, 0.035989,  2,   575.78001,  14, 76978944.000000, 12.000000, 0.884123, 0.060835, 0.172683, 0.440479
SSMLQHFPDILPR, Yes, 0.29832, 0.966219, 0.025509, 0.031209,  3,   514.26953,  26, 87331240.000000, 12.000000, 0.927959, 0.042519, 0.204737, 0.391904
GIHLINEPVIFHAVFSM, Yes, 0.08550, 0.809668, 0.074100, 0.280705,  3,   642.00983,  29, 17664586.000000, 12.000000, 0.443044, 0.031829, 0.015449, 0.155558
QLNELPDHSPLLQPGLAELR, Yes, 0.38309, 0.986641, 0.028897, 0.073270,  3,   747.40596,  45, 32690974.000000, 12.000000, 0.390824, 0.166664, 0.016261, 0.749912


MeanRateConst/CorrCutOff, 0.329329, 0.900000


MedianRateConst/RMSSCutOff, 0.306581, 0.050000
StandDev/NumberPeptides, 0.065279, 3
TotalIonCurrent, 1.37681e+10
