Peptides, PeptideUnique, RateConstants, Correlations, RootMeanRSS, AbsoluteIsotopeError, Charge, m/z(Sequence), NEH, Abundance, NDP, Rsquared,sigma,CI lower band, CI upper band
NDGVLLLQALTR, Yes, 0.48379, 0.937345, 0.048996, 0.234694,  2,   656.88279,  20, 42348740.000000, 12.000000, 0.588477, 0.127715, 0.202696, 0.764892
LQTENcELLQR, Yes, 0.81705, 0.956169, 0.035634, 0.088223,  2,   702.35100,  24, 19983420.000000, 12.000000, 0.836007, 0.179526, 0.421913, 1.212179
SQLcSQSLEITR, Yes, 0.05847, 0.918330, 0.092110, 0.208429,  2,   711.35628,  27, 2025590912.000000, 12.000000, -1.256849, 0.018106, 0.018618, 0.098318
VTNLHLMLQLVR, Yes, 0.02749, 0.896851, 0.063462, 0.257677,  3,   479.61839,  16, 28658186.000000, 12.000000, 0.244413, 0.010163, 0.005121, 0.049858
MKPWFEVGEENSGWSAQK, Yes, 0.26897, 0.977400, 0.025708, 0.136970,  3,   703.99479,  36, 6499744.500000, 12.000000, 0.908971, 0.046685, 0.166215, 0.371721
LEVGIQAMEHLIHVLQTDR, Yes, 0.31283, 0.991332, 0.015403, 0.158225,  4,   551.29794,  39, 8863611.000000, 12.000000, 0.961601, 0.034648, 0.236569, 0.389086
LLTSLLK, Yes, 0.01308, 0.934777, 0.084829, 0.140766,  2,   394.26801,  5, 105032008.000000, 12.000000, -0.154323, 0.016346, 0.000000, 2.527074


MeanRateConst/CorrCutOff, 0.470659, 0.900000


MedianRateConst/RMSSCutOff, 0.483794, 0.050000
StandDev/NumberPeptides, 0.062812, 4
TotalIonCurrent, 7.21523e+10
