Peptides, PeptideUnique, RateConstants, Correlations, RootMeanRSS, AbsoluteIsotopeError, Charge, m/z(Sequence), NEH, Abundance, NDP, Rsquared,sigma,CI lower band, CI upper band
GPFTDVVTTNLK, No, 0.16286, 0.985902, 0.011206, 0.052712,  2,   646.34827,  11, 309639616.000000, 12.000000, 0.950424, 0.014666, 0.130579, 0.195137
PHSVSLNDTETR, Yes, 2.61025, 0.865861, 0.063436, 0.120332,  2,   678.33113,  23, 7442313.500000, 12.000000, 0.447961, 2.931578, 1.652698, 3.567809
PHSVSLNDTETR, Yes, 0.21011, 0.987782, 0.025077, 0.050340,  3,   452.55651,  23, 25052974.000000, 12.000000, 0.920964, 0.024629, 0.155899, 0.264316
HEQILVLDPPSDLK, Yes, 0.59591, 0.301799, 0.170480, 0.241463,  2,   802.43813,  26, 24304184.000000, 11.000000, -3.553469, 0.725721, 0.000000, 3.877393
VAHSDKPGSTSAVSFR, Yes, 0.36141, 0.966106, 0.033615, 0.190501,  3,   549.28127,  33, 43458052.000000, 12.000000, 0.805411, 0.060375, 0.228531, 0.494299
FMVQTIFAPPNISDMEAVWK, Yes, 0.11761, 0.990202, 0.013239, 0.056634,  3,   775.38664,  34, 42285020.000000, 12.000000, 0.951222, 0.011338, 0.092656, 0.142564
FMVQTIFAPPNISDMEAVWK, Yes, 0.14664, 0.993056, 0.021526, 0.096061,  2,  1162.57632,  34, 49888716.000000, 12.000000, 0.839510, 0.023445, 0.095041, 0.198245
SVSLNDTETR, Yes, 0.10864, 0.996668, 0.022762, 0.009533,  2,   561.27529,  17, 936609280.000000, 12.000000, 0.966303, 0.008613, 0.089686, 0.127599


MeanRateConst/CorrCutOff, 0.133938, 0.900000


MedianRateConst/RMSSCutOff, 0.146643, 0.050000
StandDev/NumberPeptides, 0.012692, 4
TotalIonCurrent, 4.01077e+10
