Peptides, PeptideUnique, RateConstants, Correlations, RootMeanRSS, AbsoluteIsotopeError, Charge, m/z(Sequence), NEH, Abundance, NDP, Rsquared,sigma,CI lower band, CI upper band
LPANHPLLTGQR, Yes, 0.26737, 0.965110, 0.038253, 0.111257,  2,   658.87530,  25, 6824259.500000, 11.000000, 0.852911, 0.048841, 0.158547, 0.376193
YSNSDVIIYVGcGER, Yes, 0.20115, 0.955675, 0.062984, 0.185000,  2,   866.40397,  26, 10166769.000000, 11.000000, 0.437219, 0.063273, 0.060170, 0.342131
LAEMPADSGYPAYLGAR, Yes, 0.25292, 0.969796, 0.055592, 0.207550,  2,   891.42997,  40, 13856913.000000, 11.000000, 0.259152, 0.105760, 0.017277, 0.488571
ADYAQLLEDMQNAFR, Yes, 0.42475, 0.972242, 0.022274, 0.068535,  2,   892.91723,  36, 6203344.000000, 10.000000, 0.748936, 0.105499, 0.186096, 0.663407
ADYAQLLEDMQNAFR, Yes, 0.36262, 0.993906, 0.013154, 0.094127,  3,   595.61391,  36, 5407516.500000, 11.000000, 0.978727, 0.029157, 0.297653, 0.427587
VGSHITGGDIYGIVNENSLIK, Yes, 2.26059, 0.216335, 0.103997, 0.228553,  3,   729.38657,  32, 18369262.000000, 11.000000, -2.133779, 5.805879, 0.000000, 4.885994


MeanRateConst/CorrCutOff, 0.351580, 0.900000


MedianRateConst/RMSSCutOff, 0.362620, 0.050000
StandDev/NumberPeptides, 0.046693, 3
TotalIonCurrent, 2.23818e+09
