Peptides, PeptideUnique, RateConstants, Correlations, RootMeanRSS, AbsoluteIsotopeError, Charge, m/z(Sequence), NEH, Abundance, NDP, Rsquared,sigma,CI lower band, CI upper band
YAPSGFYIASGDISGK, Yes, 0.22726, 0.975579, 0.053718, 0.088319,  2,   816.89884,  30, 68677992.000000, 11.000000, 0.533088, 0.062180, 0.088716, 0.365807
SVADGYSENNVFYGHHAK, Yes, 0.02126, 0.652204, 0.088738, 0.211910,  3,   665.63789,  35, 15630390.000000, 11.000000, 0.062495, 0.014883, 0.000000, 4.264663
LATGSDDNcAAFFEGPPFK, Yes, 0.21404, 0.973407, 0.038495, 0.224734,  2,  1022.45948,  37, 15418427.000000, 9.000000, 0.845260, 0.044329, 0.111823, 0.316267
FGAVFLWDTGSSVGEITGHNK, Yes, 0.12796, 0.971273, 0.041025, 0.144263,  3,   741.36741,  32, 85269544.000000, 11.000000, 0.532501, 0.033886, 0.052455, 0.203458
AHDGGIYAISWSPDSTHLLSASGDK, Yes, 0.15797, 0.996919, 0.007065, 0.092033,  4,   647.06212,  49, 28696098.000000, 11.000000, 0.986604, 0.008529, 0.138970, 0.176976
AHDGGIYAISWSPDSTHLLSASGDK, Yes, 0.11838, 0.976757, 0.017315, 0.313322,  3,   862.41374,  49, 8704291.000000, 7.000000, 0.817119, 0.017207, 0.076279, 0.160485
LHHVSSLAWLDEHTLVTTSHDASVK, Yes, 0.08437, 0.955052, 0.027235, 0.159598,  4,   696.60824,  42, 7765965.500000, 10.000000, 0.827641, 0.018299, 0.042969, 0.125761
cFSIDNPGYEPEVVAVHPGGDTVAVGGTDGNVR, Yes, 0.32931, 0.936470, 0.009741, 0.178410,  3,  1129.19666,  61, 3958748.000000, 5.000000, -1.927102, 0.241437, 0.000000, 4.094505
YTNLTLR, Yes, 0.21608, 0.953442, 0.033605, 0.092390,  2,   440.74798,  7, 149560896.000000, 11.000000, -0.151225, 0.072609, 0.054295, 0.377862
NIDNPAIADIYTEHAHQVVVAK, Yes, 0.13181, 0.936217, 0.078034, 0.215321,  4,   605.31575,  45, 39001056.000000, 11.000000, -1.133990, 0.065051, 0.000000, 3.145488
SIQcLTVHR, Yes, 0.34133, 0.887718, 0.086558, 0.012887,  3,   371.86596,  16, 70520712.000000, 11.000000, -0.970472, 0.159956, 0.000000, 2.188637


MeanRateConst/CorrCutOff, 0.153133, 0.900000


MedianRateConst/RMSSCutOff, 0.157973, 0.050000
StandDev/NumberPeptides, 0.020280, 6
TotalIonCurrent, 1.28296e+10
